  0
SECTION
  2
HEADER
  9
$ACADVER
  1
AC1024
  9
$ACADMAINTVER
 70
     6
  9
$DWGCODEPAGE
  3
ANSI_1252
  9
$INSBASE
 10
0.0
 20
0.0
 30
0.0
  9
$EXTMIN
 10
1.000000000000000E+20
 20
1.000000000000000E+20
 30
1.000000000000000E+20
  9
$EXTMAX
 10
-1.000000000000000E+20
 20
-1.000000000000000E+20
 30
-1.000000000000000E+20
  9
$LIMMIN
 10
0.0
 20
0.0
  9
$LIMMAX
 10
12.0
 20
9.0
  9
$ORTHOMODE
 70
     0
  9
$REGENMODE
 70
     1
  9
$FILLMODE
 70
     1
  9
$QTEXTMODE
 70
     0
  9
$MIRRTEXT
 70
     1
  9
$LTSCALE
 40
1.0
  9
$ATTMODE
 70
     1
  9
$TEXTSIZE
 40
0.2
  9
$TRACEWID
 40
0.05
  9
$TEXTSTYLE
  7
Standard
  9
$CLAYER
  8
0
  9
$CELTYPE
  6
ByLayer
  9
$CECOLOR
 62
   256
  9
$CELTSCALE
 40
1.0
  9
$DISPSILH
 70
     0
  9
$DIMSCALE
 40
1.0
  9
$DIMASZ
 40
0.18
  9
$DIMEXO
 40
0.0625
  9
$DIMDLI
 40
0.38
  9
$DIMRND
 40
0.0
  9
$DIMDLE
 40
0.0
  9
$DIMEXE
 40
0.18
  9
$DIMTP
 40
0.0
  9
$DIMTM
 40
0.0
  9
$DIMTXT
 40
0.18
  9
$DIMCEN
 40
0.09
  9
$DIMTSZ
 40
0.0
  9
$DIMTOL
 70
     0
  9
$DIMLIM
 70
     0
  9
$DIMTIH
 70
     1
  9
$DIMTOH
 70
     1
  9
$DIMSE1
 70
     0
  9
$DIMSE2
 70
     0
  9
$DIMTAD
 70
     0
  9
$DIMZIN
 70
     0
  9
$DIMBLK
  1

  9
$DIMASO
 70
     1
  9
$DIMSHO
 70
     1
  9
$DIMPOST
  1

  9
$DIMAPOST
  1

  9
$DIMALT
 70
     0
  9
$DIMALTD
 70
     2
  9
$DIMALTF
 40
25.4
  9
$DIMLFAC
 40
1.0
  9
$DIMTOFL
 70
     0
  9
$DIMTVP
 40
0.0
  9
$DIMTIX
 70
     0
  9
$DIMSOXD
 70
     0
  9
$DIMSAH
 70
     0
  9
$DIMBLK1
  1

  9
$DIMBLK2
  1

  9
$DIMSTYLE
  2
Standard
  9
$DIMCLRD
 70
     0
  9
$DIMCLRE
 70
     0
  9
$DIMCLRT
 70
     0
  9
$DIMTFAC
 40
1.0
  9
$DIMGAP
 40
0.09
  9
$DIMJUST
 70
     0
  9
$DIMSD1
 70
     0
  9
$DIMSD2
 70
     0
  9
$DIMTOLJ
 70
     1
  9
$DIMTZIN
 70
     0
  9
$DIMALTZ
 70
     0
  9
$DIMALTTZ
 70
     0
  9
$DIMUPT
 70
     0
  9
$DIMDEC
 70
     4
  9
$DIMTDEC
 70
     4
  9
$DIMALTU
 70
     2
  9
$DIMALTTD
 70
     2
  9
$DIMTXSTY
  7
Standard
  9
$DIMAUNIT
 70
     0
  9
$DIMADEC
 70
     0
  9
$DIMALTRND
 40
0.0
  9
$DIMAZIN
 70
     0
  9
$DIMDSEP
 70
    46
  9
$DIMATFIT
 70
     3
  9
$DIMFRAC
 70
     0
  9
$DIMLDRBLK
  1

  9
$DIMLUNIT
 70
     2
  9
$DIMLWD
 70
    -2
  9
$DIMLWE
 70
    -2
  9
$DIMTMOVE
 70
     0
  9
$DIMFXL
 40
1.0
  9
$DIMFXLON
 70
     0
  9
$DIMJOGANG
 40
0.7853981633974483
  9
$DIMTFILL
 70
     0
  9
$DIMTFILLCLR
 70
     0
  9
$DIMARCSYM
 70
     0
  9
$DIMLTYPE
  6

  9
$DIMLTEX1
  6

  9
$DIMLTEX2
  6

  9
$DIMTXTDIRECTION
 70
     0
  9
$LUNITS
 70
     2
  9
$LUPREC
 70
     4
  9
$SKETCHINC
 40
0.1
  9
$FILLETRAD
 40
0.5
  9
$AUNITS
 70
     0
  9
$AUPREC
 70
     0
  9
$MENU
  1
.
  9
$ELEVATION
 40
0.0
  9
$PELEVATION
 40
0.0
  9
$THICKNESS
 40
0.0
  9
$LIMCHECK
 70
     0
  9
$CHAMFERA
 40
0.0
  9
$CHAMFERB
 40
0.0
  9
$CHAMFERC
 40
0.0
  9
$CHAMFERD
 40
0.0
  9
$SKPOLY
 70
     0
  9
$TDCREATE
 40
2461279.638492477
  9
$TDUCREATE
 40
2461279.305159144
  9
$TDUPDATE
 40
2461279.638492685
  9
$TDUUPDATE
 40
2461279.305159352
  9
$TDINDWG
 40
0.0000000116
  9
$TDUSRTIMER
 40
0.0000000116
  9
$USRTIMER
 70
     1
  9
$ANGBASE
 50
0.0
  9
$ANGDIR
 70
     0
  9
$PDMODE
 70
     0
  9
$PDSIZE
 40
0.0
  9
$PLINEWID
 40
0.0
  9
$SPLFRAME
 70
     0
  9
$SPLINETYPE
 70
     6
  9
$SPLINESEGS
 70
     8
  9
$HANDSEED
  5
6A6
  9
$SURFTAB1
 70
     6
  9
$SURFTAB2
 70
     6
  9
$SURFTYPE
 70
     6
  9
$SURFU
 70
     6
  9
$SURFV
 70
     6
  9
$UCSBASE
  2

  9
$UCSNAME
  2

  9
$UCSORG
 10
0.0
 20
0.0
 30
0.0
  9
$UCSXDIR
 10
1.0
 20
0.0
 30
0.0
  9
$UCSYDIR
 10
0.0
 20
1.0
 30
0.0
  9
$UCSORTHOREF
  2

  9
$UCSORTHOVIEW
 70
     0
  9
$UCSORGTOP
 10
0.0
 20
0.0
 30
0.0
  9
$UCSORGBOTTOM
 10
0.0
 20
0.0
 30
0.0
  9
$UCSORGLEFT
 10
0.0
 20
0.0
 30
0.0
  9
$UCSORGRIGHT
 10
0.0
 20
0.0
 30
0.0
  9
$UCSORGFRONT
 10
0.0
 20
0.0
 30
0.0
  9
$UCSORGBACK
 10
0.0
 20
0.0
 30
0.0
  9
$PUCSBASE
  2

  9
$PUCSNAME
  2

  9
$PUCSORG
 10
0.0
 20
0.0
 30
0.0
  9
$PUCSXDIR
 10
1.0
 20
0.0
 30
0.0
  9
$PUCSYDIR
 10
0.0
 20
1.0
 30
0.0
  9
$PUCSORTHOREF
  2

  9
$PUCSORTHOVIEW
 70
     0
  9
$PUCSORGTOP
 10
0.0
 20
0.0
 30
0.0
  9
$PUCSORGBOTTOM
 10
0.0
 20
0.0
 30
0.0
  9
$PUCSORGLEFT
 10
0.0
 20
0.0
 30
0.0
  9
$PUCSORGRIGHT
 10
0.0
 20
0.0
 30
0.0
  9
$PUCSORGFRONT
 10
0.0
 20
0.0
 30
0.0
  9
$PUCSORGBACK
 10
0.0
 20
0.0
 30
0.0
  9
$USERI1
 70
     0
  9
$USERI2
 70
     0
  9
$USERI3
 70
     0
  9
$USERI4
 70
     0
  9
$USERI5
 70
     0
  9
$USERR1
 40
0.0
  9
$USERR2
 40
0.0
  9
$USERR3
 40
0.0
  9
$USERR4
 40
0.0
  9
$USERR5
 40
0.0
  9
$WORLDVIEW
 70
     1
  9
$SHADEDGE
 70
     3
  9
$SHADEDIF
 70
    70
  9
$TILEMODE
 70
     1
  9
$MAXACTVP
 70
    64
  9
$PINSBASE
 10
0.0
 20
0.0
 30
0.0
  9
$PLIMCHECK
 70
     0
  9
$PEXTMIN
 10
1.000000000000000E+20
 20
1.000000000000000E+20
 30
1.000000000000000E+20
  9
$PEXTMAX
 10
-1.000000000000000E+20
 20
-1.000000000000000E+20
 30
-1.000000000000000E+20
  9
$PLIMMIN
 10
0.0
 20
0.0
  9
$PLIMMAX
 10
12.0
 20
9.0
  9
$UNITMODE
 70
     0
  9
$VISRETAIN
 70
     1
  9
$PLINEGEN
 70
     0
  9
$PSLTSCALE
 70
     1
  9
$TREEDEPTH
 70
  3020
  9
$CMLSTYLE
  2
Standard
  9
$CMLJUST
 70
     0
  9
$CMLSCALE
 40
1.0
  9
$PROXYGRAPHICS
 70
     1
  9
$MEASUREMENT
 70
     1
  9
$CELWEIGHT
370
    -1
  9
$ENDCAPS
280
     0
  9
$JOINSTYLE
280
     0
  9
$LWDISPLAY
290
     0
  9
$INSUNITS
 70
     6
  9
$HYPERLINKBASE
  1

  9
$STYLESHEET
  1

  9
$XEDIT
290
     1
  9
$CEPSNTYPE
380
     0
  9
$PSTYLEMODE
290
     1
  9
$FINGERPRINTGUID
  2
{3AF8126D-D372-480C-8F00-951829D4A9A6}
  9
$VERSIONGUID
  2
{FAEB1C32-E019-11D5-929B-00C0DF256EC4}
  9
$EXTNAMES
290
     1
  9
$PSVPSCALE
 40
0.0
  9
$OLESTARTUP
290
     0
  9
$SORTENTS
280
   127
  9
$INDEXCTL
280
     0
  9
$HIDETEXT
280
     1
  9
$XCLIPFRAME
280
     2
  9
$HALOGAP
280
     0
  9
$OBSCOLOR
 70
   257
  9
$OBSLTYPE
280
     0
  9
$INTERSECTIONDISPLAY
280
     0
  9
$INTERSECTIONCOLOR
 70
   257
  9
$DIMASSOC
280
     2
  9
$PROJECTNAME
  1

  9
$CAMERADISPLAY
290
     0
  9
$LENSLENGTH
 40
50.0
  9
$CAMERAHEIGHT
 40
0.0
  9
$STEPSPERSEC
 40
2.0
  9
$STEPSIZE
 40
6.0
  9
$3DDWFPREC
 40
2.0
  9
$PSOLWIDTH
 40
0.25
  9
$PSOLHEIGHT
 40
4.0
  9
$LOFTANG1
 40
1.570796326794897
  9
$LOFTANG2
 40
1.570796326794897
  9
$LOFTMAG1
 40
0.0
  9
$LOFTMAG2
 40
0.0
  9
$LOFTPARAM
 70
     7
  9
$LOFTNORMALS
280
     1
  9
$LATITUDE
 40
37.795
  9
$LONGITUDE
 40
-122.394
  9
$NORTHDIRECTION
 40
0.0
  9
$TIMEZONE
 70
 -8000
  9
$LIGHTGLYPHDISPLAY
280
     1
  9
$TILEMODELIGHTSYNCH
280
     1
  9
$CMATERIAL
347
44
  9
$SOLIDHIST
280
     0
  9
$SHOWHIST
280
     1
  9
$DWFFRAME
280
     2
  9
$DGNFRAME
280
     2
  9
$REALWORLDSCALE
290
     1
  9
$INTERFERECOLOR
 62
   256
  9
$CSHADOW
280
     0
  9
$SHADOWPLANELOCATION
 40
0.0
  0
ENDSEC
  0
SECTION
  2
CLASSES
  0
CLASS
  1
ACDBDICTIONARYWDFLT
  2
AcDbDictionaryWithDefault
  3
ObjectDBX Classes
 90
        0
 91
        3
280
     0
281
     0
  0
CLASS
  1
VISUALSTYLE
  2
AcDbVisualStyle
  3
ObjectDBX Classes
 90
     4095
 91
        3
280
     0
281
     0
  0
CLASS
  1
MATERIAL
  2
AcDbMaterial
  3
ObjectDBX Classes
 90
     1153
 91
        3
280
     0
281
     0
  0
CLASS
  1
SCALE
  2
AcDbScale
  3
ObjectDBX Classes
 90
     1153
 91
        3
280
     0
281
     0
  0
CLASS
  1
TABLESTYLE
  2
AcDbTableStyle
  3
ObjectDBX Classes
 90
     4095
 91
        3
280
     0
281
     0
  0
CLASS
  1
MLEADERSTYLE
  2
AcDbMLeaderStyle
  3
ACDB_MLEADERSTYLE_CLASS
 90
     4095
 91
        3
280
     0
281
     0
  0
CLASS
  1
SUN
  2
AcDbSun
  3
SCENEOE
 90
     1153
 91
        3
280
     0
281
     0
  0
CLASS
  1
DICTIONARYVAR
  2
AcDbDictionaryVar
  3
ObjectDBX Classes
 90
        0
 91
        3
280
     0
281
     0
  0
CLASS
  1
CELLSTYLEMAP
  2
AcDbCellStyleMap
  3
ObjectDBX Classes
 90
     1152
 91
        3
280
     0
281
     0
  0
ENDSEC
  0
SECTION
  2
TABLES
  0
TABLE
  2
VPORT
  5
8
330
0
100
AcDbSymbolTable
 70
     1
  0
VPORT
  5
29
330
8
100
AcDbSymbolTableRecord
100
AcDbViewportTableRecord
  2
*Active
 70
     0
 10
0.0
 20
0.0
 11
1.0
 21
1.0
 12
10.42990654205607
 22
4.5
 13
0.0
 23
0.0
 14
0.5
 24
0.5
 15
0.5
 25
0.5
 16
0.0
 26
0.0
 36
1.0
 17
0.0
 27
0.0
 37
0.0
 40
9.0
 41
1.972972972850329
 42
50.0
 43
0.0
 44
0.0
 50
0.0
 51
0.0
 71
     0
 72
   100
 73
     1
 74
     3
 75
     0
 76
     0
 77
     0
 78
     0
281
     0
 65
     1
110
0.0
120
0.0
130
0.0
111
1.0
121
0.0
131
0.0
112
0.0
122
1.0
132
0.0
 79
     0
146
0.0
348
2F
 60
     3
 61
     5
292
     1
282
     1
141
0.0
142
0.0
 63
   250
361
6D
  0
ENDTAB
  0
TABLE
  2
LTYPE
  5
5
330
0
100
AcDbSymbolTable
 70
     1
  0
LTYPE
  5
14
330
5
100
AcDbSymbolTableRecord
100
AcDbLinetypeTableRecord
  2
ByBlock
 70
     0
  3

 72
    65
 73
     0
 40
0.0
  0
LTYPE
  5
15
330
5
100
AcDbSymbolTableRecord
100
AcDbLinetypeTableRecord
  2
ByLayer
 70
     0
  3

 72
    65
 73
     0
 40
0.0
  0
LTYPE
  5
16
330
5
100
AcDbSymbolTableRecord
100
AcDbLinetypeTableRecord
  2
Continuous
 70
     0
  3
Solid line
 72
    65
 73
     0
 40
0.0
  0
ENDTAB
  0
TABLE
  2
LAYER
  5
2
330
0
100
AcDbSymbolTable
 70
     4
  0
LAYER
  5
10
330
2
100
AcDbSymbolTableRecord
100
AcDbLayerTableRecord
  2
0
 70
     0
 62
     7
  6
Continuous
370
    -3
390
F
347
46
  0
LAYER
  5
6E
330
2
100
AcDbSymbolTableRecord
100
AcDbLayerTableRecord
  2
Copper_Traces
 70
     0
 62
    10
  6
Continuous
370
    -3
390
F
347
46
  0
LAYER
  5
5B1
330
2
100
AcDbSymbolTableRecord
100
AcDbLayerTableRecord
  2
Layer_1
 70
     0
 62
    30
  6
Continuous
370
    -3
390
F
347
46
  0
LAYER
  5
5FA
330
2
100
AcDbSymbolTableRecord
100
AcDbLayerTableRecord
  2
Layer_2
 70
     0
 62
    50
  6
Continuous
370
    -3
390
F
347
46
  0
ENDTAB
  0
TABLE
  2
STYLE
  5
3
330
0
100
AcDbSymbolTable
 70
     1
  0
STYLE
  5
11
330
3
100
AcDbSymbolTableRecord
100
AcDbTextStyleTableRecord
  2
Standard
 70
     0
 40
0.0
 41
1.0
 50
0.0
 71
     0
 42
0.2
  3
txt
  4

  0
ENDTAB
  0
TABLE
  2
VIEW
  5
6
330
0
100
AcDbSymbolTable
 70
     0
  0
ENDTAB
  0
TABLE
  2
UCS
  5
7
330
0
100
AcDbSymbolTable
 70
     0
  0
ENDTAB
  0
TABLE
  2
APPID
  5
9
330
0
100
AcDbSymbolTable
 70
     1
  0
APPID
  5
12
330
9
100
AcDbSymbolTableRecord
100
AcDbRegAppTableRecord
  2
ACAD
 70
     0
  0
ENDTAB
  0
TABLE
  2
DIMSTYLE
  5
A
330
0
100
AcDbSymbolTable
 70
     1
100
AcDbDimStyleTable
  0
DIMSTYLE
105
27
330
A
100
AcDbSymbolTableRecord
100
AcDbDimStyleTableRecord
  2
Standard
 70
     0
178
     0
340
11
  0
ENDTAB
  0
TABLE
  2
BLOCK_RECORD
  5
1
330
0
100
AcDbSymbolTable
 70
     1
  0
BLOCK_RECORD
  5
1F
330
1
100
AcDbSymbolTableRecord
100
AcDbBlockTableRecord
  2
*Model_Space
340
22
 70
     0
280
     1
281
     0
  0
BLOCK_RECORD
  5
1B
330
1
100
AcDbSymbolTableRecord
100
AcDbBlockTableRecord
  2
*Paper_Space
340
1E
 70
     0
280
     1
281
     0
  0
BLOCK_RECORD
  5
23
330
1
100
AcDbSymbolTableRecord
100
AcDbBlockTableRecord
  2
*Paper_Space0
340
26
 70
     0
280
     1
281
     0
  0
ENDTAB
  0
ENDSEC
  0
SECTION
  2
BLOCKS
  0
BLOCK
  5
20
330
1F
100
AcDbEntity
  8
0
100
AcDbBlockBegin
  2
*Model_Space
 70
     0
 10
0.0
 20
0.0
 30
0.0
  3
*Model_Space
  1

  0
ENDBLK
  5
21
330
1F
100
AcDbEntity
  8
0
100
AcDbBlockEnd
  0
BLOCK
  5
1C
330
1B
100
AcDbEntity
 67
     1
  8
0
100
AcDbBlockBegin
  2
*Paper_Space
 70
     0
 10
0.0
 20
0.0
 30
0.0
  3
*Paper_Space
  1

  0
ENDBLK
  5
1D
330
1B
100
AcDbEntity
 67
     1
  8
0
100
AcDbBlockEnd
  0
BLOCK
  5
24
330
23
100
AcDbEntity
  8
0
100
AcDbBlockBegin
  2
*Paper_Space0
 70
     0
 10
0.0
 20
0.0
 30
0.0
  3
*Paper_Space0
  1

  0
ENDBLK
  5
25
330
23
100
AcDbEntity
  8
0
100
AcDbBlockEnd
  0
ENDSEC
  0
SECTION
  2
ENTITIES
  0
POLYLINE
  5
6F
330
1F
100
AcDbEntity
  8
Copper_Traces
100
AcDb2dPolyline
 66
     1
 10
0.0
 20
0.0
 30
0.0
 70
     1
  0
VERTEX
  5
70
330
6F
100
AcDbEntity
  8
0
100
AcDbVertex
100
AcDb2dVertex
 10
-20.4285
 20
18.49748748904925
 30
0.0
  0
VERTEX
  5
71
330
6F
100
AcDbEntity
  8
0
100
AcDbVertex
100
AcDb2dVertex
 10
-20.4285
 20
17.98948748904926
 30
0.0
  0
VERTEX
  5
72
330
6F
100
AcDbEntity
  8
0
100
AcDbVertex
100
AcDb2dVertex
 10
-19.4125
 20
17.98948748904926
 30
0.0
  0
VERTEX
  5
73
330
6F
100
AcDbEntity
  8
0
100
AcDbVertex
100
AcDb2dVertex
 10
-19.4125
 20
19.64048748904926
 30
0.0
  0
VERTEX
  5
74
330
6F
100
AcDbEntity
  8
0
100
AcDbVertex
100
AcDb2dVertex
 10
-22.40905780389054
 20
19.64048748904926
 30
0.0
  0
VERTEX
  5
75
330
6F
100
AcDbEntity
  8
0
100
AcDbVertex
100
AcDb2dVertex
 10
-22.40905780389053
 20
22.43448748904926
 30
0.0
  0
VERTEX
  5
76
330
6F
100
AcDbEntity
  8
0
100
AcDbVertex
100
AcDb2dVertex
 10
-22.31713234722521
 20
22.49593915672965
 30
0.0
  0
VERTEX
  5
77
330
6F
100
AcDbEntity
  8
0
100
AcDbVertex
100
AcDb2dVertex
 10
-22.22304494601594
 20
22.56056167504036
 30
0.0
  0
VERTEX
  5
78
330
6F
100
AcDbEntity
  8
0
100
AcDbVertex
100
AcDb2dVertex
 10
-22.12668380502472
 20
22.62843316738159
 30
0.0
  0
VERTEX
  5
79
330
6F
100
AcDbEntity
  8
0
100
AcDbVertex
100
AcDb2dVertex
 10
-22.06808254150055
 20
22.67049356411849
 30
0.0
  0
VERTEX
  5
7A
330
6F
100
AcDbEntity
  8
0
100
AcDbVertex
100
AcDb2dVertex
 10
-22.07941124814455
 20
22.67491032403171
 30
0.0
  0
VERTEX
  5
7B
330
6F
100
AcDbEntity
  8
0
100
AcDbVertex
100
AcDb2dVertex
 10
-22.13796324550078
 20
22.69751317952093
 30
0.0
  0
VERTEX
  5
7C
330
6F
100
AcDbEntity
  8
0
100
AcDbVertex
100
AcDb2dVertex
 10
-22.2260004057021
 20
22.73076122871483
 30
0.0
  0
VERTEX
  5
7D
330
6F
100
AcDbEntity
  8
0
100
AcDbVertex
100
AcDb2dVertex
 10
-22.31223986222059
 20
22.76242320245029
 30
0.0
  0
VERTEX
  5
7E
330
6F
100
AcDbEntity
  8
0
100
AcDbVertex
100
AcDb2dVertex
 10
-22.31223986222059
 20
22.90907017082446
 30
0.0
  0
VERTEX
  5
7F
330
6F
100
AcDbEntity
  8
0
100
AcDbVertex
100
AcDb2dVertex
 10
-22.1638522308186
 20
22.97273616536014
 30
0.0
  0
VERTEX
  5
80
330
6F
100
AcDbEntity
  8
0
100
AcDbVertex
100
AcDb2dVertex
 10
-22.08396357583751
 20
23.00782734704249
 30
0.0
  0
VERTEX
  5
81
330
6F
100
AcDbEntity
  8
0
100
AcDbVertex
100
AcDb2dVertex
 10
-21.9327020375993
 20
23.0756839266362
 30
0.0
  0
VERTEX
  5
82
330
6F
100
AcDbEntity
  8
0
100
AcDbVertex
100
AcDb2dVertex
 10
-21.78205635544317
 20
23.14493192037212
 30
0.0
  0
VERTEX
  5
83
330
6F
100
AcDbEntity
  8
0
100
AcDbVertex
100
AcDb2dVertex
 10
-21.78205635544317
 20
23.26023342822166
 30
0.0
  0
VERTEX
  5
84
330
6F
100
AcDbEntity
  8
0
100
AcDbVertex
100
AcDb2dVertex
 10
-21.9303700103995
 20
23.32128422813723
 30
0.0
  0
VERTEX
  5
85
330
6F
100
AcDbEntity
  8
0
100
AcDbVertex
100
AcDb2dVertex
 10
-22.07941124814456
 20
23.38046587958728
 30
0.0
  0
VERTEX
  5
86
330
6F
100
AcDbEntity
  8
0
100
AcDbVertex
100
AcDb2dVertex
 10
-22.18493691585696
 20
23.42092171224994
 30
0.0
  0
VERTEX
  5
87
330
6F
100
AcDbEntity
  8
0
100
AcDbVertex
100
AcDb2dVertex
 10
-22.31223986222059
 20
23.46797875800585
 30
0.0
  0
VERTEX
  5
88
330
6F
100
AcDbEntity
  8
0
100
AcDbVertex
100
AcDb2dVertex
 10
-22.3122398622206
 20
23.61462572638002
 30
0.0
  0
VERTEX
  5
89
330
6F
100
AcDbEntity
  8
0
100
AcDbVertex
100
AcDb2dVertex
 10
-22.1638522308186
 20
23.67829172091571
 30
0.0
  0
VERTEX
  5
8A
330
6F
100
AcDbEntity
  8
0
100
AcDbVertex
100
AcDb2dVertex
 10
-22.08396357583751
 20
23.71338290259805
 30
0.0
  0
VERTEX
  5
8B
330
6F
100
AcDbEntity
  8
0
100
AcDbVertex
100
AcDb2dVertex
 10
-21.93270203759931
 20
23.78123948219176
 30
0.0
  0
VERTEX
  5
8C
330
6F
100
AcDbEntity
  8
0
100
AcDbVertex
100
AcDb2dVertex
 10
-21.78205635544317
 20
23.85048747592768
 30
0.0
  0
VERTEX
  5
8D
330
6F
100
AcDbEntity
  8
0
100
AcDbVertex
100
AcDb2dVertex
 10
-21.78205635544316
 20
23.96578898377723
 30
0.0
  0
VERTEX
  5
8E
330
6F
100
AcDbEntity
  8
0
100
AcDbVertex
100
AcDb2dVertex
 10
-21.93037001039949
 20
24.02683978369279
 30
0.0
  0
VERTEX
  5
8F
330
6F
100
AcDbEntity
  8
0
100
AcDbVertex
100
AcDb2dVertex
 10
-22.07941124814456
 20
24.08602143514284
 30
0.0
  0
VERTEX
  5
90
330
6F
100
AcDbEntity
  8
0
100
AcDbVertex
100
AcDb2dVertex
 10
-22.18493691585684
 20
24.12647726780545
 30
0.0
  0
VERTEX
  5
91
330
6F
100
AcDbEntity
  8
0
100
AcDbVertex
100
AcDb2dVertex
 10
-22.31223986222059
 20
24.1735343135614
 30
0.0
  0
VERTEX
  5
92
330
6F
100
AcDbEntity
  8
0
100
AcDbVertex
100
AcDb2dVertex
 10
-22.31223986222059
 20
24.32018128193559
 30
0.0
  0
VERTEX
  5
93
330
6F
100
AcDbEntity
  8
0
100
AcDbVertex
100
AcDb2dVertex
 10
-22.16385223081829
 20
24.3838472764714
 30
0.0
  0
VERTEX
  5
94
330
6F
100
AcDbEntity
  8
0
100
AcDbVertex
100
AcDb2dVertex
 10
-22.0839635758375
 20
24.41893845815361
 30
0.0
  0
VERTEX
  5
95
330
6F
100
AcDbEntity
  8
0
100
AcDbVertex
100
AcDb2dVertex
 10
-21.93270203759931
 20
24.48679503774732
 30
0.0
  0
VERTEX
  5
96
330
6F
100
AcDbEntity
  8
0
100
AcDbVertex
100
AcDb2dVertex
 10
-21.78205635544317
 20
24.55604303148324
 30
0.0
  0
VERTEX
  5
97
330
6F
100
AcDbEntity
  8
0
100
AcDbVertex
100
AcDb2dVertex
 10
-21.78205635544316
 20
24.67134453933279
 30
0.0
  0
VERTEX
  5
98
330
6F
100
AcDbEntity
  8
0
100
AcDbVertex
100
AcDb2dVertex
 10
-21.93037001039949
 20
24.73239533924836
 30
0.0
  0
VERTEX
  5
99
330
6F
100
AcDbEntity
  8
0
100
AcDbVertex
100
AcDb2dVertex
 10
-22.07941124814455
 20
24.7915769906984
 30
0.0
  0
VERTEX
  5
9A
330
6F
100
AcDbEntity
  8
0
100
AcDbVertex
100
AcDb2dVertex
 10
-22.18493691585714
 20
24.83203282336113
 30
0.0
  0
VERTEX
  5
9B
330
6F
100
AcDbEntity
  8
0
100
AcDbVertex
100
AcDb2dVertex
 10
-22.31223986222059
 20
24.87908986911698
 30
0.0
  0
VERTEX
  5
9C
330
6F
100
AcDbEntity
  8
0
100
AcDbVertex
100
AcDb2dVertex
 10
-22.31223986222058
 20
25.02573683749115
 30
0.0
  0
VERTEX
  5
9D
330
6F
100
AcDbEntity
  8
0
100
AcDbVertex
100
AcDb2dVertex
 10
-22.1638522308185
 20
25.08940283202687
 30
0.0
  0
VERTEX
  5
9E
330
6F
100
AcDbEntity
  8
0
100
AcDbVertex
100
AcDb2dVertex
 10
-22.08396357583749
 20
25.12449401370918
 30
0.0
  0
VERTEX
  5
9F
330
6F
100
AcDbEntity
  8
0
100
AcDbVertex
100
AcDb2dVertex
 10
-21.9327020375993
 20
25.19235059330289
 30
0.0
  0
VERTEX
  5
A0
330
6F
100
AcDbEntity
  8
0
100
AcDbVertex
100
AcDb2dVertex
 10
-21.78205635544317
 20
25.2615985870388
 30
0.0
  0
VERTEX
  5
A1
330
6F
100
AcDbEntity
  8
0
100
AcDbVertex
100
AcDb2dVertex
 10
-21.78205635544315
 20
25.37690009488835
 30
0.0
  0
VERTEX
  5
A2
330
6F
100
AcDbEntity
  8
0
100
AcDbVertex
100
AcDb2dVertex
 10
-21.93037001039949
 20
25.43795089480391
 30
0.0
  0
VERTEX
  5
A3
330
6F
100
AcDbEntity
  8
0
100
AcDbVertex
100
AcDb2dVertex
 10
-22.07941124814454
 20
25.49713254625395
 30
0.0
  0
VERTEX
  5
A4
330
6F
100
AcDbEntity
  8
0
100
AcDbVertex
100
AcDb2dVertex
 10
-22.18493691585707
 20
25.53758837891667
 30
0.0
  0
VERTEX
  5
A5
330
6F
100
AcDbEntity
  8
0
100
AcDbVertex
100
AcDb2dVertex
 10
-22.31223986222059
 20
25.58464542467253
 30
0.0
  0
VERTEX
  5
A6
330
6F
100
AcDbEntity
  8
0
100
AcDbVertex
100
AcDb2dVertex
 10
-22.31223986222058
 20
25.7312923930467
 30
0.0
  0
VERTEX
  5
A7
330
6F
100
AcDbEntity
  8
0
100
AcDbVertex
100
AcDb2dVertex
 10
-22.16385223081854
 20
25.79495838758242
 30
0.0
  0
VERTEX
  5
A8
330
6F
100
AcDbEntity
  8
0
100
AcDbVertex
100
AcDb2dVertex
 10
-22.08396357583749
 20
25.83004956926474
 30
0.0
  0
VERTEX
  5
A9
330
6F
100
AcDbEntity
  8
0
100
AcDbVertex
100
AcDb2dVertex
 10
-21.93270203759931
 20
25.89790614885845
 30
0.0
  0
VERTEX
  5
AA
330
6F
100
AcDbEntity
  8
0
100
AcDbVertex
100
AcDb2dVertex
 10
-21.78205635544317
 20
25.96715414259437
 30
0.0
  0
VERTEX
  5
AB
330
6F
100
AcDbEntity
  8
0
100
AcDbVertex
100
AcDb2dVertex
 10
-21.78205635544315
 20
26.0824556504439
 30
0.0
  0
VERTEX
  5
AC
330
6F
100
AcDbEntity
  8
0
100
AcDbVertex
100
AcDb2dVertex
 10
-21.93037001039947
 20
26.14350645035948
 30
0.0
  0
VERTEX
  5
AD
330
6F
100
AcDbEntity
  8
0
100
AcDbVertex
100
AcDb2dVertex
 10
-22.07941124814453
 20
26.20268810180951
 30
0.0
  0
VERTEX
  5
AE
330
6F
100
AcDbEntity
  8
0
100
AcDbVertex
100
AcDb2dVertex
 10
-22.18493691585718
 20
26.24314393447227
 30
0.0
  0
VERTEX
  5
AF
330
6F
100
AcDbEntity
  8
0
100
AcDbVertex
100
AcDb2dVertex
 10
-22.31223986222059
 20
26.2902009802281
 30
0.0
  0
VERTEX
  5
B0
330
6F
100
AcDbEntity
  8
0
100
AcDbVertex
100
AcDb2dVertex
 10
-22.31223986222058
 20
26.43684794860226
 30
0.0
  0
VERTEX
  5
B1
330
6F
100
AcDbEntity
  8
0
100
AcDbVertex
100
AcDb2dVertex
 10
-22.21651650547799
 20
26.47768513574668
 30
0.0
  0
VERTEX
  5
B2
330
6F
100
AcDbEntity
  8
0
100
AcDbVertex
100
AcDb2dVertex
 10
-22.11833449491873
 20
26.52044125855556
 30
0.0
  0
VERTEX
  5
B3
330
6F
100
AcDbEntity
  8
0
100
AcDbVertex
100
AcDb2dVertex
 10
-22.09056443049336
 20
26.5326854812168
 30
0.0
  0
VERTEX
  5
B4
330
6F
100
AcDbEntity
  8
0
100
AcDbVertex
100
AcDb2dVertex
 10
-22.17742541824076
 20
26.59448693055289
 30
0.0
  0
VERTEX
  5
B5
330
6F
100
AcDbEntity
  8
0
100
AcDbVertex
100
AcDb2dVertex
 10
-22.26365594837878
 20
26.65451286201537
 30
0.0
  0
VERTEX
  5
B6
330
6F
100
AcDbEntity
  8
0
100
AcDbVertex
100
AcDb2dVertex
 10
-22.34928389891791
 20
26.71272439282045
 30
0.0
  0
VERTEX
  5
B7
330
6F
100
AcDbEntity
  8
0
100
AcDbVertex
100
AcDb2dVertex
 10
-22.40905780389054
 20
26.75248748904926
 30
0.0
  0
VERTEX
  5
B8
330
6F
100
AcDbEntity
  8
0
100
AcDbVertex
100
AcDb2dVertex
 10
-22.40905780389051
 20
27.51448748904926
 30
0.0
  0
VERTEX
  5
B9
330
6F
100
AcDbEntity
  8
0
100
AcDbVertex
100
AcDb2dVertex
 10
-22.82869321771559
 20
27.51448748904926
 30
0.0
  0
VERTEX
  5
BA
330
6F
100
AcDbEntity
  8
0
100
AcDbVertex
100
AcDb2dVertex
 10
-22.86745503894473
 20
27.49317330586778
 30
0.0
  0
VERTEX
  5
BB
330
6F
100
AcDbEntity
  8
0
100
AcDbVertex
100
AcDb2dVertex
 10
-22.91941884467176
 20
27.4652923053584
 30
0.0
  0
VERTEX
  5
BC
330
6F
100
AcDbEntity
  8
0
100
AcDbVertex
100
AcDb2dVertex
 10
-22.9707890836494
 20
27.4385349413995
 30
0.0
  0
VERTEX
  5
BD
330
6F
100
AcDbEntity
  8
0
100
AcDbVertex
100
AcDb2dVertex
 10
-23.02159228023002
 20
27.41288748904926
 30
0.0
  0
VERTEX
  5
BE
330
6F
100
AcDbEntity
  8
0
100
AcDbVertex
100
AcDb2dVertex
 10
-23.02159228023003
 20
25.63488748904926
 30
0.0
  0
VERTEX
  5
BF
330
6F
100
AcDbEntity
  8
0
100
AcDbVertex
100
AcDb2dVertex
 10
-23.02159526077688
 20
25.63449966606903
 30
0.0
  0
VERTEX
  5
C0
330
6F
100
AcDbEntity
  8
0
100
AcDbVertex
100
AcDb2dVertex
 10
-23.0217205937006
 20
25.63234370807245
 30
0.0
  0
VERTEX
  5
C1
330
6F
100
AcDbEntity
  8
0
100
AcDbVertex
100
AcDb2dVertex
 10
-23.02226235670102
 20
25.62908263564259
 30
0.0
  0
VERTEX
  5
C2
330
6F
100
AcDbEntity
  8
0
100
AcDbVertex
100
AcDb2dVertex
 10
-23.02321803739066
 20
25.62586825594655
 30
0.0
  0
VERTEX
  5
C3
330
6F
100
AcDbEntity
  8
0
100
AcDbVertex
100
AcDb2dVertex
 10
-23.02366627132836
 20
25.62471250347917
 30
0.0
  0
VERTEX
  5
C4
330
6F
100
AcDbEntity
  8
0
100
AcDbVertex
100
AcDb2dVertex
 10
-23.02522838375157
 20
25.62147038235586
 30
0.0
  0
VERTEX
  5
C5
330
6F
100
AcDbEntity
  8
0
100
AcDbVertex
100
AcDb2dVertex
 10
-23.02717006537053
 20
25.61835526855811
 30
0.0
  0
VERTEX
  5
C6
330
6F
100
AcDbEntity
  8
0
100
AcDbVertex
100
AcDb2dVertex
 10
-23.02947028113904
 20
25.61536070182036
 30
0.0
  0
VERTEX
  5
C7
330
6F
100
AcDbEntity
  8
0
100
AcDbVertex
100
AcDb2dVertex
 10
-23.03145448007584
 20
25.61315651093009
 30
0.0
  0
VERTEX
  5
C8
330
6F
100
AcDbEntity
  8
0
100
AcDbVertex
100
AcDb2dVertex
 10
-23.03472959478785
 20
25.61003006631757
 30
0.0
  0
VERTEX
  5
C9
330
6F
100
AcDbEntity
  8
0
100
AcDbVertex
100
AcDb2dVertex
 10
-23.03834904107232
 20
25.60709449993569
 30
0.0
  0
VERTEX
  5
CA
330
6F
100
AcDbEntity
  8
0
100
AcDbVertex
100
AcDb2dVertex
 10
-23.04011327683834
 20
25.60581241192354
 30
0.0
  0
VERTEX
  5
CB
330
6F
100
AcDbEntity
  8
0
100
AcDbVertex
100
AcDb2dVertex
 10
-23.04475879051989
 20
25.60279727838394
 30
0.0
  0
VERTEX
  5
CC
330
6F
100
AcDbEntity
  8
0
100
AcDbVertex
100
AcDb2dVertex
 10
-23.04971600737738
 20
25.60003674652838
 30
0.0
  0
VERTEX
  5
CD
330
6F
100
AcDbEntity
  8
0
100
AcDbVertex
100
AcDb2dVertex
 10
-23.05496482720282
 20
25.59751295995252
 30
0.0
  0
VERTEX
  5
CE
330
6F
100
AcDbEntity
  8
0
100
AcDbVertex
100
AcDb2dVertex
 10
-23.06048931637294
 20
25.59521393252369
 30
0.0
  0
VERTEX
  5
CF
330
6F
100
AcDbEntity
  8
0
100
AcDbVertex
100
AcDb2dVertex
 10
-23.06627655336758
 20
25.5931318452057
 30
0.0
  0
VERTEX
  5
D0
330
6F
100
AcDbEntity
  8
0
100
AcDbVertex
100
AcDb2dVertex
 10
-23.07258540898536
 20
25.59118509572335
 30
0.0
  0
VERTEX
  5
D1
330
6F
100
AcDbEntity
  8
0
100
AcDbVertex
100
AcDb2dVertex
 10
-23.08033337242658
 20
25.58919051231958
 30
0.0
  0
VERTEX
  5
D2
330
6F
100
AcDbEntity
  8
0
100
AcDbVertex
100
AcDb2dVertex
 10
-23.08831639300136
 20
25.58753352003788
 30
0.0
  0
VERTEX
  5
D3
330
6F
100
AcDbEntity
  8
0
100
AcDbVertex
100
AcDb2dVertex
 10
-23.09651874699759
 20
25.58620384293781
 30
0.0
  0
VERTEX
  5
D4
330
6F
100
AcDbEntity
  8
0
100
AcDbVertex
100
AcDb2dVertex
 10
-23.09904282210883
 20
25.58586495295916
 30
0.0
  0
VERTEX
  5
D5
330
6F
100
AcDbEntity
  8
0
100
AcDbVertex
100
AcDb2dVertex
 10
-23.10846293041953
 20
25.58487304609704
 30
0.0
  0
VERTEX
  5
D6
330
6F
100
AcDbEntity
  8
0
100
AcDbVertex
100
AcDb2dVertex
 10
-23.11799590843926
 20
25.58428330129249
 30
0.0
  0
VERTEX
  5
D7
330
6F
100
AcDbEntity
  8
0
100
AcDbVertex
100
AcDb2dVertex
 10
-23.12762471099182
 20
25.58408748904926
 30
0.0
  0
VERTEX
  5
D8
330
6F
100
AcDbEntity
  8
0
100
AcDbVertex
100
AcDb2dVertex
 10
-25.22237528900819
 20
25.58408748904926
 30
0.0
  0
VERTEX
  5
D9
330
6F
100
AcDbEntity
  8
0
100
AcDbVertex
100
AcDb2dVertex
 10
-25.23240483480029
 20
25.58430003818034
 30
0.0
  0
VERTEX
  5
DA
330
6F
100
AcDbEntity
  8
0
100
AcDbVertex
100
AcDb2dVertex
 10
-25.24238396749305
 20
25.58494517033166
 30
0.0
  0
VERTEX
  5
DB
330
6F
100
AcDbEntity
  8
0
100
AcDbVertex
100
AcDb2dVertex
 10
-25.25215620251671
 20
25.58602195561802
 30
0.0
  0
VERTEX
  5
DC
330
6F
100
AcDbEntity
  8
0
100
AcDbVertex
100
AcDb2dVertex
 10
-25.26167497272331
 20
25.58753192880345
 30
0.0
  0
VERTEX
  5
DD
330
6F
100
AcDbEntity
  8
0
100
AcDbVertex
100
AcDb2dVertex
 10
-25.26282749519953
 20
25.5877480441392
 30
0.0
  0
VERTEX
  5
DE
330
6F
100
AcDbEntity
  8
0
100
AcDbVertex
100
AcDb2dVertex
 10
-25.27136988708761
 20
25.5895945327292
 30
0.0
  0
VERTEX
  5
DF
330
6F
100
AcDbEntity
  8
0
100
AcDbVertex
100
AcDb2dVertex
 10
-25.27948566588233
 20
25.59178999934629
 30
0.0
  0
VERTEX
  5
E0
330
6F
100
AcDbEntity
  8
0
100
AcDbVertex
100
AcDb2dVertex
 10
-25.28714818874676
 20
25.59432676641415
 30
0.0
  0
VERTEX
  5
E1
330
6F
100
AcDbEntity
  8
0
100
AcDbVertex
100
AcDb2dVertex
 10
-25.29433163731854
 20
25.59720129820469
 30
0.0
  0
VERTEX
  5
E2
330
6F
100
AcDbEntity
  8
0
100
AcDbVertex
100
AcDb2dVertex
 10
-25.30036206746634
 20
25.60007715582269
 30
0.0
  0
VERTEX
  5
E3
330
6F
100
AcDbEntity
  8
0
100
AcDbVertex
100
AcDb2dVertex
 10
-25.30421833079593
 20
25.60219309942345
 30
0.0
  0
VERTEX
  5
E4
330
6F
100
AcDbEntity
  8
0
100
AcDbVertex
100
AcDb2dVertex
 10
-25.3092195450039
 20
25.6053490507183
 30
0.0
  0
VERTEX
  5
E5
330
6F
100
AcDbEntity
  8
0
100
AcDbVertex
100
AcDb2dVertex
 10
-25.31370010898951
 20
25.60870025999418
 30
0.0
  0
VERTEX
  5
E6
330
6F
100
AcDbEntity
  8
0
100
AcDbVertex
100
AcDb2dVertex
 10
-25.31765496264774
 20
25.61225147243488
 30
0.0
  0
VERTEX
  5
E7
330
6F
100
AcDbEntity
  8
0
100
AcDbVertex
100
AcDb2dVertex
 10
-25.32070782891485
 20
25.61557344103711
 30
0.0
  0
VERTEX
  5
E8
330
6F
100
AcDbEntity
  8
0
100
AcDbVertex
100
AcDb2dVertex
 10
-25.32325067252961
 20
25.61897317767767
 30
0.0
  0
VERTEX
  5
E9
330
6F
100
AcDbEntity
  8
0
100
AcDbVertex
100
AcDb2dVertex
 10
-25.32530951101151
 20
25.62248486419525
 30
0.0
  0
VERTEX
  5
EA
330
6F
100
AcDbEntity
  8
0
100
AcDbVertex
100
AcDb2dVertex
 10
-25.32647290253569
 20
25.62505622812659
 30
0.0
  0
VERTEX
  5
EB
330
6F
100
AcDbEntity
  8
0
100
AcDbVertex
100
AcDb2dVertex
 10
-25.32757311046242
 20
25.62841183274358
 30
0.0
  0
VERTEX
  5
EC
330
6F
100
AcDbEntity
  8
0
100
AcDbVertex
100
AcDb2dVertex
 10
-25.32822171027426
 20
25.63182520206807
 30
0.0
  0
VERTEX
  5
ED
330
6F
100
AcDbEntity
  8
0
100
AcDbVertex
100
AcDb2dVertex
 10
-25.32840771977049
 20
25.63488748904913
 30
0.0
  0
VERTEX
  5
EE
330
6F
100
AcDbEntity
  8
0
100
AcDbVertex
100
AcDb2dVertex
 10
-25.32840771976999
 20
27.41288748904926
 30
0.0
  0
VERTEX
  5
EF
330
6F
100
AcDbEntity
  8
0
100
AcDbVertex
100
AcDb2dVertex
 10
-25.37178074466898
 20
27.43473267659094
 30
0.0
  0
VERTEX
  5
F0
330
6F
100
AcDbEntity
  8
0
100
AcDbVertex
100
AcDb2dVertex
 10
-25.42147372180604
 20
27.46048931349497
 30
0.0
  0
VERTEX
  5
F1
330
6F
100
AcDbEntity
  8
0
100
AcDbVertex
100
AcDb2dVertex
 10
-25.4713130242653
 20
27.48707887418831
 30
0.0
  0
VERTEX
  5
F2
330
6F
100
AcDbEntity
  8
0
100
AcDbVertex
100
AcDb2dVertex
 10
-25.52130678228441
 20
27.51448748904926
 30
0.0
  0
VERTEX
  5
F3
330
6F
100
AcDbEntity
  8
0
100
AcDbVertex
100
AcDb2dVertex
 10
-25.94094219610949
 20
27.51448748904926
 30
0.0
  0
VERTEX
  5
F4
330
6F
100
AcDbEntity
  8
0
100
AcDbVertex
100
AcDb2dVertex
 10
-25.94094219610947
 20
26.75248748904926
 30
0.0
  0
VERTEX
  5
F5
330
6F
100
AcDbEntity
  8
0
100
AcDbVertex
100
AcDb2dVertex
 10
-26.05236263630396
 20
26.67778542722347
 30
0.0
  0
VERTEX
  5
F6
330
6F
100
AcDbEntity
  8
0
100
AcDbVertex
100
AcDb2dVertex
 10
-26.16698296539789
 20
26.59842031716739
 30
0.0
  0
VERTEX
  5
F7
330
6F
100
AcDbEntity
  8
0
100
AcDbVertex
100
AcDb2dVertex
 10
-26.28500242660639
 20
26.51425149073044
 30
0.0
  0
VERTEX
  5
F8
330
6F
100
AcDbEntity
  8
0
100
AcDbVertex
100
AcDb2dVertex
 10
-26.41914464749094
 20
26.41582785384953
 30
0.0
  0
VERTEX
  5
F9
330
6F
100
AcDbEntity
  8
0
100
AcDbVertex
100
AcDb2dVertex
 10
-26.33762533295234
 20
26.38317750948419
 30
0.0
  0
VERTEX
  5
FA
330
6F
100
AcDbEntity
  8
0
100
AcDbVertex
100
AcDb2dVertex
 10
-26.22492808908223
 20
26.33918321369769
 30
0.0
  0
VERTEX
  5
FB
330
6F
100
AcDbEntity
  8
0
100
AcDbVertex
100
AcDb2dVertex
 10
-26.18813988092577
 20
26.32512544975468
 30
0.0
  0
VERTEX
  5
FC
330
6F
100
AcDbEntity
  8
0
100
AcDbVertex
100
AcDb2dVertex
 10
-26.08164707140613
 20
26.28532653101583
 30
0.0
  0
VERTEX
  5
FD
330
6F
100
AcDbEntity
  8
0
100
AcDbVertex
100
AcDb2dVertex
 10
-26.03776013777943
 20
26.26932955342595
 30
0.0
  0
VERTEX
  5
FE
330
6F
100
AcDbEntity
  8
0
100
AcDbVertex
100
AcDb2dVertex
 10
-26.03776013777941
 20
26.12268258505179
 30
0.0
  0
VERTEX
  5
FF
330
6F
100
AcDbEntity
  8
0
100
AcDbVertex
100
AcDb2dVertex
 10
-26.19012217402006
 20
26.0572837743839
 30
0.0
  0
VERTEX
  5
100
330
6F
100
AcDbEntity
  8
0
100
AcDbVertex
100
AcDb2dVertex
 10
-26.34172520629857
 20
25.99019327516104
 30
0.0
  0
VERTEX
  5
101
330
6F
100
AcDbEntity
  8
0
100
AcDbVertex
100
AcDb2dVertex
 10
-26.40042018815863
 20
25.96372704544597
 30
0.0
  0
VERTEX
  5
102
330
6F
100
AcDbEntity
  8
0
100
AcDbVertex
100
AcDb2dVertex
 10
-26.56794364455683
 20
25.88682083550413
 30
0.0
  0
VERTEX
  5
103
330
6F
100
AcDbEntity
  8
0
100
AcDbVertex
100
AcDb2dVertex
 10
-26.56794364455684
 20
25.77151932765458
 30
0.0
  0
VERTEX
  5
104
330
6F
100
AcDbEntity
  8
0
100
AcDbVertex
100
AcDb2dVertex
 10
-26.42599094244709
 20
25.71304435312258
 30
0.0
  0
VERTEX
  5
105
330
6F
100
AcDbEntity
  8
0
100
AcDbVertex
100
AcDb2dVertex
 10
-26.33762533295235
 20
25.67762195392864
 30
0.0
  0
VERTEX
  5
106
330
6F
100
AcDbEntity
  8
0
100
AcDbVertex
100
AcDb2dVertex
 10
-26.20452656827185
 20
25.62581265043073
 30
0.0
  0
VERTEX
  5
107
330
6F
100
AcDbEntity
  8
0
100
AcDbVertex
100
AcDb2dVertex
 10
-26.18813988092577
 20
25.61956989419913
 30
0.0
  0
VERTEX
  5
108
330
6F
100
AcDbEntity
  8
0
100
AcDbVertex
100
AcDb2dVertex
 10
-26.06236814088562
 20
25.57271376390582
 30
0.0
  0
VERTEX
  5
109
330
6F
100
AcDbEntity
  8
0
100
AcDbVertex
100
AcDb2dVertex
 10
-26.03776013777943
 20
25.5637739978704
 30
0.0
  0
VERTEX
  5
10A
330
6F
100
AcDbEntity
  8
0
100
AcDbVertex
100
AcDb2dVertex
 10
-26.03776013777941
 20
25.41712702949622
 30
0.0
  0
VERTEX
  5
10B
330
6F
100
AcDbEntity
  8
0
100
AcDbVertex
100
AcDb2dVertex
 10
-26.1901221740201
 20
25.35172821882832
 30
0.0
  0
VERTEX
  5
10C
330
6F
100
AcDbEntity
  8
0
100
AcDbVertex
100
AcDb2dVertex
 10
-26.34172520629858
 20
25.28463771960547
 30
0.0
  0
VERTEX
  5
10D
330
6F
100
AcDbEntity
  8
0
100
AcDbVertex
100
AcDb2dVertex
 10
-26.40042018815863
 20
25.25817148989039
 30
0.0
  0
VERTEX
  5
10E
330
6F
100
AcDbEntity
  8
0
100
AcDbVertex
100
AcDb2dVertex
 10
-26.56794364455683
 20
25.18126527994856
 30
0.0
  0
VERTEX
  5
10F
330
6F
100
AcDbEntity
  8
0
100
AcDbVertex
100
AcDb2dVertex
 10
-26.56794364455684
 20
25.06596377209901
 30
0.0
  0
VERTEX
  5
110
330
6F
100
AcDbEntity
  8
0
100
AcDbVertex
100
AcDb2dVertex
 10
-26.42599094244708
 20
25.00748879756701
 30
0.0
  0
VERTEX
  5
111
330
6F
100
AcDbEntity
  8
0
100
AcDbVertex
100
AcDb2dVertex
 10
-26.33762533295234
 20
24.97206639837307
 30
0.0
  0
VERTEX
  5
112
330
6F
100
AcDbEntity
  8
0
100
AcDbVertex
100
AcDb2dVertex
 10
-26.20452656827228
 20
24.92025709487534
 30
0.0
  0
VERTEX
  5
113
330
6F
100
AcDbEntity
  8
0
100
AcDbVertex
100
AcDb2dVertex
 10
-26.18813988092576
 20
24.91401433864356
 30
0.0
  0
VERTEX
  5
114
330
6F
100
AcDbEntity
  8
0
100
AcDbVertex
100
AcDb2dVertex
 10
-26.06236814088548
 20
24.8671582083502
 30
0.0
  0
VERTEX
  5
115
330
6F
100
AcDbEntity
  8
0
100
AcDbVertex
100
AcDb2dVertex
 10
-26.03776013777942
 20
24.85821844231483
 30
0.0
  0
VERTEX
  5
116
330
6F
100
AcDbEntity
  8
0
100
AcDbVertex
100
AcDb2dVertex
 10
-26.03776013777941
 20
24.71157147394067
 30
0.0
  0
VERTEX
  5
117
330
6F
100
AcDbEntity
  8
0
100
AcDbVertex
100
AcDb2dVertex
 10
-26.19012217402009
 20
24.64617266327278
 30
0.0
  0
VERTEX
  5
118
330
6F
100
AcDbEntity
  8
0
100
AcDbVertex
100
AcDb2dVertex
 10
-26.34172520629857
 20
24.57908216404992
 30
0.0
  0
VERTEX
  5
119
330
6F
100
AcDbEntity
  8
0
100
AcDbVertex
100
AcDb2dVertex
 10
-26.4004201881584
 20
24.55261593433494
 30
0.0
  0
VERTEX
  5
11A
330
6F
100
AcDbEntity
  8
0
100
AcDbVertex
100
AcDb2dVertex
 10
-26.56794364455683
 20
24.47570972439301
 30
0.0
  0
VERTEX
  5
11B
330
6F
100
AcDbEntity
  8
0
100
AcDbVertex
100
AcDb2dVertex
 10
-26.56794364455684
 20
24.36040821654345
 30
0.0
  0
VERTEX
  5
11C
330
6F
100
AcDbEntity
  8
0
100
AcDbVertex
100
AcDb2dVertex
 10
-26.42599094244709
 20
24.30193324201145
 30
0.0
  0
VERTEX
  5
11D
330
6F
100
AcDbEntity
  8
0
100
AcDbVertex
100
AcDb2dVertex
 10
-26.33762533295235
 20
24.26651084281751
 30
0.0
  0
VERTEX
  5
11E
330
6F
100
AcDbEntity
  8
0
100
AcDbVertex
100
AcDb2dVertex
 10
-26.20452656827167
 20
24.21470153931955
 30
0.0
  0
VERTEX
  5
11F
330
6F
100
AcDbEntity
  8
0
100
AcDbVertex
100
AcDb2dVertex
 10
-26.18813988092576
 20
24.20845878308801
 30
0.0
  0
VERTEX
  5
120
330
6F
100
AcDbEntity
  8
0
100
AcDbVertex
100
AcDb2dVertex
 10
-26.06236814088594
 20
24.16160265279482
 30
0.0
  0
VERTEX
  5
121
330
6F
100
AcDbEntity
  8
0
100
AcDbVertex
100
AcDb2dVertex
 10
-26.03776013777942
 20
24.15266288675927
 30
0.0
  0
VERTEX
  5
122
330
6F
100
AcDbEntity
  8
0
100
AcDbVertex
100
AcDb2dVertex
 10
-26.03776013777941
 20
24.0060159183851
 30
0.0
  0
VERTEX
  5
123
330
6F
100
AcDbEntity
  8
0
100
AcDbVertex
100
AcDb2dVertex
 10
-26.19012217402011
 20
23.9406171077172
 30
0.0
  0
VERTEX
  5
124
330
6F
100
AcDbEntity
  8
0
100
AcDbVertex
100
AcDb2dVertex
 10
-26.34172520629858
 20
23.87352660849434
 30
0.0
  0
VERTEX
  5
125
330
6F
100
AcDbEntity
  8
0
100
AcDbVertex
100
AcDb2dVertex
 10
-26.40042018815828
 20
23.84706037877942
 30
0.0
  0
VERTEX
  5
126
330
6F
100
AcDbEntity
  8
0
100
AcDbVertex
100
AcDb2dVertex
 10
-26.56794364455684
 20
23.77015416883744
 30
0.0
  0
VERTEX
  5
127
330
6F
100
AcDbEntity
  8
0
100
AcDbVertex
100
AcDb2dVertex
 10
-26.56794364455684
 20
23.6548526609879
 30
0.0
  0
VERTEX
  5
128
330
6F
100
AcDbEntity
  8
0
100
AcDbVertex
100
AcDb2dVertex
 10
-26.42599094244688
 20
23.59637768645581
 30
0.0
  0
VERTEX
  5
129
330
6F
100
AcDbEntity
  8
0
100
AcDbVertex
100
AcDb2dVertex
 10
-26.33762533295235
 20
23.56095528726195
 30
0.0
  0
VERTEX
  5
12A
330
6F
100
AcDbEntity
  8
0
100
AcDbVertex
100
AcDb2dVertex
 10
-26.20452656827158
 20
23.50914598376395
 30
0.0
  0
VERTEX
  5
12B
330
6F
100
AcDbEntity
  8
0
100
AcDbVertex
100
AcDb2dVertex
 10
-26.18813988092576
 20
23.50290322753245
 30
0.0
  0
VERTEX
  5
12C
330
6F
100
AcDbEntity
  8
0
100
AcDbVertex
100
AcDb2dVertex
 10
-26.06236814088618
 20
23.45604709723935
 30
0.0
  0
VERTEX
  5
12D
330
6F
100
AcDbEntity
  8
0
100
AcDbVertex
100
AcDb2dVertex
 10
-26.03776013777942
 20
23.4471073312037
 30
0.0
  0
VERTEX
  5
12E
330
6F
100
AcDbEntity
  8
0
100
AcDbVertex
100
AcDb2dVertex
 10
-26.03776013777941
 20
23.30046036282954
 30
0.0
  0
VERTEX
  5
12F
330
6F
100
AcDbEntity
  8
0
100
AcDbVertex
100
AcDb2dVertex
 10
-26.19012217402006
 20
23.23506155216167
 30
0.0
  0
VERTEX
  5
130
330
6F
100
AcDbEntity
  8
0
100
AcDbVertex
100
AcDb2dVertex
 10
-26.34172520629857
 20
23.1679710529388
 30
0.0
  0
VERTEX
  5
131
330
6F
100
AcDbEntity
  8
0
100
AcDbVertex
100
AcDb2dVertex
 10
-26.40042018815862
 20
23.14150482322371
 30
0.0
  0
VERTEX
  5
132
330
6F
100
AcDbEntity
  8
0
100
AcDbVertex
100
AcDb2dVertex
 10
-26.56794364455683
 20
23.06459861328188
 30
0.0
  0
VERTEX
  5
133
330
6F
100
AcDbEntity
  8
0
100
AcDbVertex
100
AcDb2dVertex
 10
-26.56794364455684
 20
22.94929710543234
 30
0.0
  0
VERTEX
  5
134
330
6F
100
AcDbEntity
  8
0
100
AcDbVertex
100
AcDb2dVertex
 10
-26.4259909424468
 20
22.89082213090022
 30
0.0
  0
VERTEX
  5
135
330
6F
100
AcDbEntity
  8
0
100
AcDbVertex
100
AcDb2dVertex
 10
-26.33762533295235
 20
22.8553997317064
 30
0.0
  0
VERTEX
  5
136
330
6F
100
AcDbEntity
  8
0
100
AcDbVertex
100
AcDb2dVertex
 10
-26.20452656827197
 20
22.80359042820854
 30
0.0
  0
VERTEX
  5
137
330
6F
100
AcDbEntity
  8
0
100
AcDbVertex
100
AcDb2dVertex
 10
-26.18813988092575
 20
22.79734767197688
 30
0.0
  0
VERTEX
  5
138
330
6F
100
AcDbEntity
  8
0
100
AcDbVertex
100
AcDb2dVertex
 10
-26.06236814088592
 20
22.75049154168369
 30
0.0
  0
VERTEX
  5
139
330
6F
100
AcDbEntity
  8
0
100
AcDbVertex
100
AcDb2dVertex
 10
-26.0377601377794
 20
22.74155177564815
 30
0.0
  0
VERTEX
  5
13A
330
6F
100
AcDbEntity
  8
0
100
AcDbVertex
100
AcDb2dVertex
 10
-26.03776013777941
 20
22.59490480727398
 30
0.0
  0
VERTEX
  5
13B
330
6F
100
AcDbEntity
  8
0
100
AcDbVertex
100
AcDb2dVertex
 10
-26.06533418017948
 20
22.58323093110312
 30
0.0
  0
VERTEX
  5
13C
330
6F
100
AcDbEntity
  8
0
100
AcDbVertex
100
AcDb2dVertex
 10
-26.12368470471826
 20
22.55828751614488
 30
0.0
  0
VERTEX
  5
13D
330
6F
100
AcDbEntity
  8
0
100
AcDbVertex
100
AcDb2dVertex
 10
-26.0588758176425
 20
22.51363296248524
 30
0.0
  0
VERTEX
  5
13E
330
6F
100
AcDbEntity
  8
0
100
AcDbVertex
100
AcDb2dVertex
 10
-25.99440513434403
 20
22.47001773580136
 30
0.0
  0
VERTEX
  5
13F
330
6F
100
AcDbEntity
  8
0
100
AcDbVertex
100
AcDb2dVertex
 10
-25.94094219610947
 20
22.43448748904926
 30
0.0
  0
VERTEX
  5
140
330
6F
100
AcDbEntity
  8
0
100
AcDbVertex
100
AcDb2dVertex
 10
-25.94094219610947
 20
19.64048748904926
 30
0.0
  0
VERTEX
  5
141
330
6F
100
AcDbEntity
  8
0
100
AcDbVertex
100
AcDb2dVertex
 10
-28.9375
 20
19.64048748904926
 30
0.0
  0
VERTEX
  5
142
330
6F
100
AcDbEntity
  8
0
100
AcDbVertex
100
AcDb2dVertex
 10
-28.9375
 20
17.98948748904926
 30
0.0
  0
VERTEX
  5
143
330
6F
100
AcDbEntity
  8
0
100
AcDbVertex
100
AcDb2dVertex
 10
-27.9215
 20
17.98948748904927
 30
0.0
  0
VERTEX
  5
144
330
6F
100
AcDbEntity
  8
0
100
AcDbVertex
100
AcDb2dVertex
 10
-27.9215
 20
18.49748748904925
 30
0.0
  0
VERTEX
  5
145
330
6F
100
AcDbEntity
  8
0
100
AcDbVertex
100
AcDb2dVertex
 10
-20.4285
 20
18.49748748904925
 30
0.0
  0
SEQEND
  5
146
330
6F
100
AcDbEntity
  8
Copper_Traces
  0
POLYLINE
  5
147
330
1F
100
AcDbEntity
  8
Copper_Traces
100
AcDb2dPolyline
 66
     1
 10
0.0
 20
0.0
 30
0.0
 70
     1
  0
VERTEX
  5
148
330
147
100
AcDbEntity
  8
0
100
AcDbVertex
100
AcDb2dVertex
 10
-6.062499999999998
 20
17.98948748904926
 30
0.0
  0
VERTEX
  5
149
330
147
100
AcDbEntity
  8
0
100
AcDbVertex
100
AcDb2dVertex
 10
-6.062499999999998
 20
19.64048748904926
 30
0.0
  0
VERTEX
  5
14A
330
147
100
AcDbEntity
  8
0
100
AcDbVertex
100
AcDb2dVertex
 10
-9.059057803890536
 20
19.64048748904926
 30
0.0
  0
VERTEX
  5
14B
330
147
100
AcDbEntity
  8
0
100
AcDbVertex
100
AcDb2dVertex
 10
-9.059057803890534
 20
22.43448748904926
 30
0.0
  0
VERTEX
  5
14C
330
147
100
AcDbEntity
  8
0
100
AcDbVertex
100
AcDb2dVertex
 10
-8.993593502310132
 20
22.47807410815139
 30
0.0
  0
VERTEX
  5
14D
330
147
100
AcDbEntity
  8
0
100
AcDbVertex
100
AcDb2dVertex
 10
-8.927043694483308
 20
22.52326692506655
 30
0.0
  0
VERTEX
  5
14E
330
147
100
AcDbEntity
  8
0
100
AcDbVertex
100
AcDb2dVertex
 10
-8.876315295281723
 20
22.55828751614488
 30
0.0
  0
VERTEX
  5
14F
330
147
100
AcDbEntity
  8
0
100
AcDbVertex
100
AcDb2dVertex
 10
-8.903833546246434
 20
22.57009086333015
 30
0.0
  0
VERTEX
  5
150
330
147
100
AcDbEntity
  8
0
100
AcDbVertex
100
AcDb2dVertex
 10
-8.962239862220594
 20
22.59490480727398
 30
0.0
  0
VERTEX
  5
151
330
147
100
AcDbEntity
  8
0
100
AcDbVertex
100
AcDb2dVertex
 10
-8.962239862220619
 20
22.74155177564814
 30
0.0
  0
VERTEX
  5
152
330
147
100
AcDbEntity
  8
0
100
AcDbVertex
100
AcDb2dVertex
 10
-8.834936915857046
 20
22.78860882140403
 30
0.0
  0
VERTEX
  5
153
330
147
100
AcDbEntity
  8
0
100
AcDbVertex
100
AcDb2dVertex
 10
-8.729411248144567
 20
22.82906465406673
 30
0.0
  0
VERTEX
  5
154
330
147
100
AcDbEntity
  8
0
100
AcDbVertex
100
AcDb2dVertex
 10
-8.5803700103995
 20
22.88824630551677
 30
0.0
  0
VERTEX
  5
155
330
147
100
AcDbEntity
  8
0
100
AcDbVertex
100
AcDb2dVertex
 10
-8.432056355443164
 20
22.94929710543234
 30
0.0
  0
VERTEX
  5
156
330
147
100
AcDbEntity
  8
0
100
AcDbVertex
100
AcDb2dVertex
 10
-8.432056355443168
 20
23.06459861328188
 30
0.0
  0
VERTEX
  5
157
330
147
100
AcDbEntity
  8
0
100
AcDbVertex
100
AcDb2dVertex
 10
-8.582702037599365
 20
23.13384660701783
 30
0.0
  0
VERTEX
  5
158
330
147
100
AcDbEntity
  8
0
100
AcDbVertex
100
AcDb2dVertex
 10
-8.733963575837606
 20
23.20170318661156
 30
0.0
  0
VERTEX
  5
159
330
147
100
AcDbEntity
  8
0
100
AcDbVertex
100
AcDb2dVertex
 10
-8.813852230817487
 20
23.23679436829336
 30
0.0
  0
VERTEX
  5
15A
330
147
100
AcDbEntity
  8
0
100
AcDbVertex
100
AcDb2dVertex
 10
-8.962239862220594
 20
23.30046036282954
 30
0.0
  0
VERTEX
  5
15B
330
147
100
AcDbEntity
  8
0
100
AcDbVertex
100
AcDb2dVertex
 10
-8.962239862220594
 20
23.4471073312037
 30
0.0
  0
VERTEX
  5
15C
330
147
100
AcDbEntity
  8
0
100
AcDbVertex
100
AcDb2dVertex
 10
-8.83493691585719
 20
23.49416437695953
 30
0.0
  0
VERTEX
  5
15D
330
147
100
AcDbEntity
  8
0
100
AcDbVertex
100
AcDb2dVertex
 10
-8.729411248144547
 20
23.53462020962229
 30
0.0
  0
VERTEX
  5
15E
330
147
100
AcDbEntity
  8
0
100
AcDbVertex
100
AcDb2dVertex
 10
-8.580370010399488
 20
23.59380186107233
 30
0.0
  0
VERTEX
  5
15F
330
147
100
AcDbEntity
  8
0
100
AcDbVertex
100
AcDb2dVertex
 10
-8.432056355443164
 20
23.6548526609879
 30
0.0
  0
VERTEX
  5
160
330
147
100
AcDbEntity
  8
0
100
AcDbVertex
100
AcDb2dVertex
 10
-8.432056355443157
 20
23.77015416883744
 30
0.0
  0
VERTEX
  5
161
330
147
100
AcDbEntity
  8
0
100
AcDbVertex
100
AcDb2dVertex
 10
-8.582702037599306
 20
23.83940216257336
 30
0.0
  0
VERTEX
  5
162
330
147
100
AcDbEntity
  8
0
100
AcDbVertex
100
AcDb2dVertex
 10
-8.733963575837498
 20
23.90725874216706
 30
0.0
  0
VERTEX
  5
163
330
147
100
AcDbEntity
  8
0
100
AcDbVertex
100
AcDb2dVertex
 10
-8.813852230818803
 20
23.94234992384951
 30
0.0
  0
VERTEX
  5
164
330
147
100
AcDbEntity
  8
0
100
AcDbVertex
100
AcDb2dVertex
 10
-8.962239862220594
 20
24.0060159183851
 30
0.0
  0
VERTEX
  5
165
330
147
100
AcDbEntity
  8
0
100
AcDbVertex
100
AcDb2dVertex
 10
-8.962239862220594
 20
24.15266288675927
 30
0.0
  0
VERTEX
  5
166
330
147
100
AcDbEntity
  8
0
100
AcDbVertex
100
AcDb2dVertex
 10
-8.834936915857018
 20
24.19971993251517
 30
0.0
  0
VERTEX
  5
167
330
147
100
AcDbEntity
  8
0
100
AcDbVertex
100
AcDb2dVertex
 10
-8.729411248144546
 20
24.24017576517785
 30
0.0
  0
VERTEX
  5
168
330
147
100
AcDbEntity
  8
0
100
AcDbVertex
100
AcDb2dVertex
 10
-8.580370010399488
 20
24.2993574166279
 30
0.0
  0
VERTEX
  5
169
330
147
100
AcDbEntity
  8
0
100
AcDbVertex
100
AcDb2dVertex
 10
-8.432056355443164
 20
24.36040821654345
 30
0.0
  0
VERTEX
  5
16A
330
147
100
AcDbEntity
  8
0
100
AcDbVertex
100
AcDb2dVertex
 10
-8.432056355443173
 20
24.47570972439301
 30
0.0
  0
VERTEX
  5
16B
330
147
100
AcDbEntity
  8
0
100
AcDbVertex
100
AcDb2dVertex
 10
-8.58270203759931
 20
24.54495771812893
 30
0.0
  0
VERTEX
  5
16C
330
147
100
AcDbEntity
  8
0
100
AcDbVertex
100
AcDb2dVertex
 10
-8.7339635758375
 20
24.61281429772263
 30
0.0
  0
VERTEX
  5
16D
330
147
100
AcDbEntity
  8
0
100
AcDbVertex
100
AcDb2dVertex
 10
-8.813852230818505
 20
24.64790547940494
 30
0.0
  0
VERTEX
  5
16E
330
147
100
AcDbEntity
  8
0
100
AcDbVertex
100
AcDb2dVertex
 10
-8.962239862220594
 20
24.71157147394067
 30
0.0
  0
VERTEX
  5
16F
330
147
100
AcDbEntity
  8
0
100
AcDbVertex
100
AcDb2dVertex
 10
-8.962239862220594
 20
24.85821844231483
 30
0.0
  0
VERTEX
  5
170
330
147
100
AcDbEntity
  8
0
100
AcDbVertex
100
AcDb2dVertex
 10
-8.834936915856959
 20
24.90527548807074
 30
0.0
  0
VERTEX
  5
171
330
147
100
AcDbEntity
  8
0
100
AcDbVertex
100
AcDb2dVertex
 10
-8.729411248144544
 20
24.94573132073341
 30
0.0
  0
VERTEX
  5
172
330
147
100
AcDbEntity
  8
0
100
AcDbVertex
100
AcDb2dVertex
 10
-8.580370010399484
 20
25.00491297218345
 30
0.0
  0
VERTEX
  5
173
330
147
100
AcDbEntity
  8
0
100
AcDbVertex
100
AcDb2dVertex
 10
-8.432056355443164
 20
25.06596377209901
 30
0.0
  0
VERTEX
  5
174
330
147
100
AcDbEntity
  8
0
100
AcDbVertex
100
AcDb2dVertex
 10
-8.432056355443176
 20
25.18126527994856
 30
0.0
  0
VERTEX
  5
175
330
147
100
AcDbEntity
  8
0
100
AcDbVertex
100
AcDb2dVertex
 10
-8.582702037599315
 20
25.25051327368448
 30
0.0
  0
VERTEX
  5
176
330
147
100
AcDbEntity
  8
0
100
AcDbVertex
100
AcDb2dVertex
 10
-8.733963575837494
 20
25.31836985327818
 30
0.0
  0
VERTEX
  5
177
330
147
100
AcDbEntity
  8
0
100
AcDbVertex
100
AcDb2dVertex
 10
-8.81385223081852
 20
25.3534610349605
 30
0.0
  0
VERTEX
  5
178
330
147
100
AcDbEntity
  8
0
100
AcDbVertex
100
AcDb2dVertex
 10
-8.962239862220594
 20
25.41712702949622
 30
0.0
  0
VERTEX
  5
179
330
147
100
AcDbEntity
  8
0
100
AcDbVertex
100
AcDb2dVertex
 10
-8.962239862220583
 20
25.56377399787039
 30
0.0
  0
VERTEX
  5
17A
330
147
100
AcDbEntity
  8
0
100
AcDbVertex
100
AcDb2dVertex
 10
-8.834936915856959
 20
25.6108310436263
 30
0.0
  0
VERTEX
  5
17B
330
147
100
AcDbEntity
  8
0
100
AcDbVertex
100
AcDb2dVertex
 10
-8.729411248144539
 20
25.65128687628897
 30
0.0
  0
VERTEX
  5
17C
330
147
100
AcDbEntity
  8
0
100
AcDbVertex
100
AcDb2dVertex
 10
-8.580370010399482
 20
25.71046852773901
 30
0.0
  0
VERTEX
  5
17D
330
147
100
AcDbEntity
  8
0
100
AcDbVertex
100
AcDb2dVertex
 10
-8.432056355443164
 20
25.77151932765458
 30
0.0
  0
VERTEX
  5
17E
330
147
100
AcDbEntity
  8
0
100
AcDbVertex
100
AcDb2dVertex
 10
-8.432056355443164
 20
25.88682083550413
 30
0.0
  0
VERTEX
  5
17F
330
147
100
AcDbEntity
  8
0
100
AcDbVertex
100
AcDb2dVertex
 10
-8.582702037599333
 20
25.95606882924006
 30
0.0
  0
VERTEX
  5
180
330
147
100
AcDbEntity
  8
0
100
AcDbVertex
100
AcDb2dVertex
 10
-8.73396357583755
 20
26.02392540883378
 30
0.0
  0
VERTEX
  5
181
330
147
100
AcDbEntity
  8
0
100
AcDbVertex
100
AcDb2dVertex
 10
-8.813852230817547
 20
26.05901659051565
 30
0.0
  0
VERTEX
  5
182
330
147
100
AcDbEntity
  8
0
100
AcDbVertex
100
AcDb2dVertex
 10
-8.962239862220594
 20
26.12268258505179
 30
0.0
  0
VERTEX
  5
183
330
147
100
AcDbEntity
  8
0
100
AcDbVertex
100
AcDb2dVertex
 10
-8.96223986222058
 20
26.26932955342594
 30
0.0
  0
VERTEX
  5
184
330
147
100
AcDbEntity
  8
0
100
AcDbVertex
100
AcDb2dVertex
 10
-8.85436727287457
 20
26.3090769833142
 30
0.0
  0
VERTEX
  5
185
330
147
100
AcDbEntity
  8
0
100
AcDbVertex
100
AcDb2dVertex
 10
-8.74367112655226
 20
26.35130274037178
 30
0.0
  0
VERTEX
  5
186
330
147
100
AcDbEntity
  8
0
100
AcDbVertex
100
AcDb2dVertex
 10
-8.729411248144535
 20
26.35684243184453
 30
0.0
  0
VERTEX
  5
187
330
147
100
AcDbEntity
  8
0
100
AcDbVertex
100
AcDb2dVertex
 10
-8.613032222968593
 20
26.40286042985454
 30
0.0
  0
VERTEX
  5
188
330
147
100
AcDbEntity
  8
0
100
AcDbVertex
100
AcDb2dVertex
 10
-8.580855352509063
 20
26.41582785384953
 30
0.0
  0
VERTEX
  5
189
330
147
100
AcDbEntity
  8
0
100
AcDbVertex
100
AcDb2dVertex
 10
-8.6891986829669
 20
26.49554186592066
 30
0.0
  0
VERTEX
  5
18A
330
147
100
AcDbEntity
  8
0
100
AcDbVertex
100
AcDb2dVertex
 10
-8.796526982583533
 20
26.57265203160399
 30
0.0
  0
VERTEX
  5
18B
330
147
100
AcDbEntity
  8
0
100
AcDbVertex
100
AcDb2dVertex
 10
-8.902887542223613
 20
26.64709205974361
 30
0.0
  0
VERTEX
  5
18C
330
147
100
AcDbEntity
  8
0
100
AcDbVertex
100
AcDb2dVertex
 10
-9.008331575460659
 20
26.71879027988171
 30
0.0
  0
VERTEX
  5
18D
330
147
100
AcDbEntity
  8
0
100
AcDbVertex
100
AcDb2dVertex
 10
-9.059057803890536
 20
26.75248748904926
 30
0.0
  0
VERTEX
  5
18E
330
147
100
AcDbEntity
  8
0
100
AcDbVertex
100
AcDb2dVertex
 10
-9.059057803890513
 20
27.51448748904926
 30
0.0
  0
VERTEX
  5
18F
330
147
100
AcDbEntity
  8
0
100
AcDbVertex
100
AcDb2dVertex
 10
-9.478693217715591
 20
27.51448748904926
 30
0.0
  0
VERTEX
  5
190
330
147
100
AcDbEntity
  8
0
100
AcDbVertex
100
AcDb2dVertex
 10
-9.517455038944734
 20
27.49317330586778
 30
0.0
  0
VERTEX
  5
191
330
147
100
AcDbEntity
  8
0
100
AcDbVertex
100
AcDb2dVertex
 10
-9.569418844671757
 20
27.4652923053584
 30
0.0
  0
VERTEX
  5
192
330
147
100
AcDbEntity
  8
0
100
AcDbVertex
100
AcDb2dVertex
 10
-9.620789083649399
 20
27.4385349413995
 30
0.0
  0
VERTEX
  5
193
330
147
100
AcDbEntity
  8
0
100
AcDbVertex
100
AcDb2dVertex
 10
-9.671592280230016
 20
27.41288748904926
 30
0.0
  0
VERTEX
  5
194
330
147
100
AcDbEntity
  8
0
100
AcDbVertex
100
AcDb2dVertex
 10
-9.671592280230026
 20
25.63488748904926
 30
0.0
  0
VERTEX
  5
195
330
147
100
AcDbEntity
  8
0
100
AcDbVertex
100
AcDb2dVertex
 10
-9.671595260776881
 20
25.63449966606904
 30
0.0
  0
VERTEX
  5
196
330
147
100
AcDbEntity
  8
0
100
AcDbVertex
100
AcDb2dVertex
 10
-9.671720593700597
 20
25.63234370807247
 30
0.0
  0
VERTEX
  5
197
330
147
100
AcDbEntity
  8
0
100
AcDbVertex
100
AcDb2dVertex
 10
-9.672262356701017
 20
25.62908263564261
 30
0.0
  0
VERTEX
  5
198
330
147
100
AcDbEntity
  8
0
100
AcDbVertex
100
AcDb2dVertex
 10
-9.67321803739065
 20
25.62586825594657
 30
0.0
  0
VERTEX
  5
199
330
147
100
AcDbEntity
  8
0
100
AcDbVertex
100
AcDb2dVertex
 10
-9.673666271328358
 20
25.62471250347918
 30
0.0
  0
VERTEX
  5
19A
330
147
100
AcDbEntity
  8
0
100
AcDbVertex
100
AcDb2dVertex
 10
-9.675228383751561
 20
25.62147038235588
 30
0.0
  0
VERTEX
  5
19B
330
147
100
AcDbEntity
  8
0
100
AcDbVertex
100
AcDb2dVertex
 10
-9.677170065370516
 20
25.61835526855813
 30
0.0
  0
VERTEX
  5
19C
330
147
100
AcDbEntity
  8
0
100
AcDbVertex
100
AcDb2dVertex
 10
-9.679470281139022
 20
25.61536070182038
 30
0.0
  0
VERTEX
  5
19D
330
147
100
AcDbEntity
  8
0
100
AcDbVertex
100
AcDb2dVertex
 10
-9.68145448007582
 20
25.6131565109301
 30
0.0
  0
VERTEX
  5
19E
330
147
100
AcDbEntity
  8
0
100
AcDbVertex
100
AcDb2dVertex
 10
-9.68472959478784
 20
25.61003006631758
 30
0.0
  0
VERTEX
  5
19F
330
147
100
AcDbEntity
  8
0
100
AcDbVertex
100
AcDb2dVertex
 10
-9.688349041072296
 20
25.60709449993571
 30
0.0
  0
VERTEX
  5
1A0
330
147
100
AcDbEntity
  8
0
100
AcDbVertex
100
AcDb2dVertex
 10
-9.69011327683832
 20
25.60581241192356
 30
0.0
  0
VERTEX
  5
1A1
330
147
100
AcDbEntity
  8
0
100
AcDbVertex
100
AcDb2dVertex
 10
-9.694758790519888
 20
25.60279727838394
 30
0.0
  0
VERTEX
  5
1A2
330
147
100
AcDbEntity
  8
0
100
AcDbVertex
100
AcDb2dVertex
 10
-9.699716007377372
 20
25.60003674652839
 30
0.0
  0
VERTEX
  5
1A3
330
147
100
AcDbEntity
  8
0
100
AcDbVertex
100
AcDb2dVertex
 10
-9.70496482720282
 20
25.59751295995252
 30
0.0
  0
VERTEX
  5
1A4
330
147
100
AcDbEntity
  8
0
100
AcDbVertex
100
AcDb2dVertex
 10
-9.710489316372946
 20
25.59521393252368
 30
0.0
  0
VERTEX
  5
1A5
330
147
100
AcDbEntity
  8
0
100
AcDbVertex
100
AcDb2dVertex
 10
-9.716276553367578
 20
25.5931318452057
 30
0.0
  0
VERTEX
  5
1A6
330
147
100
AcDbEntity
  8
0
100
AcDbVertex
100
AcDb2dVertex
 10
-9.722585408985355
 20
25.59118509572335
 30
0.0
  0
VERTEX
  5
1A7
330
147
100
AcDbEntity
  8
0
100
AcDbVertex
100
AcDb2dVertex
 10
-9.73033337242658
 20
25.58919051231958
 30
0.0
  0
VERTEX
  5
1A8
330
147
100
AcDbEntity
  8
0
100
AcDbVertex
100
AcDb2dVertex
 10
-9.73831639300137
 20
25.58753352003787
 30
0.0
  0
VERTEX
  5
1A9
330
147
100
AcDbEntity
  8
0
100
AcDbVertex
100
AcDb2dVertex
 10
-9.746518746997605
 20
25.5862038429378
 30
0.0
  0
VERTEX
  5
1AA
330
147
100
AcDbEntity
  8
0
100
AcDbVertex
100
AcDb2dVertex
 10
-9.749042822108928
 20
25.58586495295914
 30
0.0
  0
VERTEX
  5
1AB
330
147
100
AcDbEntity
  8
0
100
AcDbVertex
100
AcDb2dVertex
 10
-9.758462930419538
 20
25.58487304609704
 30
0.0
  0
VERTEX
  5
1AC
330
147
100
AcDbEntity
  8
0
100
AcDbVertex
100
AcDb2dVertex
 10
-9.767995908439257
 20
25.58428330129249
 30
0.0
  0
VERTEX
  5
1AD
330
147
100
AcDbEntity
  8
0
100
AcDbVertex
100
AcDb2dVertex
 10
-9.77762471099182
 20
25.58408748904926
 30
0.0
  0
VERTEX
  5
1AE
330
147
100
AcDbEntity
  8
0
100
AcDbVertex
100
AcDb2dVertex
 10
-11.87237528900818
 20
25.58408748904926
 30
0.0
  0
VERTEX
  5
1AF
330
147
100
AcDbEntity
  8
0
100
AcDbVertex
100
AcDb2dVertex
 10
-11.8824048348003
 20
25.58430003818034
 30
0.0
  0
VERTEX
  5
1B0
330
147
100
AcDbEntity
  8
0
100
AcDbVertex
100
AcDb2dVertex
 10
-11.89238396749308
 20
25.58494517033167
 30
0.0
  0
VERTEX
  5
1B1
330
147
100
AcDbEntity
  8
0
100
AcDbVertex
100
AcDb2dVertex
 10
-11.90215620251673
 20
25.58602195561802
 30
0.0
  0
VERTEX
  5
1B2
330
147
100
AcDbEntity
  8
0
100
AcDbVertex
100
AcDb2dVertex
 10
-11.91167497272333
 20
25.58753192880345
 30
0.0
  0
VERTEX
  5
1B3
330
147
100
AcDbEntity
  8
0
100
AcDbVertex
100
AcDb2dVertex
 10
-11.91282749519947
 20
25.58774804413919
 30
0.0
  0
VERTEX
  5
1B4
330
147
100
AcDbEntity
  8
0
100
AcDbVertex
100
AcDb2dVertex
 10
-11.9213698870876
 20
25.5895945327292
 30
0.0
  0
VERTEX
  5
1B5
330
147
100
AcDbEntity
  8
0
100
AcDbVertex
100
AcDb2dVertex
 10
-11.92948566588233
 20
25.59178999934629
 30
0.0
  0
VERTEX
  5
1B6
330
147
100
AcDbEntity
  8
0
100
AcDbVertex
100
AcDb2dVertex
 10
-11.93714818874676
 20
25.59432676641415
 30
0.0
  0
VERTEX
  5
1B7
330
147
100
AcDbEntity
  8
0
100
AcDbVertex
100
AcDb2dVertex
 10
-11.94433163731853
 20
25.59720129820469
 30
0.0
  0
VERTEX
  5
1B8
330
147
100
AcDbEntity
  8
0
100
AcDbVertex
100
AcDb2dVertex
 10
-11.95036206746635
 20
25.60007715582269
 30
0.0
  0
VERTEX
  5
1B9
330
147
100
AcDbEntity
  8
0
100
AcDbVertex
100
AcDb2dVertex
 10
-11.95421833079594
 20
25.60219309942345
 30
0.0
  0
VERTEX
  5
1BA
330
147
100
AcDbEntity
  8
0
100
AcDbVertex
100
AcDb2dVertex
 10
-11.9592195450039
 20
25.60534905071831
 30
0.0
  0
VERTEX
  5
1BB
330
147
100
AcDbEntity
  8
0
100
AcDbVertex
100
AcDb2dVertex
 10
-11.96370010898951
 20
25.60870025999418
 30
0.0
  0
VERTEX
  5
1BC
330
147
100
AcDbEntity
  8
0
100
AcDbVertex
100
AcDb2dVertex
 10
-11.96765496264775
 20
25.61225147243488
 30
0.0
  0
VERTEX
  5
1BD
330
147
100
AcDbEntity
  8
0
100
AcDbVertex
100
AcDb2dVertex
 10
-11.97070782891485
 20
25.61557344103711
 30
0.0
  0
VERTEX
  5
1BE
330
147
100
AcDbEntity
  8
0
100
AcDbVertex
100
AcDb2dVertex
 10
-11.97325067252961
 20
25.61897317767767
 30
0.0
  0
VERTEX
  5
1BF
330
147
100
AcDbEntity
  8
0
100
AcDbVertex
100
AcDb2dVertex
 10
-11.97530951101151
 20
25.62248486419525
 30
0.0
  0
VERTEX
  5
1C0
330
147
100
AcDbEntity
  8
0
100
AcDbVertex
100
AcDb2dVertex
 10
-11.97647290253569
 20
25.62505622812658
 30
0.0
  0
VERTEX
  5
1C1
330
147
100
AcDbEntity
  8
0
100
AcDbVertex
100
AcDb2dVertex
 10
-11.97757311046242
 20
25.62841183274358
 30
0.0
  0
VERTEX
  5
1C2
330
147
100
AcDbEntity
  8
0
100
AcDbVertex
100
AcDb2dVertex
 10
-11.97822171027425
 20
25.63182520206807
 30
0.0
  0
VERTEX
  5
1C3
330
147
100
AcDbEntity
  8
0
100
AcDbVertex
100
AcDb2dVertex
 10
-11.97840771977049
 20
25.63488748904913
 30
0.0
  0
VERTEX
  5
1C4
330
147
100
AcDbEntity
  8
0
100
AcDbVertex
100
AcDb2dVertex
 10
-11.97840771976999
 20
27.41288748904926
 30
0.0
  0
VERTEX
  5
1C5
330
147
100
AcDbEntity
  8
0
100
AcDbVertex
100
AcDb2dVertex
 10
-12.021780744669
 20
27.43473267659095
 30
0.0
  0
VERTEX
  5
1C6
330
147
100
AcDbEntity
  8
0
100
AcDbVertex
100
AcDb2dVertex
 10
-12.07147372180604
 20
27.46048931349497
 30
0.0
  0
VERTEX
  5
1C7
330
147
100
AcDbEntity
  8
0
100
AcDbVertex
100
AcDb2dVertex
 10
-12.1213130242653
 20
27.48707887418832
 30
0.0
  0
VERTEX
  5
1C8
330
147
100
AcDbEntity
  8
0
100
AcDbVertex
100
AcDb2dVertex
 10
-12.17130678228441
 20
27.51448748904926
 30
0.0
  0
VERTEX
  5
1C9
330
147
100
AcDbEntity
  8
0
100
AcDbVertex
100
AcDb2dVertex
 10
-12.59094219610949
 20
27.51448748904926
 30
0.0
  0
VERTEX
  5
1CA
330
147
100
AcDbEntity
  8
0
100
AcDbVertex
100
AcDb2dVertex
 10
-12.59094219610947
 20
26.75248748904926
 30
0.0
  0
VERTEX
  5
1CB
330
147
100
AcDbEntity
  8
0
100
AcDbVertex
100
AcDb2dVertex
 10
-12.67944220240182
 20
26.69335632739491
 30
0.0
  0
VERTEX
  5
1CC
330
147
100
AcDbEntity
  8
0
100
AcDbVertex
100
AcDb2dVertex
 10
-12.76994342623469
 20
26.6312867087192
 30
0.0
  0
VERTEX
  5
1CD
330
147
100
AcDbEntity
  8
0
100
AcDbVertex
100
AcDb2dVertex
 10
-12.86254561233751
 20
26.56620905710741
 30
0.0
  0
VERTEX
  5
1CE
330
147
100
AcDbEntity
  8
0
100
AcDbVertex
100
AcDb2dVertex
 10
-12.90943556950664
 20
26.5326854812168
 30
0.0
  0
VERTEX
  5
1CF
330
147
100
AcDbEntity
  8
0
100
AcDbVertex
100
AcDb2dVertex
 10
-12.8401221740201
 20
26.50224675927016
 30
0.0
  0
VERTEX
  5
1D0
330
147
100
AcDbEntity
  8
0
100
AcDbVertex
100
AcDb2dVertex
 10
-12.74553337990075
 20
26.46139118242675
 30
0.0
  0
VERTEX
  5
1D1
330
147
100
AcDbEntity
  8
0
100
AcDbVertex
100
AcDb2dVertex
 10
-12.68776013777942
 20
26.43684794860226
 30
0.0
  0
VERTEX
  5
1D2
330
147
100
AcDbEntity
  8
0
100
AcDbVertex
100
AcDb2dVertex
 10
-12.68776013777941
 20
26.2902009802281
 30
0.0
  0
VERTEX
  5
1D3
330
147
100
AcDbEntity
  8
0
100
AcDbVertex
100
AcDb2dVertex
 10
-12.7123681408859
 20
26.28126121419256
 30
0.0
  0
VERTEX
  5
1D4
330
147
100
AcDbEntity
  8
0
100
AcDbVertex
100
AcDb2dVertex
 10
-12.83813988092577
 20
26.23440508389936
 30
0.0
  0
VERTEX
  5
1D5
330
147
100
AcDbEntity
  8
0
100
AcDbVertex
100
AcDb2dVertex
 10
-12.85452656827178
 20
26.22816232766777
 30
0.0
  0
VERTEX
  5
1D6
330
147
100
AcDbEntity
  8
0
100
AcDbVertex
100
AcDb2dVertex
 10
-12.98762533295235
 20
26.17635302416986
 30
0.0
  0
VERTEX
  5
1D7
330
147
100
AcDbEntity
  8
0
100
AcDbVertex
100
AcDb2dVertex
 10
-13.07599094244724
 20
26.14093062497586
 30
0.0
  0
VERTEX
  5
1D8
330
147
100
AcDbEntity
  8
0
100
AcDbVertex
100
AcDb2dVertex
 10
-13.21794364455685
 20
26.0824556504439
 30
0.0
  0
VERTEX
  5
1D9
330
147
100
AcDbEntity
  8
0
100
AcDbVertex
100
AcDb2dVertex
 10
-13.21794364455684
 20
25.96715414259435
 30
0.0
  0
VERTEX
  5
1DA
330
147
100
AcDbEntity
  8
0
100
AcDbVertex
100
AcDb2dVertex
 10
-13.05042018815797
 20
25.89024793265223
 30
0.0
  0
VERTEX
  5
1DB
330
147
100
AcDbEntity
  8
0
100
AcDbVertex
100
AcDb2dVertex
 10
-12.99172520629857
 20
25.86378170293745
 30
0.0
  0
VERTEX
  5
1DC
330
147
100
AcDbEntity
  8
0
100
AcDbVertex
100
AcDb2dVertex
 10
-12.84012217402009
 20
25.79669120371459
 30
0.0
  0
VERTEX
  5
1DD
330
147
100
AcDbEntity
  8
0
100
AcDbVertex
100
AcDb2dVertex
 10
-12.68776013777942
 20
25.7312923930467
 30
0.0
  0
VERTEX
  5
1DE
330
147
100
AcDbEntity
  8
0
100
AcDbVertex
100
AcDb2dVertex
 10
-12.68776013777941
 20
25.58464542467253
 30
0.0
  0
VERTEX
  5
1DF
330
147
100
AcDbEntity
  8
0
100
AcDbVertex
100
AcDb2dVertex
 10
-12.7123681408859
 20
25.57570565863701
 30
0.0
  0
VERTEX
  5
1E0
330
147
100
AcDbEntity
  8
0
100
AcDbVertex
100
AcDb2dVertex
 10
-12.83813988092576
 20
25.52884952834379
 30
0.0
  0
VERTEX
  5
1E1
330
147
100
AcDbEntity
  8
0
100
AcDbVertex
100
AcDb2dVertex
 10
-12.85452656827113
 20
25.52260677211247
 30
0.0
  0
VERTEX
  5
1E2
330
147
100
AcDbEntity
  8
0
100
AcDbVertex
100
AcDb2dVertex
 10
-12.98762533295235
 20
25.4707974686143
 30
0.0
  0
VERTEX
  5
1E3
330
147
100
AcDbEntity
  8
0
100
AcDbVertex
100
AcDb2dVertex
 10
-13.07599094244724
 20
25.43537506942029
 30
0.0
  0
VERTEX
  5
1E4
330
147
100
AcDbEntity
  8
0
100
AcDbVertex
100
AcDb2dVertex
 10
-13.21794364455685
 20
25.37690009488835
 30
0.0
  0
VERTEX
  5
1E5
330
147
100
AcDbEntity
  8
0
100
AcDbVertex
100
AcDb2dVertex
 10
-13.21794364455684
 20
25.2615985870388
 30
0.0
  0
VERTEX
  5
1E6
330
147
100
AcDbEntity
  8
0
100
AcDbVertex
100
AcDb2dVertex
 10
-13.05042018815804
 20
25.1846923770967
 30
0.0
  0
VERTEX
  5
1E7
330
147
100
AcDbEntity
  8
0
100
AcDbVertex
100
AcDb2dVertex
 10
-12.99172520629859
 20
25.1582261473819
 30
0.0
  0
VERTEX
  5
1E8
330
147
100
AcDbEntity
  8
0
100
AcDbVertex
100
AcDb2dVertex
 10
-12.84012217402011
 20
25.09113564815905
 30
0.0
  0
VERTEX
  5
1E9
330
147
100
AcDbEntity
  8
0
100
AcDbVertex
100
AcDb2dVertex
 10
-12.68776013777942
 20
25.02573683749114
 30
0.0
  0
VERTEX
  5
1EA
330
147
100
AcDbEntity
  8
0
100
AcDbVertex
100
AcDb2dVertex
 10
-12.68776013777941
 20
24.87908986911698
 30
0.0
  0
VERTEX
  5
1EB
330
147
100
AcDbEntity
  8
0
100
AcDbVertex
100
AcDb2dVertex
 10
-12.71236814088576
 20
24.87015010308149
 30
0.0
  0
VERTEX
  5
1EC
330
147
100
AcDbEntity
  8
0
100
AcDbVertex
100
AcDb2dVertex
 10
-12.83813988092576
 20
24.82329397278825
 30
0.0
  0
VERTEX
  5
1ED
330
147
100
AcDbEntity
  8
0
100
AcDbVertex
100
AcDb2dVertex
 10
-12.85452656827178
 20
24.81705121655666
 30
0.0
  0
VERTEX
  5
1EE
330
147
100
AcDbEntity
  8
0
100
AcDbVertex
100
AcDb2dVertex
 10
-12.98762533295234
 20
24.76524191305874
 30
0.0
  0
VERTEX
  5
1EF
330
147
100
AcDbEntity
  8
0
100
AcDbVertex
100
AcDb2dVertex
 10
-13.07599094244708
 20
24.7298195138648
 30
0.0
  0
VERTEX
  5
1F0
330
147
100
AcDbEntity
  8
0
100
AcDbVertex
100
AcDb2dVertex
 10
-13.21794364455684
 20
24.67134453933279
 30
0.0
  0
VERTEX
  5
1F1
330
147
100
AcDbEntity
  8
0
100
AcDbVertex
100
AcDb2dVertex
 10
-13.21794364455684
 20
24.55604303148324
 30
0.0
  0
VERTEX
  5
1F2
330
147
100
AcDbEntity
  8
0
100
AcDbVertex
100
AcDb2dVertex
 10
-13.05042018815846
 20
24.47913682154133
 30
0.0
  0
VERTEX
  5
1F3
330
147
100
AcDbEntity
  8
0
100
AcDbVertex
100
AcDb2dVertex
 10
-12.99172520629858
 20
24.45267059182633
 30
0.0
  0
VERTEX
  5
1F4
330
147
100
AcDbEntity
  8
0
100
AcDbVertex
100
AcDb2dVertex
 10
-12.8401221740201
 20
24.38558009260348
 30
0.0
  0
VERTEX
  5
1F5
330
147
100
AcDbEntity
  8
0
100
AcDbVertex
100
AcDb2dVertex
 10
-12.68776013777941
 20
24.32018128193558
 30
0.0
  0
VERTEX
  5
1F6
330
147
100
AcDbEntity
  8
0
100
AcDbVertex
100
AcDb2dVertex
 10
-12.68776013777941
 20
24.1735343135614
 30
0.0
  0
VERTEX
  5
1F7
330
147
100
AcDbEntity
  8
0
100
AcDbVertex
100
AcDb2dVertex
 10
-12.71236814088589
 20
24.16459454752589
 30
0.0
  0
VERTEX
  5
1F8
330
147
100
AcDbEntity
  8
0
100
AcDbVertex
100
AcDb2dVertex
 10
-12.83813988092576
 20
24.11773841723268
 30
0.0
  0
VERTEX
  5
1F9
330
147
100
AcDbEntity
  8
0
100
AcDbVertex
100
AcDb2dVertex
 10
-12.85452656827162
 20
24.11149566100114
 30
0.0
  0
VERTEX
  5
1FA
330
147
100
AcDbEntity
  8
0
100
AcDbVertex
100
AcDb2dVertex
 10
-12.98762533295235
 20
24.05968635750317
 30
0.0
  0
VERTEX
  5
1FB
330
147
100
AcDbEntity
  8
0
100
AcDbVertex
100
AcDb2dVertex
 10
-13.07599094244699
 20
24.02426395830927
 30
0.0
  0
VERTEX
  5
1FC
330
147
100
AcDbEntity
  8
0
100
AcDbVertex
100
AcDb2dVertex
 10
-13.21794364455685
 20
23.96578898377723
 30
0.0
  0
VERTEX
  5
1FD
330
147
100
AcDbEntity
  8
0
100
AcDbVertex
100
AcDb2dVertex
 10
-13.21794364455684
 20
23.85048747592768
 30
0.0
  0
VERTEX
  5
1FE
330
147
100
AcDbEntity
  8
0
100
AcDbVertex
100
AcDb2dVertex
 10
-13.05042018815858
 20
23.77358126598583
 30
0.0
  0
VERTEX
  5
1FF
330
147
100
AcDbEntity
  8
0
100
AcDbVertex
100
AcDb2dVertex
 10
-12.99172520629858
 20
23.74711503627077
 30
0.0
  0
VERTEX
  5
200
330
147
100
AcDbEntity
  8
0
100
AcDbVertex
100
AcDb2dVertex
 10
-12.8401221740201
 20
23.68002453704792
 30
0.0
  0
VERTEX
  5
201
330
147
100
AcDbEntity
  8
0
100
AcDbVertex
100
AcDb2dVertex
 10
-12.6877601377794
 20
23.61462572638001
 30
0.0
  0
VERTEX
  5
202
330
147
100
AcDbEntity
  8
0
100
AcDbVertex
100
AcDb2dVertex
 10
-12.68776013777941
 20
23.46797875800585
 30
0.0
  0
VERTEX
  5
203
330
147
100
AcDbEntity
  8
0
100
AcDbVertex
100
AcDb2dVertex
 10
-12.71236814088588
 20
23.45903899197032
 30
0.0
  0
VERTEX
  5
204
330
147
100
AcDbEntity
  8
0
100
AcDbVertex
100
AcDb2dVertex
 10
-12.83813988092575
 20
23.41218286167712
 30
0.0
  0
VERTEX
  5
205
330
147
100
AcDbEntity
  8
0
100
AcDbVertex
100
AcDb2dVertex
 10
-12.85452656827141
 20
23.40594010544567
 30
0.0
  0
VERTEX
  5
206
330
147
100
AcDbEntity
  8
0
100
AcDbVertex
100
AcDb2dVertex
 10
-12.98762533295234
 20
23.35413080194762
 30
0.0
  0
VERTEX
  5
207
330
147
100
AcDbEntity
  8
0
100
AcDbVertex
100
AcDb2dVertex
 10
-13.07599094244716
 20
23.31870840275364
 30
0.0
  0
VERTEX
  5
208
330
147
100
AcDbEntity
  8
0
100
AcDbVertex
100
AcDb2dVertex
 10
-13.21794364455683
 20
23.26023342822166
 30
0.0
  0
VERTEX
  5
209
330
147
100
AcDbEntity
  8
0
100
AcDbVertex
100
AcDb2dVertex
 10
-13.21794364455684
 20
23.14493192037212
 30
0.0
  0
VERTEX
  5
20A
330
147
100
AcDbEntity
  8
0
100
AcDbVertex
100
AcDb2dVertex
 10
-13.05042018815843
 20
23.0680257104302
 30
0.0
  0
VERTEX
  5
20B
330
147
100
AcDbEntity
  8
0
100
AcDbVertex
100
AcDb2dVertex
 10
-12.99172520629856
 20
23.0415594807152
 30
0.0
  0
VERTEX
  5
20C
330
147
100
AcDbEntity
  8
0
100
AcDbVertex
100
AcDb2dVertex
 10
-12.84012217402008
 20
22.97446898149235
 30
0.0
  0
VERTEX
  5
20D
330
147
100
AcDbEntity
  8
0
100
AcDbVertex
100
AcDb2dVertex
 10
-12.68776013777941
 20
22.90907017082445
 30
0.0
  0
VERTEX
  5
20E
330
147
100
AcDbEntity
  8
0
100
AcDbVertex
100
AcDb2dVertex
 10
-12.68776013777941
 20
22.76242320245029
 30
0.0
  0
VERTEX
  5
20F
330
147
100
AcDbEntity
  8
0
100
AcDbVertex
100
AcDb2dVertex
 10
-12.75307662848819
 20
22.73852751563607
 30
0.0
  0
VERTEX
  5
210
330
147
100
AcDbEntity
  8
0
100
AcDbVertex
100
AcDb2dVertex
 10
-12.83813988092574
 20
22.70662730612156
 30
0.0
  0
VERTEX
  5
211
330
147
100
AcDbEntity
  8
0
100
AcDbVertex
100
AcDb2dVertex
 10
-12.93191745849945
 20
22.67049356411849
 30
0.0
  0
VERTEX
  5
212
330
147
100
AcDbEntity
  8
0
100
AcDbVertex
100
AcDb2dVertex
 10
-12.84181811994804
 20
22.60606712790456
 30
0.0
  0
VERTEX
  5
213
330
147
100
AcDbEntity
  8
0
100
AcDbVertex
100
AcDb2dVertex
 10
-12.75240076294928
 20
22.54353522791298
 30
0.0
  0
VERTEX
  5
214
330
147
100
AcDbEntity
  8
0
100
AcDbVertex
100
AcDb2dVertex
 10
-12.66363488179235
 20
22.48294043170911
 30
0.0
  0
VERTEX
  5
215
330
147
100
AcDbEntity
  8
0
100
AcDbVertex
100
AcDb2dVertex
 10
-12.59094219610947
 20
22.43448748904926
 30
0.0
  0
VERTEX
  5
216
330
147
100
AcDbEntity
  8
0
100
AcDbVertex
100
AcDb2dVertex
 10
-12.59094219610947
 20
19.64048748904926
 30
0.0
  0
VERTEX
  5
217
330
147
100
AcDbEntity
  8
0
100
AcDbVertex
100
AcDb2dVertex
 10
-15.5875
 20
19.64048748904926
 30
0.0
  0
VERTEX
  5
218
330
147
100
AcDbEntity
  8
0
100
AcDbVertex
100
AcDb2dVertex
 10
-15.5875
 20
17.98948748904926
 30
0.0
  0
VERTEX
  5
219
330
147
100
AcDbEntity
  8
0
100
AcDbVertex
100
AcDb2dVertex
 10
-14.5715
 20
17.98948748904926
 30
0.0
  0
VERTEX
  5
21A
330
147
100
AcDbEntity
  8
0
100
AcDbVertex
100
AcDb2dVertex
 10
-14.5715
 20
18.49748748904925
 30
0.0
  0
VERTEX
  5
21B
330
147
100
AcDbEntity
  8
0
100
AcDbVertex
100
AcDb2dVertex
 10
-7.078500000000004
 20
18.49748748904925
 30
0.0
  0
VERTEX
  5
21C
330
147
100
AcDbEntity
  8
0
100
AcDbVertex
100
AcDb2dVertex
 10
-7.078500000000004
 20
17.98948748904927
 30
0.0
  0
VERTEX
  5
21D
330
147
100
AcDbEntity
  8
0
100
AcDbVertex
100
AcDb2dVertex
 10
-6.062499999999998
 20
17.98948748904926
 30
0.0
  0
SEQEND
  5
21E
330
147
100
AcDbEntity
  8
Copper_Traces
  0
POLYLINE
  5
21F
330
1F
100
AcDbEntity
  8
Copper_Traces
100
AcDb2dPolyline
 66
     1
 10
0.0
 20
0.0
 30
0.0
 70
     1
  0
VERTEX
  5
220
330
21F
100
AcDbEntity
  8
0
100
AcDbVertex
100
AcDb2dVertex
 10
28.9375
 20
17.98948748904926
 30
0.0
  0
VERTEX
  5
221
330
21F
100
AcDbEntity
  8
0
100
AcDbVertex
100
AcDb2dVertex
 10
28.9375
 20
19.64048748904926
 30
0.0
  0
VERTEX
  5
222
330
21F
100
AcDbEntity
  8
0
100
AcDbVertex
100
AcDb2dVertex
 10
25.94094219610947
 20
19.64048748904926
 30
0.0
  0
VERTEX
  5
223
330
21F
100
AcDbEntity
  8
0
100
AcDbVertex
100
AcDb2dVertex
 10
25.94094219610947
 20
22.43448748904926
 30
0.0
  0
VERTEX
  5
224
330
21F
100
AcDbEntity
  8
0
100
AcDbVertex
100
AcDb2dVertex
 10
26.00640649768988
 20
22.4780741081514
 30
0.0
  0
VERTEX
  5
225
330
21F
100
AcDbEntity
  8
0
100
AcDbVertex
100
AcDb2dVertex
 10
26.07295630551674
 20
22.52326692506659
 30
0.0
  0
VERTEX
  5
226
330
21F
100
AcDbEntity
  8
0
100
AcDbVertex
100
AcDb2dVertex
 10
26.12368470471828
 20
22.55828751614488
 30
0.0
  0
VERTEX
  5
227
330
21F
100
AcDbEntity
  8
0
100
AcDbVertex
100
AcDb2dVertex
 10
26.0961664537536
 20
22.57009086333014
 30
0.0
  0
VERTEX
  5
228
330
21F
100
AcDbEntity
  8
0
100
AcDbVertex
100
AcDb2dVertex
 10
26.03776013777941
 20
22.59490480727398
 30
0.0
  0
VERTEX
  5
229
330
21F
100
AcDbEntity
  8
0
100
AcDbVertex
100
AcDb2dVertex
 10
26.0377601377794
 20
22.74155177564815
 30
0.0
  0
VERTEX
  5
22A
330
21F
100
AcDbEntity
  8
0
100
AcDbVertex
100
AcDb2dVertex
 10
26.16506308414292
 20
22.78860882140402
 30
0.0
  0
VERTEX
  5
22B
330
21F
100
AcDbEntity
  8
0
100
AcDbVertex
100
AcDb2dVertex
 10
26.27058875185546
 20
22.82906465406674
 30
0.0
  0
VERTEX
  5
22C
330
21F
100
AcDbEntity
  8
0
100
AcDbVertex
100
AcDb2dVertex
 10
26.41962998960052
 20
22.88824630551677
 30
0.0
  0
VERTEX
  5
22D
330
21F
100
AcDbEntity
  8
0
100
AcDbVertex
100
AcDb2dVertex
 10
26.56794364455684
 20
22.94929710543234
 30
0.0
  0
VERTEX
  5
22E
330
21F
100
AcDbEntity
  8
0
100
AcDbVertex
100
AcDb2dVertex
 10
26.56794364455683
 20
23.06459861328188
 30
0.0
  0
VERTEX
  5
22F
330
21F
100
AcDbEntity
  8
0
100
AcDbVertex
100
AcDb2dVertex
 10
26.41729796240064
 20
23.13384660701783
 30
0.0
  0
VERTEX
  5
230
330
21F
100
AcDbEntity
  8
0
100
AcDbVertex
100
AcDb2dVertex
 10
26.2660364241624
 20
23.20170318661155
 30
0.0
  0
VERTEX
  5
231
330
21F
100
AcDbEntity
  8
0
100
AcDbVertex
100
AcDb2dVertex
 10
26.18614776918254
 20
23.23679436829336
 30
0.0
  0
VERTEX
  5
232
330
21F
100
AcDbEntity
  8
0
100
AcDbVertex
100
AcDb2dVertex
 10
26.03776013777941
 20
23.30046036282954
 30
0.0
  0
VERTEX
  5
233
330
21F
100
AcDbEntity
  8
0
100
AcDbVertex
100
AcDb2dVertex
 10
26.03776013777942
 20
23.4471073312037
 30
0.0
  0
VERTEX
  5
234
330
21F
100
AcDbEntity
  8
0
100
AcDbVertex
100
AcDb2dVertex
 10
26.16506308414279
 20
23.49416437695953
 30
0.0
  0
VERTEX
  5
235
330
21F
100
AcDbEntity
  8
0
100
AcDbVertex
100
AcDb2dVertex
 10
26.27058875185546
 20
23.53462020962229
 30
0.0
  0
VERTEX
  5
236
330
21F
100
AcDbEntity
  8
0
100
AcDbVertex
100
AcDb2dVertex
 10
26.41962998960051
 20
23.59380186107233
 30
0.0
  0
VERTEX
  5
237
330
21F
100
AcDbEntity
  8
0
100
AcDbVertex
100
AcDb2dVertex
 10
26.56794364455684
 20
23.6548526609879
 30
0.0
  0
VERTEX
  5
238
330
21F
100
AcDbEntity
  8
0
100
AcDbVertex
100
AcDb2dVertex
 10
26.56794364455684
 20
23.77015416883744
 30
0.0
  0
VERTEX
  5
239
330
21F
100
AcDbEntity
  8
0
100
AcDbVertex
100
AcDb2dVertex
 10
26.4172979624007
 20
23.83940216257336
 30
0.0
  0
VERTEX
  5
23A
330
21F
100
AcDbEntity
  8
0
100
AcDbVertex
100
AcDb2dVertex
 10
26.2660364241625
 20
23.90725874216706
 30
0.0
  0
VERTEX
  5
23B
330
21F
100
AcDbEntity
  8
0
100
AcDbVertex
100
AcDb2dVertex
 10
26.18614776918121
 20
23.94234992384949
 30
0.0
  0
VERTEX
  5
23C
330
21F
100
AcDbEntity
  8
0
100
AcDbVertex
100
AcDb2dVertex
 10
26.03776013777941
 20
24.0060159183851
 30
0.0
  0
VERTEX
  5
23D
330
21F
100
AcDbEntity
  8
0
100
AcDbVertex
100
AcDb2dVertex
 10
26.03776013777942
 20
24.15266288675927
 30
0.0
  0
VERTEX
  5
23E
330
21F
100
AcDbEntity
  8
0
100
AcDbVertex
100
AcDb2dVertex
 10
26.165063084143
 20
24.19971993251516
 30
0.0
  0
VERTEX
  5
23F
330
21F
100
AcDbEntity
  8
0
100
AcDbVertex
100
AcDb2dVertex
 10
26.27058875185547
 20
24.24017576517786
 30
0.0
  0
VERTEX
  5
240
330
21F
100
AcDbEntity
  8
0
100
AcDbVertex
100
AcDb2dVertex
 10
26.41962998960052
 20
24.2993574166279
 30
0.0
  0
VERTEX
  5
241
330
21F
100
AcDbEntity
  8
0
100
AcDbVertex
100
AcDb2dVertex
 10
26.56794364455684
 20
24.36040821654345
 30
0.0
  0
VERTEX
  5
242
330
21F
100
AcDbEntity
  8
0
100
AcDbVertex
100
AcDb2dVertex
 10
26.56794364455683
 20
24.47570972439301
 30
0.0
  0
VERTEX
  5
243
330
21F
100
AcDbEntity
  8
0
100
AcDbVertex
100
AcDb2dVertex
 10
26.41729796240067
 20
24.54495771812894
 30
0.0
  0
VERTEX
  5
244
330
21F
100
AcDbEntity
  8
0
100
AcDbVertex
100
AcDb2dVertex
 10
26.26603642416246
 20
24.61281429772265
 30
0.0
  0
VERTEX
  5
245
330
21F
100
AcDbEntity
  8
0
100
AcDbVertex
100
AcDb2dVertex
 10
26.1861477691821
 20
24.64790547940468
 30
0.0
  0
VERTEX
  5
246
330
21F
100
AcDbEntity
  8
0
100
AcDbVertex
100
AcDb2dVertex
 10
26.03776013777941
 20
24.71157147394067
 30
0.0
  0
VERTEX
  5
247
330
21F
100
AcDbEntity
  8
0
100
AcDbVertex
100
AcDb2dVertex
 10
26.03776013777942
 20
24.85821844231483
 30
0.0
  0
VERTEX
  5
248
330
21F
100
AcDbEntity
  8
0
100
AcDbVertex
100
AcDb2dVertex
 10
26.16506308414299
 20
24.90527548807072
 30
0.0
  0
VERTEX
  5
249
330
21F
100
AcDbEntity
  8
0
100
AcDbVertex
100
AcDb2dVertex
 10
26.27058875185547
 20
24.94573132073342
 30
0.0
  0
VERTEX
  5
24A
330
21F
100
AcDbEntity
  8
0
100
AcDbVertex
100
AcDb2dVertex
 10
26.41962998960052
 20
25.00491297218345
 30
0.0
  0
VERTEX
  5
24B
330
21F
100
AcDbEntity
  8
0
100
AcDbVertex
100
AcDb2dVertex
 10
26.56794364455684
 20
25.06596377209901
 30
0.0
  0
VERTEX
  5
24C
330
21F
100
AcDbEntity
  8
0
100
AcDbVertex
100
AcDb2dVertex
 10
26.56794364455683
 20
25.18126527994856
 30
0.0
  0
VERTEX
  5
24D
330
21F
100
AcDbEntity
  8
0
100
AcDbVertex
100
AcDb2dVertex
 10
26.4172979624007
 20
25.25051327368448
 30
0.0
  0
VERTEX
  5
24E
330
21F
100
AcDbEntity
  8
0
100
AcDbVertex
100
AcDb2dVertex
 10
26.2660364241625
 20
25.31836985327818
 30
0.0
  0
VERTEX
  5
24F
330
21F
100
AcDbEntity
  8
0
100
AcDbVertex
100
AcDb2dVertex
 10
26.18614776918129
 20
25.35346103496058
 30
0.0
  0
VERTEX
  5
250
330
21F
100
AcDbEntity
  8
0
100
AcDbVertex
100
AcDb2dVertex
 10
26.03776013777941
 20
25.41712702949622
 30
0.0
  0
VERTEX
  5
251
330
21F
100
AcDbEntity
  8
0
100
AcDbVertex
100
AcDb2dVertex
 10
26.03776013777943
 20
25.5637739978704
 30
0.0
  0
VERTEX
  5
252
330
21F
100
AcDbEntity
  8
0
100
AcDbVertex
100
AcDb2dVertex
 10
26.16506308414296
 20
25.61083104362627
 30
0.0
  0
VERTEX
  5
253
330
21F
100
AcDbEntity
  8
0
100
AcDbVertex
100
AcDb2dVertex
 10
26.27058875185548
 20
25.65128687628899
 30
0.0
  0
VERTEX
  5
254
330
21F
100
AcDbEntity
  8
0
100
AcDbVertex
100
AcDb2dVertex
 10
26.41962998960053
 20
25.71046852773902
 30
0.0
  0
VERTEX
  5
255
330
21F
100
AcDbEntity
  8
0
100
AcDbVertex
100
AcDb2dVertex
 10
26.56794364455684
 20
25.77151932765458
 30
0.0
  0
VERTEX
  5
256
330
21F
100
AcDbEntity
  8
0
100
AcDbVertex
100
AcDb2dVertex
 10
26.56794364455683
 20
25.88682083550413
 30
0.0
  0
VERTEX
  5
257
330
21F
100
AcDbEntity
  8
0
100
AcDbVertex
100
AcDb2dVertex
 10
26.41729796240067
 20
25.95606882924006
 30
0.0
  0
VERTEX
  5
258
330
21F
100
AcDbEntity
  8
0
100
AcDbVertex
100
AcDb2dVertex
 10
26.26603642416245
 20
26.02392540883378
 30
0.0
  0
VERTEX
  5
259
330
21F
100
AcDbEntity
  8
0
100
AcDbVertex
100
AcDb2dVertex
 10
26.18614776918242
 20
26.05901659051566
 30
0.0
  0
VERTEX
  5
25A
330
21F
100
AcDbEntity
  8
0
100
AcDbVertex
100
AcDb2dVertex
 10
26.03776013777941
 20
26.12268258505179
 30
0.0
  0
VERTEX
  5
25B
330
21F
100
AcDbEntity
  8
0
100
AcDbVertex
100
AcDb2dVertex
 10
26.03776013777943
 20
26.26932955342595
 30
0.0
  0
VERTEX
  5
25C
330
21F
100
AcDbEntity
  8
0
100
AcDbVertex
100
AcDb2dVertex
 10
26.14563272712545
 20
26.30907698331422
 30
0.0
  0
VERTEX
  5
25D
330
21F
100
AcDbEntity
  8
0
100
AcDbVertex
100
AcDb2dVertex
 10
26.25632887344815
 20
26.35130274037193
 30
0.0
  0
VERTEX
  5
25E
330
21F
100
AcDbEntity
  8
0
100
AcDbVertex
100
AcDb2dVertex
 10
26.27058875185548
 20
26.35684243184453
 30
0.0
  0
VERTEX
  5
25F
330
21F
100
AcDbEntity
  8
0
100
AcDbVertex
100
AcDb2dVertex
 10
26.38696777703205
 20
26.40286042985481
 30
0.0
  0
VERTEX
  5
260
330
21F
100
AcDbEntity
  8
0
100
AcDbVertex
100
AcDb2dVertex
 10
26.41914464749094
 20
26.41582785384953
 30
0.0
  0
VERTEX
  5
261
330
21F
100
AcDbEntity
  8
0
100
AcDbVertex
100
AcDb2dVertex
 10
26.3108013170331
 20
26.49554186592067
 30
0.0
  0
VERTEX
  5
262
330
21F
100
AcDbEntity
  8
0
100
AcDbVertex
100
AcDb2dVertex
 10
26.20347301741647
 20
26.572652031604
 30
0.0
  0
VERTEX
  5
263
330
21F
100
AcDbEntity
  8
0
100
AcDbVertex
100
AcDb2dVertex
 10
26.09711245777632
 20
26.64709205974366
 30
0.0
  0
VERTEX
  5
264
330
21F
100
AcDbEntity
  8
0
100
AcDbVertex
100
AcDb2dVertex
 10
25.99166842453928
 20
26.71879027988174
 30
0.0
  0
VERTEX
  5
265
330
21F
100
AcDbEntity
  8
0
100
AcDbVertex
100
AcDb2dVertex
 10
25.94094219610947
 20
26.75248748904926
 30
0.0
  0
VERTEX
  5
266
330
21F
100
AcDbEntity
  8
0
100
AcDbVertex
100
AcDb2dVertex
 10
25.94094219610949
 20
27.51448748904926
 30
0.0
  0
VERTEX
  5
267
330
21F
100
AcDbEntity
  8
0
100
AcDbVertex
100
AcDb2dVertex
 10
25.52130678228441
 20
27.51448748904926
 30
0.0
  0
VERTEX
  5
268
330
21F
100
AcDbEntity
  8
0
100
AcDbVertex
100
AcDb2dVertex
 10
25.48254496105524
 20
27.49317330586777
 30
0.0
  0
VERTEX
  5
269
330
21F
100
AcDbEntity
  8
0
100
AcDbVertex
100
AcDb2dVertex
 10
25.43058115532826
 20
27.46529230535841
 30
0.0
  0
VERTEX
  5
26A
330
21F
100
AcDbEntity
  8
0
100
AcDbVertex
100
AcDb2dVertex
 10
25.37921091635063
 20
27.43853494139951
 30
0.0
  0
VERTEX
  5
26B
330
21F
100
AcDbEntity
  8
0
100
AcDbVertex
100
AcDb2dVertex
 10
25.32840771976999
 20
27.41288748904926
 30
0.0
  0
VERTEX
  5
26C
330
21F
100
AcDbEntity
  8
0
100
AcDbVertex
100
AcDb2dVertex
 10
25.32840771976997
 20
25.63488748904926
 30
0.0
  0
VERTEX
  5
26D
330
21F
100
AcDbEntity
  8
0
100
AcDbVertex
100
AcDb2dVertex
 10
25.32840473923739
 20
25.63449966699704
 30
0.0
  0
VERTEX
  5
26E
330
21F
100
AcDbEntity
  8
0
100
AcDbVertex
100
AcDb2dVertex
 10
25.32827940640431
 20
25.63234370911166
 30
0.0
  0
VERTEX
  5
26F
330
21F
100
AcDbEntity
  8
0
100
AcDbVertex
100
AcDb2dVertex
 10
25.32773764352982
 20
25.62908263663898
 30
0.0
  0
VERTEX
  5
270
330
21F
100
AcDbEntity
  8
0
100
AcDbVertex
100
AcDb2dVertex
 10
25.32678196295314
 20
25.62586825689204
 30
0.0
  0
VERTEX
  5
271
330
21F
100
AcDbEntity
  8
0
100
AcDbVertex
100
AcDb2dVertex
 10
25.32633372920555
 20
25.62471250477458
 30
0.0
  0
VERTEX
  5
272
330
21F
100
AcDbEntity
  8
0
100
AcDbVertex
100
AcDb2dVertex
 10
25.32477161693724
 20
25.62147038360224
 30
0.0
  0
VERTEX
  5
273
330
21F
100
AcDbEntity
  8
0
100
AcDbVertex
100
AcDb2dVertex
 10
25.32282993545925
 20
25.61835526975122
 30
0.0
  0
VERTEX
  5
274
330
21F
100
AcDbEntity
  8
0
100
AcDbVertex
100
AcDb2dVertex
 10
25.32052971981831
 20
25.61536070295647
 30
0.0
  0
VERTEX
  5
275
330
21F
100
AcDbEntity
  8
0
100
AcDbVertex
100
AcDb2dVertex
 10
25.31854552116257
 20
25.61315651222139
 30
0.0
  0
VERTEX
  5
276
330
21F
100
AcDbEntity
  8
0
100
AcDbVertex
100
AcDb2dVertex
 10
25.31527040662003
 20
25.61003006755315
 30
0.0
  0
VERTEX
  5
277
330
21F
100
AcDbEntity
  8
0
100
AcDbVertex
100
AcDb2dVertex
 10
25.31165096049376
 20
25.60709450111271
 30
0.0
  0
VERTEX
  5
278
330
21F
100
AcDbEntity
  8
0
100
AcDbVertex
100
AcDb2dVertex
 10
25.309886722735
 20
25.60581241162362
 30
0.0
  0
VERTEX
  5
279
330
21F
100
AcDbEntity
  8
0
100
AcDbVertex
100
AcDb2dVertex
 10
25.30524120907906
 20
25.60279727814321
 30
0.0
  0
VERTEX
  5
27A
330
21F
100
AcDbEntity
  8
0
100
AcDbVertex
100
AcDb2dVertex
 10
25.3002839922505
 20
25.600036746336
 30
0.0
  0
VERTEX
  5
27B
330
21F
100
AcDbEntity
  8
0
100
AcDbVertex
100
AcDb2dVertex
 10
25.29503517245583
 20
25.59751295979988
 30
0.0
  0
VERTEX
  5
27C
330
21F
100
AcDbEntity
  8
0
100
AcDbVertex
100
AcDb2dVertex
 10
25.28951068331734
 20
25.59521393240383
 30
0.0
  0
VERTEX
  5
27D
330
21F
100
AcDbEntity
  8
0
100
AcDbVertex
100
AcDb2dVertex
 10
25.28372344635436
 20
25.59313184511283
 30
0.0
  0
VERTEX
  5
27E
330
21F
100
AcDbEntity
  8
0
100
AcDbVertex
100
AcDb2dVertex
 10
25.27741458903925
 20
25.59118509516158
 30
0.0
  0
VERTEX
  5
27F
330
21F
100
AcDbEntity
  8
0
100
AcDbVertex
100
AcDb2dVertex
 10
25.26966662544252
 20
25.58919051182571
 30
0.0
  0
VERTEX
  5
280
330
21F
100
AcDbEntity
  8
0
100
AcDbVertex
100
AcDb2dVertex
 10
25.26168360471335
 20
25.58753351961666
 30
0.0
  0
VERTEX
  5
281
330
21F
100
AcDbEntity
  8
0
100
AcDbVertex
100
AcDb2dVertex
 10
25.25348125056382
 20
25.58620384259489
 30
0.0
  0
VERTEX
  5
282
330
21F
100
AcDbEntity
  8
0
100
AcDbVertex
100
AcDb2dVertex
 10
25.25095717836294
 20
25.58586495301953
 30
0.0
  0
VERTEX
  5
283
330
21F
100
AcDbEntity
  8
0
100
AcDbVertex
100
AcDb2dVertex
 10
25.2415370698921
 20
25.58487304612298
 30
0.0
  0
VERTEX
  5
284
330
21F
100
AcDbEntity
  8
0
100
AcDbVertex
100
AcDb2dVertex
 10
25.23200409171482
 20
25.58428330129879
 30
0.0
  0
VERTEX
  5
285
330
21F
100
AcDbEntity
  8
0
100
AcDbVertex
100
AcDb2dVertex
 10
25.22237528900819
 20
25.58408748904926
 30
0.0
  0
VERTEX
  5
286
330
21F
100
AcDbEntity
  8
0
100
AcDbVertex
100
AcDb2dVertex
 10
23.12762471099182
 20
25.58408748904926
 30
0.0
  0
VERTEX
  5
287
330
21F
100
AcDbEntity
  8
0
100
AcDbVertex
100
AcDb2dVertex
 10
23.11759516519974
 20
25.58430003818034
 30
0.0
  0
VERTEX
  5
288
330
21F
100
AcDbEntity
  8
0
100
AcDbVertex
100
AcDb2dVertex
 10
23.10761603250694
 20
25.58494517033167
 30
0.0
  0
VERTEX
  5
289
330
21F
100
AcDbEntity
  8
0
100
AcDbVertex
100
AcDb2dVertex
 10
23.09784379748329
 20
25.58602195561802
 30
0.0
  0
VERTEX
  5
28A
330
21F
100
AcDbEntity
  8
0
100
AcDbVertex
100
AcDb2dVertex
 10
23.08832502727669
 20
25.58753192880345
 30
0.0
  0
VERTEX
  5
28B
330
21F
100
AcDbEntity
  8
0
100
AcDbVertex
100
AcDb2dVertex
 10
23.08717250480046
 20
25.5877480441392
 30
0.0
  0
VERTEX
  5
28C
330
21F
100
AcDbEntity
  8
0
100
AcDbVertex
100
AcDb2dVertex
 10
23.07863011291241
 20
25.5895945327292
 30
0.0
  0
VERTEX
  5
28D
330
21F
100
AcDbEntity
  8
0
100
AcDbVertex
100
AcDb2dVertex
 10
23.07051433411767
 20
25.59178999934629
 30
0.0
  0
VERTEX
  5
28E
330
21F
100
AcDbEntity
  8
0
100
AcDbVertex
100
AcDb2dVertex
 10
23.06285181125325
 20
25.59432676641415
 30
0.0
  0
VERTEX
  5
28F
330
21F
100
AcDbEntity
  8
0
100
AcDbVertex
100
AcDb2dVertex
 10
23.05566836268148
 20
25.59720129820469
 30
0.0
  0
VERTEX
  5
290
330
21F
100
AcDbEntity
  8
0
100
AcDbVertex
100
AcDb2dVertex
 10
23.04963793253366
 20
25.60007715582269
 30
0.0
  0
VERTEX
  5
291
330
21F
100
AcDbEntity
  8
0
100
AcDbVertex
100
AcDb2dVertex
 10
23.04578166920405
 20
25.60219309942347
 30
0.0
  0
VERTEX
  5
292
330
21F
100
AcDbEntity
  8
0
100
AcDbVertex
100
AcDb2dVertex
 10
23.0407804549961
 20
25.6053490507183
 30
0.0
  0
VERTEX
  5
293
330
21F
100
AcDbEntity
  8
0
100
AcDbVertex
100
AcDb2dVertex
 10
23.03629989101049
 20
25.60870025999418
 30
0.0
  0
VERTEX
  5
294
330
21F
100
AcDbEntity
  8
0
100
AcDbVertex
100
AcDb2dVertex
 10
23.03234503735226
 20
25.61225147243488
 30
0.0
  0
VERTEX
  5
295
330
21F
100
AcDbEntity
  8
0
100
AcDbVertex
100
AcDb2dVertex
 10
23.02929217108515
 20
25.61557344103711
 30
0.0
  0
VERTEX
  5
296
330
21F
100
AcDbEntity
  8
0
100
AcDbVertex
100
AcDb2dVertex
 10
23.02674932747039
 20
25.61897317767767
 30
0.0
  0
VERTEX
  5
297
330
21F
100
AcDbEntity
  8
0
100
AcDbVertex
100
AcDb2dVertex
 10
23.02469048898849
 20
25.62248486419525
 30
0.0
  0
VERTEX
  5
298
330
21F
100
AcDbEntity
  8
0
100
AcDbVertex
100
AcDb2dVertex
 10
23.02352709746431
 20
25.62505622812659
 30
0.0
  0
VERTEX
  5
299
330
21F
100
AcDbEntity
  8
0
100
AcDbVertex
100
AcDb2dVertex
 10
23.02242688953758
 20
25.62841183274359
 30
0.0
  0
VERTEX
  5
29A
330
21F
100
AcDbEntity
  8
0
100
AcDbVertex
100
AcDb2dVertex
 10
23.02177828972575
 20
25.63182520206807
 30
0.0
  0
VERTEX
  5
29B
330
21F
100
AcDbEntity
  8
0
100
AcDbVertex
100
AcDb2dVertex
 10
23.02159228022952
 20
25.63488748904913
 30
0.0
  0
VERTEX
  5
29C
330
21F
100
AcDbEntity
  8
0
100
AcDbVertex
100
AcDb2dVertex
 10
23.02159228023002
 20
27.41288748904926
 30
0.0
  0
VERTEX
  5
29D
330
21F
100
AcDbEntity
  8
0
100
AcDbVertex
100
AcDb2dVertex
 10
22.97821925533085
 20
27.43473267659103
 30
0.0
  0
VERTEX
  5
29E
330
21F
100
AcDbEntity
  8
0
100
AcDbVertex
100
AcDb2dVertex
 10
22.92852627819392
 20
27.460489313495
 30
0.0
  0
VERTEX
  5
29F
330
21F
100
AcDbEntity
  8
0
100
AcDbVertex
100
AcDb2dVertex
 10
22.8786869757347
 20
27.48707887418832
 30
0.0
  0
VERTEX
  5
2A0
330
21F
100
AcDbEntity
  8
0
100
AcDbVertex
100
AcDb2dVertex
 10
22.82869321771559
 20
27.51448748904926
 30
0.0
  0
VERTEX
  5
2A1
330
21F
100
AcDbEntity
  8
0
100
AcDbVertex
100
AcDb2dVertex
 10
22.40905780389051
 20
27.51448748904926
 30
0.0
  0
VERTEX
  5
2A2
330
21F
100
AcDbEntity
  8
0
100
AcDbVertex
100
AcDb2dVertex
 10
22.40905780389054
 20
26.75248748904926
 30
0.0
  0
VERTEX
  5
2A3
330
21F
100
AcDbEntity
  8
0
100
AcDbVertex
100
AcDb2dVertex
 10
22.32055779759815
 20
26.69335632739488
 30
0.0
  0
VERTEX
  5
2A4
330
21F
100
AcDbEntity
  8
0
100
AcDbVertex
100
AcDb2dVertex
 10
22.23005657376522
 20
26.63128670871914
 30
0.0
  0
VERTEX
  5
2A5
330
21F
100
AcDbEntity
  8
0
100
AcDbVertex
100
AcDb2dVertex
 10
22.13745438766245
 20
26.56620905710739
 30
0.0
  0
VERTEX
  5
2A6
330
21F
100
AcDbEntity
  8
0
100
AcDbVertex
100
AcDb2dVertex
 10
22.09056443049336
 20
26.5326854812168
 30
0.0
  0
VERTEX
  5
2A7
330
21F
100
AcDbEntity
  8
0
100
AcDbVertex
100
AcDb2dVertex
 10
22.15987782597989
 20
26.50224675927016
 30
0.0
  0
VERTEX
  5
2A8
330
21F
100
AcDbEntity
  8
0
100
AcDbVertex
100
AcDb2dVertex
 10
22.25446662009926
 20
26.46139118242675
 30
0.0
  0
VERTEX
  5
2A9
330
21F
100
AcDbEntity
  8
0
100
AcDbVertex
100
AcDb2dVertex
 10
22.31223986222058
 20
26.43684794860226
 30
0.0
  0
VERTEX
  5
2AA
330
21F
100
AcDbEntity
  8
0
100
AcDbVertex
100
AcDb2dVertex
 10
22.31223986222059
 20
26.2902009802281
 30
0.0
  0
VERTEX
  5
2AB
330
21F
100
AcDbEntity
  8
0
100
AcDbVertex
100
AcDb2dVertex
 10
22.28763185911411
 20
26.28126121419257
 30
0.0
  0
VERTEX
  5
2AC
330
21F
100
AcDbEntity
  8
0
100
AcDbVertex
100
AcDb2dVertex
 10
22.16186011907423
 20
26.23440508389936
 30
0.0
  0
VERTEX
  5
2AD
330
21F
100
AcDbEntity
  8
0
100
AcDbVertex
100
AcDb2dVertex
 10
22.14547343172821
 20
26.22816232766777
 30
0.0
  0
VERTEX
  5
2AE
330
21F
100
AcDbEntity
  8
0
100
AcDbVertex
100
AcDb2dVertex
 10
22.01237466704763
 20
26.17635302416985
 30
0.0
  0
VERTEX
  5
2AF
330
21F
100
AcDbEntity
  8
0
100
AcDbVertex
100
AcDb2dVertex
 10
21.9240090575529
 20
26.14093062497592
 30
0.0
  0
VERTEX
  5
2B0
330
21F
100
AcDbEntity
  8
0
100
AcDbVertex
100
AcDb2dVertex
 10
21.78205635544315
 20
26.0824556504439
 30
0.0
  0
VERTEX
  5
2B1
330
21F
100
AcDbEntity
  8
0
100
AcDbVertex
100
AcDb2dVertex
 10
21.78205635544317
 20
25.96715414259437
 30
0.0
  0
VERTEX
  5
2B2
330
21F
100
AcDbEntity
  8
0
100
AcDbVertex
100
AcDb2dVertex
 10
21.94957981184172
 20
25.89024793265237
 30
0.0
  0
VERTEX
  5
2B3
330
21F
100
AcDbEntity
  8
0
100
AcDbVertex
100
AcDb2dVertex
 10
22.00827479370142
 20
25.86378170293745
 30
0.0
  0
VERTEX
  5
2B4
330
21F
100
AcDbEntity
  8
0
100
AcDbVertex
100
AcDb2dVertex
 10
22.1598778259799
 20
25.79669120371461
 30
0.0
  0
VERTEX
  5
2B5
330
21F
100
AcDbEntity
  8
0
100
AcDbVertex
100
AcDb2dVertex
 10
22.31223986222058
 20
25.7312923930467
 30
0.0
  0
VERTEX
  5
2B6
330
21F
100
AcDbEntity
  8
0
100
AcDbVertex
100
AcDb2dVertex
 10
22.31223986222059
 20
25.58464542467253
 30
0.0
  0
VERTEX
  5
2B7
330
21F
100
AcDbEntity
  8
0
100
AcDbVertex
100
AcDb2dVertex
 10
22.28763185911436
 20
25.57570565863709
 30
0.0
  0
VERTEX
  5
2B8
330
21F
100
AcDbEntity
  8
0
100
AcDbVertex
100
AcDb2dVertex
 10
22.16186011907424
 20
25.5288495283438
 30
0.0
  0
VERTEX
  5
2B9
330
21F
100
AcDbEntity
  8
0
100
AcDbVertex
100
AcDb2dVertex
 10
22.14547343172853
 20
25.52260677211233
 30
0.0
  0
VERTEX
  5
2BA
330
21F
100
AcDbEntity
  8
0
100
AcDbVertex
100
AcDb2dVertex
 10
22.01237466704766
 20
25.4707974686143
 30
0.0
  0
VERTEX
  5
2BB
330
21F
100
AcDbEntity
  8
0
100
AcDbVertex
100
AcDb2dVertex
 10
21.92400905755277
 20
25.4353750694203
 30
0.0
  0
VERTEX
  5
2BC
330
21F
100
AcDbEntity
  8
0
100
AcDbVertex
100
AcDb2dVertex
 10
21.78205635544315
 20
25.37690009488835
 30
0.0
  0
VERTEX
  5
2BD
330
21F
100
AcDbEntity
  8
0
100
AcDbVertex
100
AcDb2dVertex
 10
21.78205635544317
 20
25.2615985870388
 30
0.0
  0
VERTEX
  5
2BE
330
21F
100
AcDbEntity
  8
0
100
AcDbVertex
100
AcDb2dVertex
 10
21.94957981184142
 20
25.18469237709695
 30
0.0
  0
VERTEX
  5
2BF
330
21F
100
AcDbEntity
  8
0
100
AcDbVertex
100
AcDb2dVertex
 10
22.00827479370141
 20
25.15822614738189
 30
0.0
  0
VERTEX
  5
2C0
330
21F
100
AcDbEntity
  8
0
100
AcDbVertex
100
AcDb2dVertex
 10
22.15987782597989
 20
25.09113564815905
 30
0.0
  0
VERTEX
  5
2C1
330
21F
100
AcDbEntity
  8
0
100
AcDbVertex
100
AcDb2dVertex
 10
22.31223986222058
 20
25.02573683749115
 30
0.0
  0
VERTEX
  5
2C2
330
21F
100
AcDbEntity
  8
0
100
AcDbVertex
100
AcDb2dVertex
 10
22.31223986222059
 20
24.87908986911698
 30
0.0
  0
VERTEX
  5
2C3
330
21F
100
AcDbEntity
  8
0
100
AcDbVertex
100
AcDb2dVertex
 10
22.28763185911422
 20
24.87015010308149
 30
0.0
  0
VERTEX
  5
2C4
330
21F
100
AcDbEntity
  8
0
100
AcDbVertex
100
AcDb2dVertex
 10
22.16186011907424
 20
24.82329397278824
 30
0.0
  0
VERTEX
  5
2C5
330
21F
100
AcDbEntity
  8
0
100
AcDbVertex
100
AcDb2dVertex
 10
22.14547343172801
 20
24.81705121655657
 30
0.0
  0
VERTEX
  5
2C6
330
21F
100
AcDbEntity
  8
0
100
AcDbVertex
100
AcDb2dVertex
 10
22.01237466704766
 20
24.76524191305874
 30
0.0
  0
VERTEX
  5
2C7
330
21F
100
AcDbEntity
  8
0
100
AcDbVertex
100
AcDb2dVertex
 10
21.92400905755303
 20
24.72981951386484
 30
0.0
  0
VERTEX
  5
2C8
330
21F
100
AcDbEntity
  8
0
100
AcDbVertex
100
AcDb2dVertex
 10
21.78205635544316
 20
24.67134453933279
 30
0.0
  0
VERTEX
  5
2C9
330
21F
100
AcDbEntity
  8
0
100
AcDbVertex
100
AcDb2dVertex
 10
21.78205635544317
 20
24.55604303148324
 30
0.0
  0
VERTEX
  5
2CA
330
21F
100
AcDbEntity
  8
0
100
AcDbVertex
100
AcDb2dVertex
 10
21.94957981184155
 20
24.47913682154133
 30
0.0
  0
VERTEX
  5
2CB
330
21F
100
AcDbEntity
  8
0
100
AcDbVertex
100
AcDb2dVertex
 10
22.00827479370142
 20
24.45267059182633
 30
0.0
  0
VERTEX
  5
2CC
330
21F
100
AcDbEntity
  8
0
100
AcDbVertex
100
AcDb2dVertex
 10
22.1598778259799
 20
24.38558009260349
 30
0.0
  0
VERTEX
  5
2CD
330
21F
100
AcDbEntity
  8
0
100
AcDbVertex
100
AcDb2dVertex
 10
22.31223986222059
 20
24.32018128193559
 30
0.0
  0
VERTEX
  5
2CE
330
21F
100
AcDbEntity
  8
0
100
AcDbVertex
100
AcDb2dVertex
 10
22.31223986222059
 20
24.1735343135614
 30
0.0
  0
VERTEX
  5
2CF
330
21F
100
AcDbEntity
  8
0
100
AcDbVertex
100
AcDb2dVertex
 10
22.28763185911436
 20
24.16459454752597
 30
0.0
  0
VERTEX
  5
2D0
330
21F
100
AcDbEntity
  8
0
100
AcDbVertex
100
AcDb2dVertex
 10
22.16186011907424
 20
24.11773841723268
 30
0.0
  0
VERTEX
  5
2D1
330
21F
100
AcDbEntity
  8
0
100
AcDbVertex
100
AcDb2dVertex
 10
22.14547343172837
 20
24.11149566100115
 30
0.0
  0
VERTEX
  5
2D2
330
21F
100
AcDbEntity
  8
0
100
AcDbVertex
100
AcDb2dVertex
 10
22.01237466704766
 20
24.05968635750318
 30
0.0
  0
VERTEX
  5
2D3
330
21F
100
AcDbEntity
  8
0
100
AcDbVertex
100
AcDb2dVertex
 10
21.92400905755295
 20
24.02426395830924
 30
0.0
  0
VERTEX
  5
2D4
330
21F
100
AcDbEntity
  8
0
100
AcDbVertex
100
AcDb2dVertex
 10
21.78205635544316
 20
23.96578898377723
 30
0.0
  0
VERTEX
  5
2D5
330
21F
100
AcDbEntity
  8
0
100
AcDbVertex
100
AcDb2dVertex
 10
21.78205635544317
 20
23.85048747592768
 30
0.0
  0
VERTEX
  5
2D6
330
21F
100
AcDbEntity
  8
0
100
AcDbVertex
100
AcDb2dVertex
 10
21.94957981184113
 20
23.77358126598596
 30
0.0
  0
VERTEX
  5
2D7
330
21F
100
AcDbEntity
  8
0
100
AcDbVertex
100
AcDb2dVertex
 10
22.00827479370143
 20
23.74711503627076
 30
0.0
  0
VERTEX
  5
2D8
330
21F
100
AcDbEntity
  8
0
100
AcDbVertex
100
AcDb2dVertex
 10
22.15987782597992
 20
23.68002453704792
 30
0.0
  0
VERTEX
  5
2D9
330
21F
100
AcDbEntity
  8
0
100
AcDbVertex
100
AcDb2dVertex
 10
22.3122398622206
 20
23.61462572638002
 30
0.0
  0
VERTEX
  5
2DA
330
21F
100
AcDbEntity
  8
0
100
AcDbVertex
100
AcDb2dVertex
 10
22.31223986222059
 20
23.46797875800585
 30
0.0
  0
VERTEX
  5
2DB
330
21F
100
AcDbEntity
  8
0
100
AcDbVertex
100
AcDb2dVertex
 10
22.28763185911437
 20
23.45903899197041
 30
0.0
  0
VERTEX
  5
2DC
330
21F
100
AcDbEntity
  8
0
100
AcDbVertex
100
AcDb2dVertex
 10
22.16186011907426
 20
23.41218286167712
 30
0.0
  0
VERTEX
  5
2DD
330
21F
100
AcDbEntity
  8
0
100
AcDbVertex
100
AcDb2dVertex
 10
22.14547343172838
 20
23.40594010544559
 30
0.0
  0
VERTEX
  5
2DE
330
21F
100
AcDbEntity
  8
0
100
AcDbVertex
100
AcDb2dVertex
 10
22.01237466704766
 20
23.35413080194762
 30
0.0
  0
VERTEX
  5
2DF
330
21F
100
AcDbEntity
  8
0
100
AcDbVertex
100
AcDb2dVertex
 10
21.92400905755277
 20
23.31870840275361
 30
0.0
  0
VERTEX
  5
2E0
330
21F
100
AcDbEntity
  8
0
100
AcDbVertex
100
AcDb2dVertex
 10
21.78205635544317
 20
23.26023342822166
 30
0.0
  0
VERTEX
  5
2E1
330
21F
100
AcDbEntity
  8
0
100
AcDbVertex
100
AcDb2dVertex
 10
21.78205635544317
 20
23.14493192037212
 30
0.0
  0
VERTEX
  5
2E2
330
21F
100
AcDbEntity
  8
0
100
AcDbVertex
100
AcDb2dVertex
 10
21.94957981184142
 20
23.06802571043027
 30
0.0
  0
VERTEX
  5
2E3
330
21F
100
AcDbEntity
  8
0
100
AcDbVertex
100
AcDb2dVertex
 10
22.00827479370143
 20
23.0415594807152
 30
0.0
  0
VERTEX
  5
2E4
330
21F
100
AcDbEntity
  8
0
100
AcDbVertex
100
AcDb2dVertex
 10
22.1598778259799
 20
22.97446898149235
 30
0.0
  0
VERTEX
  5
2E5
330
21F
100
AcDbEntity
  8
0
100
AcDbVertex
100
AcDb2dVertex
 10
22.31223986222059
 20
22.90907017082446
 30
0.0
  0
VERTEX
  5
2E6
330
21F
100
AcDbEntity
  8
0
100
AcDbVertex
100
AcDb2dVertex
 10
22.31223986222059
 20
22.76242320245029
 30
0.0
  0
VERTEX
  5
2E7
330
21F
100
AcDbEntity
  8
0
100
AcDbVertex
100
AcDb2dVertex
 10
22.24692337151173
 20
22.73852751563605
 30
0.0
  0
VERTEX
  5
2E8
330
21F
100
AcDbEntity
  8
0
100
AcDbVertex
100
AcDb2dVertex
 10
22.16186011907426
 20
22.70662730612155
 30
0.0
  0
VERTEX
  5
2E9
330
21F
100
AcDbEntity
  8
0
100
AcDbVertex
100
AcDb2dVertex
 10
22.06808254150054
 20
22.67049356411849
 30
0.0
  0
VERTEX
  5
2EA
330
21F
100
AcDbEntity
  8
0
100
AcDbVertex
100
AcDb2dVertex
 10
22.15818188005196
 20
22.60606712790456
 30
0.0
  0
VERTEX
  5
2EB
330
21F
100
AcDbEntity
  8
0
100
AcDbVertex
100
AcDb2dVertex
 10
22.24759923705072
 20
22.54353522791299
 30
0.0
  0
VERTEX
  5
2EC
330
21F
100
AcDbEntity
  8
0
100
AcDbVertex
100
AcDb2dVertex
 10
22.33636511820766
 20
22.48294043170911
 30
0.0
  0
VERTEX
  5
2ED
330
21F
100
AcDbEntity
  8
0
100
AcDbVertex
100
AcDb2dVertex
 10
22.40905780389053
 20
22.43448748904926
 30
0.0
  0
VERTEX
  5
2EE
330
21F
100
AcDbEntity
  8
0
100
AcDbVertex
100
AcDb2dVertex
 10
22.40905780389054
 20
19.64048748904926
 30
0.0
  0
VERTEX
  5
2EF
330
21F
100
AcDbEntity
  8
0
100
AcDbVertex
100
AcDb2dVertex
 10
19.4125
 20
19.64048748904926
 30
0.0
  0
VERTEX
  5
2F0
330
21F
100
AcDbEntity
  8
0
100
AcDbVertex
100
AcDb2dVertex
 10
19.4125
 20
17.98948748904926
 30
0.0
  0
VERTEX
  5
2F1
330
21F
100
AcDbEntity
  8
0
100
AcDbVertex
100
AcDb2dVertex
 10
20.4285
 20
17.98948748904926
 30
0.0
  0
VERTEX
  5
2F2
330
21F
100
AcDbEntity
  8
0
100
AcDbVertex
100
AcDb2dVertex
 10
20.4285
 20
18.49748748904925
 30
0.0
  0
VERTEX
  5
2F3
330
21F
100
AcDbEntity
  8
0
100
AcDbVertex
100
AcDb2dVertex
 10
27.9215
 20
18.49748748904925
 30
0.0
  0
VERTEX
  5
2F4
330
21F
100
AcDbEntity
  8
0
100
AcDbVertex
100
AcDb2dVertex
 10
27.9215
 20
17.98948748904927
 30
0.0
  0
VERTEX
  5
2F5
330
21F
100
AcDbEntity
  8
0
100
AcDbVertex
100
AcDb2dVertex
 10
28.9375
 20
17.98948748904926
 30
0.0
  0
SEQEND
  5
2F6
330
21F
100
AcDbEntity
  8
Copper_Traces
  0
POLYLINE
  5
2F7
330
1F
100
AcDbEntity
  8
Copper_Traces
100
AcDb2dPolyline
 66
     1
 10
0.0
 20
0.0
 30
0.0
 70
     1
  0
VERTEX
  5
2F8
330
2F7
100
AcDbEntity
  8
0
100
AcDbVertex
100
AcDb2dVertex
 10
6.062499999999998
 20
19.64048748904927
 30
0.0
  0
VERTEX
  5
2F9
330
2F7
100
AcDbEntity
  8
0
100
AcDbVertex
100
AcDb2dVertex
 10
6.062499999999998
 20
17.98948748904926
 30
0.0
  0
VERTEX
  5
2FA
330
2F7
100
AcDbEntity
  8
0
100
AcDbVertex
100
AcDb2dVertex
 10
7.078500000000004
 20
17.98948748904927
 30
0.0
  0
VERTEX
  5
2FB
330
2F7
100
AcDbEntity
  8
0
100
AcDbVertex
100
AcDb2dVertex
 10
7.078500000000004
 20
18.49748748904925
 30
0.0
  0
VERTEX
  5
2FC
330
2F7
100
AcDbEntity
  8
0
100
AcDbVertex
100
AcDb2dVertex
 10
14.5715
 20
18.49748748904925
 30
0.0
  0
VERTEX
  5
2FD
330
2F7
100
AcDbEntity
  8
0
100
AcDbVertex
100
AcDb2dVertex
 10
14.5715
 20
17.98948748904926
 30
0.0
  0
VERTEX
  5
2FE
330
2F7
100
AcDbEntity
  8
0
100
AcDbVertex
100
AcDb2dVertex
 10
15.5875
 20
17.98948748904926
 30
0.0
  0
VERTEX
  5
2FF
330
2F7
100
AcDbEntity
  8
0
100
AcDbVertex
100
AcDb2dVertex
 10
15.5875
 20
19.64048748904926
 30
0.0
  0
VERTEX
  5
300
330
2F7
100
AcDbEntity
  8
0
100
AcDbVertex
100
AcDb2dVertex
 10
12.59094219610947
 20
19.64048748904926
 30
0.0
  0
VERTEX
  5
301
330
2F7
100
AcDbEntity
  8
0
100
AcDbVertex
100
AcDb2dVertex
 10
12.59094219610947
 20
22.43448748904926
 30
0.0
  0
VERTEX
  5
302
330
2F7
100
AcDbEntity
  8
0
100
AcDbVertex
100
AcDb2dVertex
 10
12.68286765277479
 20
22.49593915672965
 30
0.0
  0
VERTEX
  5
303
330
2F7
100
AcDbEntity
  8
0
100
AcDbVertex
100
AcDb2dVertex
 10
12.77695505398407
 20
22.56056167504036
 30
0.0
  0
VERTEX
  5
304
330
2F7
100
AcDbEntity
  8
0
100
AcDbVertex
100
AcDb2dVertex
 10
12.87331619497528
 20
22.62843316738159
 30
0.0
  0
VERTEX
  5
305
330
2F7
100
AcDbEntity
  8
0
100
AcDbVertex
100
AcDb2dVertex
 10
12.93191745849945
 20
22.6704935641185
 30
0.0
  0
VERTEX
  5
306
330
2F7
100
AcDbEntity
  8
0
100
AcDbVertex
100
AcDb2dVertex
 10
12.92058875185544
 20
22.67491032403171
 30
0.0
  0
VERTEX
  5
307
330
2F7
100
AcDbEntity
  8
0
100
AcDbVertex
100
AcDb2dVertex
 10
12.86203675449847
 20
22.69751317952122
 30
0.0
  0
VERTEX
  5
308
330
2F7
100
AcDbEntity
  8
0
100
AcDbVertex
100
AcDb2dVertex
 10
12.77399959429776
 20
22.73076122871489
 30
0.0
  0
VERTEX
  5
309
330
2F7
100
AcDbEntity
  8
0
100
AcDbVertex
100
AcDb2dVertex
 10
12.68776013777941
 20
22.76242320245029
 30
0.0
  0
VERTEX
  5
30A
330
2F7
100
AcDbEntity
  8
0
100
AcDbVertex
100
AcDb2dVertex
 10
12.68776013777941
 20
22.90907017082445
 30
0.0
  0
VERTEX
  5
30B
330
2F7
100
AcDbEntity
  8
0
100
AcDbVertex
100
AcDb2dVertex
 10
12.8361477691814
 20
22.97273616536014
 30
0.0
  0
VERTEX
  5
30C
330
2F7
100
AcDbEntity
  8
0
100
AcDbVertex
100
AcDb2dVertex
 10
12.91603642416249
 20
23.00782734704249
 30
0.0
  0
VERTEX
  5
30D
330
2F7
100
AcDbEntity
  8
0
100
AcDbVertex
100
AcDb2dVertex
 10
13.06729796240068
 20
23.0756839266362
 30
0.0
  0
VERTEX
  5
30E
330
2F7
100
AcDbEntity
  8
0
100
AcDbVertex
100
AcDb2dVertex
 10
13.21794364455684
 20
23.14493192037212
 30
0.0
  0
VERTEX
  5
30F
330
2F7
100
AcDbEntity
  8
0
100
AcDbVertex
100
AcDb2dVertex
 10
13.21794364455683
 20
23.26023342822166
 30
0.0
  0
VERTEX
  5
310
330
2F7
100
AcDbEntity
  8
0
100
AcDbVertex
100
AcDb2dVertex
 10
13.0696299896005
 20
23.32128422813723
 30
0.0
  0
VERTEX
  5
311
330
2F7
100
AcDbEntity
  8
0
100
AcDbVertex
100
AcDb2dVertex
 10
12.92058875185545
 20
23.38046587958728
 30
0.0
  0
VERTEX
  5
312
330
2F7
100
AcDbEntity
  8
0
100
AcDbVertex
100
AcDb2dVertex
 10
12.81506308414304
 20
23.42092171224994
 30
0.0
  0
VERTEX
  5
313
330
2F7
100
AcDbEntity
  8
0
100
AcDbVertex
100
AcDb2dVertex
 10
12.68776013777941
 20
23.46797875800585
 30
0.0
  0
VERTEX
  5
314
330
2F7
100
AcDbEntity
  8
0
100
AcDbVertex
100
AcDb2dVertex
 10
12.6877601377794
 20
23.61462572638001
 30
0.0
  0
VERTEX
  5
315
330
2F7
100
AcDbEntity
  8
0
100
AcDbVertex
100
AcDb2dVertex
 10
12.83614776918129
 20
23.67829172091566
 30
0.0
  0
VERTEX
  5
316
330
2F7
100
AcDbEntity
  8
0
100
AcDbVertex
100
AcDb2dVertex
 10
12.91603642416249
 20
23.71338290259805
 30
0.0
  0
VERTEX
  5
317
330
2F7
100
AcDbEntity
  8
0
100
AcDbVertex
100
AcDb2dVertex
 10
13.06729796240069
 20
23.78123948219176
 30
0.0
  0
VERTEX
  5
318
330
2F7
100
AcDbEntity
  8
0
100
AcDbVertex
100
AcDb2dVertex
 10
13.21794364455684
 20
23.85048747592768
 30
0.0
  0
VERTEX
  5
319
330
2F7
100
AcDbEntity
  8
0
100
AcDbVertex
100
AcDb2dVertex
 10
13.21794364455685
 20
23.96578898377723
 30
0.0
  0
VERTEX
  5
31A
330
2F7
100
AcDbEntity
  8
0
100
AcDbVertex
100
AcDb2dVertex
 10
13.06962998960052
 20
24.02683978369279
 30
0.0
  0
VERTEX
  5
31B
330
2F7
100
AcDbEntity
  8
0
100
AcDbVertex
100
AcDb2dVertex
 10
12.92058875185546
 20
24.08602143514283
 30
0.0
  0
VERTEX
  5
31C
330
2F7
100
AcDbEntity
  8
0
100
AcDbVertex
100
AcDb2dVertex
 10
12.81506308414299
 20
24.12647726780552
 30
0.0
  0
VERTEX
  5
31D
330
2F7
100
AcDbEntity
  8
0
100
AcDbVertex
100
AcDb2dVertex
 10
12.68776013777941
 20
24.1735343135614
 30
0.0
  0
VERTEX
  5
31E
330
2F7
100
AcDbEntity
  8
0
100
AcDbVertex
100
AcDb2dVertex
 10
12.68776013777941
 20
24.32018128193558
 30
0.0
  0
VERTEX
  5
31F
330
2F7
100
AcDbEntity
  8
0
100
AcDbVertex
100
AcDb2dVertex
 10
12.8361477691815
 20
24.38384727647131
 30
0.0
  0
VERTEX
  5
320
330
2F7
100
AcDbEntity
  8
0
100
AcDbVertex
100
AcDb2dVertex
 10
12.9160364241625
 20
24.41893845815361
 30
0.0
  0
VERTEX
  5
321
330
2F7
100
AcDbEntity
  8
0
100
AcDbVertex
100
AcDb2dVertex
 10
13.0672979624007
 20
24.48679503774732
 30
0.0
  0
VERTEX
  5
322
330
2F7
100
AcDbEntity
  8
0
100
AcDbVertex
100
AcDb2dVertex
 10
13.21794364455684
 20
24.55604303148324
 30
0.0
  0
VERTEX
  5
323
330
2F7
100
AcDbEntity
  8
0
100
AcDbVertex
100
AcDb2dVertex
 10
13.21794364455684
 20
24.67134453933279
 30
0.0
  0
VERTEX
  5
324
330
2F7
100
AcDbEntity
  8
0
100
AcDbVertex
100
AcDb2dVertex
 10
13.06962998960052
 20
24.73239533924836
 30
0.0
  0
VERTEX
  5
325
330
2F7
100
AcDbEntity
  8
0
100
AcDbVertex
100
AcDb2dVertex
 10
12.92058875185545
 20
24.7915769906984
 30
0.0
  0
VERTEX
  5
326
330
2F7
100
AcDbEntity
  8
0
100
AcDbVertex
100
AcDb2dVertex
 10
12.81506308414285
 20
24.83203282336113
 30
0.0
  0
VERTEX
  5
327
330
2F7
100
AcDbEntity
  8
0
100
AcDbVertex
100
AcDb2dVertex
 10
12.68776013777941
 20
24.87908986911698
 30
0.0
  0
VERTEX
  5
328
330
2F7
100
AcDbEntity
  8
0
100
AcDbVertex
100
AcDb2dVertex
 10
12.68776013777942
 20
25.02573683749114
 30
0.0
  0
VERTEX
  5
329
330
2F7
100
AcDbEntity
  8
0
100
AcDbVertex
100
AcDb2dVertex
 10
12.8361477691813
 20
25.08940283202678
 30
0.0
  0
VERTEX
  5
32A
330
2F7
100
AcDbEntity
  8
0
100
AcDbVertex
100
AcDb2dVertex
 10
12.91603642416251
 20
25.12449401370918
 30
0.0
  0
VERTEX
  5
32B
330
2F7
100
AcDbEntity
  8
0
100
AcDbVertex
100
AcDb2dVertex
 10
13.0672979624007
 20
25.19235059330288
 30
0.0
  0
VERTEX
  5
32C
330
2F7
100
AcDbEntity
  8
0
100
AcDbVertex
100
AcDb2dVertex
 10
13.21794364455684
 20
25.2615985870388
 30
0.0
  0
VERTEX
  5
32D
330
2F7
100
AcDbEntity
  8
0
100
AcDbVertex
100
AcDb2dVertex
 10
13.21794364455685
 20
25.37690009488835
 30
0.0
  0
VERTEX
  5
32E
330
2F7
100
AcDbEntity
  8
0
100
AcDbVertex
100
AcDb2dVertex
 10
13.06962998960053
 20
25.43795089480392
 30
0.0
  0
VERTEX
  5
32F
330
2F7
100
AcDbEntity
  8
0
100
AcDbVertex
100
AcDb2dVertex
 10
12.92058875185546
 20
25.49713254625395
 30
0.0
  0
VERTEX
  5
330
330
2F7
100
AcDbEntity
  8
0
100
AcDbVertex
100
AcDb2dVertex
 10
12.81506308414293
 20
25.53758837891666
 30
0.0
  0
VERTEX
  5
331
330
2F7
100
AcDbEntity
  8
0
100
AcDbVertex
100
AcDb2dVertex
 10
12.68776013777941
 20
25.58464542467253
 30
0.0
  0
VERTEX
  5
332
330
2F7
100
AcDbEntity
  8
0
100
AcDbVertex
100
AcDb2dVertex
 10
12.68776013777942
 20
25.7312923930467
 30
0.0
  0
VERTEX
  5
333
330
2F7
100
AcDbEntity
  8
0
100
AcDbVertex
100
AcDb2dVertex
 10
12.83614776918129
 20
25.79495838758234
 30
0.0
  0
VERTEX
  5
334
330
2F7
100
AcDbEntity
  8
0
100
AcDbVertex
100
AcDb2dVertex
 10
12.9160364241625
 20
25.83004956926474
 30
0.0
  0
VERTEX
  5
335
330
2F7
100
AcDbEntity
  8
0
100
AcDbVertex
100
AcDb2dVertex
 10
13.0672979624007
 20
25.89790614885844
 30
0.0
  0
VERTEX
  5
336
330
2F7
100
AcDbEntity
  8
0
100
AcDbVertex
100
AcDb2dVertex
 10
13.21794364455684
 20
25.96715414259435
 30
0.0
  0
VERTEX
  5
337
330
2F7
100
AcDbEntity
  8
0
100
AcDbVertex
100
AcDb2dVertex
 10
13.21794364455685
 20
26.0824556504439
 30
0.0
  0
VERTEX
  5
338
330
2F7
100
AcDbEntity
  8
0
100
AcDbVertex
100
AcDb2dVertex
 10
13.06962998960053
 20
26.14350645035947
 30
0.0
  0
VERTEX
  5
339
330
2F7
100
AcDbEntity
  8
0
100
AcDbVertex
100
AcDb2dVertex
 10
12.92058875185547
 20
26.20268810180951
 30
0.0
  0
VERTEX
  5
33A
330
2F7
100
AcDbEntity
  8
0
100
AcDbVertex
100
AcDb2dVertex
 10
12.81506308414294
 20
26.24314393447223
 30
0.0
  0
VERTEX
  5
33B
330
2F7
100
AcDbEntity
  8
0
100
AcDbVertex
100
AcDb2dVertex
 10
12.68776013777941
 20
26.2902009802281
 30
0.0
  0
VERTEX
  5
33C
330
2F7
100
AcDbEntity
  8
0
100
AcDbVertex
100
AcDb2dVertex
 10
12.68776013777942
 20
26.43684794860226
 30
0.0
  0
VERTEX
  5
33D
330
2F7
100
AcDbEntity
  8
0
100
AcDbVertex
100
AcDb2dVertex
 10
12.78348349452213
 20
26.47768513574673
 30
0.0
  0
VERTEX
  5
33E
330
2F7
100
AcDbEntity
  8
0
100
AcDbVertex
100
AcDb2dVertex
 10
12.8816655050813
 20
26.52044125855556
 30
0.0
  0
VERTEX
  5
33F
330
2F7
100
AcDbEntity
  8
0
100
AcDbVertex
100
AcDb2dVertex
 10
12.90943556950664
 20
26.5326854812168
 30
0.0
  0
VERTEX
  5
340
330
2F7
100
AcDbEntity
  8
0
100
AcDbVertex
100
AcDb2dVertex
 10
12.82257458175924
 20
26.59448693055289
 30
0.0
  0
VERTEX
  5
341
330
2F7
100
AcDbEntity
  8
0
100
AcDbVertex
100
AcDb2dVertex
 10
12.73634405162116
 20
26.65451286201542
 30
0.0
  0
VERTEX
  5
342
330
2F7
100
AcDbEntity
  8
0
100
AcDbVertex
100
AcDb2dVertex
 10
12.65071610108192
 20
26.71272439282056
 30
0.0
  0
VERTEX
  5
343
330
2F7
100
AcDbEntity
  8
0
100
AcDbVertex
100
AcDb2dVertex
 10
12.59094219610947
 20
26.75248748904926
 30
0.0
  0
VERTEX
  5
344
330
2F7
100
AcDbEntity
  8
0
100
AcDbVertex
100
AcDb2dVertex
 10
12.59094219610949
 20
27.51448748904926
 30
0.0
  0
VERTEX
  5
345
330
2F7
100
AcDbEntity
  8
0
100
AcDbVertex
100
AcDb2dVertex
 10
12.17130678228441
 20
27.51448748904926
 30
0.0
  0
VERTEX
  5
346
330
2F7
100
AcDbEntity
  8
0
100
AcDbVertex
100
AcDb2dVertex
 10
12.13254496105527
 20
27.49317330586778
 30
0.0
  0
VERTEX
  5
347
330
2F7
100
AcDbEntity
  8
0
100
AcDbVertex
100
AcDb2dVertex
 10
12.08058115532824
 20
27.4652923053584
 30
0.0
  0
VERTEX
  5
348
330
2F7
100
AcDbEntity
  8
0
100
AcDbVertex
100
AcDb2dVertex
 10
12.0292109163506
 20
27.4385349413995
 30
0.0
  0
VERTEX
  5
349
330
2F7
100
AcDbEntity
  8
0
100
AcDbVertex
100
AcDb2dVertex
 10
11.97840771976999
 20
27.41288748904926
 30
0.0
  0
VERTEX
  5
34A
330
2F7
100
AcDbEntity
  8
0
100
AcDbVertex
100
AcDb2dVertex
 10
11.97840771976998
 20
25.63488748904926
 30
0.0
  0
VERTEX
  5
34B
330
2F7
100
AcDbEntity
  8
0
100
AcDbVertex
100
AcDb2dVertex
 10
11.97840473923739
 20
25.63449966699703
 30
0.0
  0
VERTEX
  5
34C
330
2F7
100
AcDbEntity
  8
0
100
AcDbVertex
100
AcDb2dVertex
 10
11.97827940640431
 20
25.63234370911165
 30
0.0
  0
VERTEX
  5
34D
330
2F7
100
AcDbEntity
  8
0
100
AcDbVertex
100
AcDb2dVertex
 10
11.97773764352982
 20
25.62908263663897
 30
0.0
  0
VERTEX
  5
34E
330
2F7
100
AcDbEntity
  8
0
100
AcDbVertex
100
AcDb2dVertex
 10
11.97678196295313
 20
25.62586825689202
 30
0.0
  0
VERTEX
  5
34F
330
2F7
100
AcDbEntity
  8
0
100
AcDbVertex
100
AcDb2dVertex
 10
11.97633372920555
 20
25.62471250477457
 30
0.0
  0
VERTEX
  5
350
330
2F7
100
AcDbEntity
  8
0
100
AcDbVertex
100
AcDb2dVertex
 10
11.97477161693723
 20
25.62147038360222
 30
0.0
  0
VERTEX
  5
351
330
2F7
100
AcDbEntity
  8
0
100
AcDbVertex
100
AcDb2dVertex
 10
11.97282993545923
 20
25.6183552697512
 30
0.0
  0
VERTEX
  5
352
330
2F7
100
AcDbEntity
  8
0
100
AcDbVertex
100
AcDb2dVertex
 10
11.97052971981829
 20
25.61536070295645
 30
0.0
  0
VERTEX
  5
353
330
2F7
100
AcDbEntity
  8
0
100
AcDbVertex
100
AcDb2dVertex
 10
11.96854552116255
 20
25.61315651222137
 30
0.0
  0
VERTEX
  5
354
330
2F7
100
AcDbEntity
  8
0
100
AcDbVertex
100
AcDb2dVertex
 10
11.96527040662001
 20
25.61003006755313
 30
0.0
  0
VERTEX
  5
355
330
2F7
100
AcDbEntity
  8
0
100
AcDbVertex
100
AcDb2dVertex
 10
11.96165096049373
 20
25.60709450111268
 30
0.0
  0
VERTEX
  5
356
330
2F7
100
AcDbEntity
  8
0
100
AcDbVertex
100
AcDb2dVertex
 10
11.95988672273501
 20
25.60581241162363
 30
0.0
  0
VERTEX
  5
357
330
2F7
100
AcDbEntity
  8
0
100
AcDbVertex
100
AcDb2dVertex
 10
11.95524120907908
 20
25.60279727814322
 30
0.0
  0
VERTEX
  5
358
330
2F7
100
AcDbEntity
  8
0
100
AcDbVertex
100
AcDb2dVertex
 10
11.9502839922505
 20
25.600036746336
 30
0.0
  0
VERTEX
  5
359
330
2F7
100
AcDbEntity
  8
0
100
AcDbVertex
100
AcDb2dVertex
 10
11.94503517245585
 20
25.59751295979989
 30
0.0
  0
VERTEX
  5
35A
330
2F7
100
AcDbEntity
  8
0
100
AcDbVertex
100
AcDb2dVertex
 10
11.93951068331735
 20
25.59521393240384
 30
0.0
  0
VERTEX
  5
35B
330
2F7
100
AcDbEntity
  8
0
100
AcDbVertex
100
AcDb2dVertex
 10
11.93372344635438
 20
25.59313184511283
 30
0.0
  0
VERTEX
  5
35C
330
2F7
100
AcDbEntity
  8
0
100
AcDbVertex
100
AcDb2dVertex
 10
11.92741458903931
 20
25.5911850951616
 30
0.0
  0
VERTEX
  5
35D
330
2F7
100
AcDbEntity
  8
0
100
AcDbVertex
100
AcDb2dVertex
 10
11.91966662544257
 20
25.58919051182572
 30
0.0
  0
VERTEX
  5
35E
330
2F7
100
AcDbEntity
  8
0
100
AcDbVertex
100
AcDb2dVertex
 10
11.91168360471342
 20
25.58753351961667
 30
0.0
  0
VERTEX
  5
35F
330
2F7
100
AcDbEntity
  8
0
100
AcDbVertex
100
AcDb2dVertex
 10
11.90348125056389
 20
25.5862038425949
 30
0.0
  0
VERTEX
  5
360
330
2F7
100
AcDbEntity
  8
0
100
AcDbVertex
100
AcDb2dVertex
 10
11.90095717836299
 20
25.58586495301953
 30
0.0
  0
VERTEX
  5
361
330
2F7
100
AcDbEntity
  8
0
100
AcDbVertex
100
AcDb2dVertex
 10
11.8915370698921
 20
25.58487304612298
 30
0.0
  0
VERTEX
  5
362
330
2F7
100
AcDbEntity
  8
0
100
AcDbVertex
100
AcDb2dVertex
 10
11.88200409171482
 20
25.58428330129879
 30
0.0
  0
VERTEX
  5
363
330
2F7
100
AcDbEntity
  8
0
100
AcDbVertex
100
AcDb2dVertex
 10
11.87237528900818
 20
25.58408748904926
 30
0.0
  0
VERTEX
  5
364
330
2F7
100
AcDbEntity
  8
0
100
AcDbVertex
100
AcDb2dVertex
 10
9.77762471099182
 20
25.58408748904926
 30
0.0
  0
VERTEX
  5
365
330
2F7
100
AcDbEntity
  8
0
100
AcDbVertex
100
AcDb2dVertex
 10
9.767595165267222
 20
25.58430003817747
 30
0.0
  0
VERTEX
  5
366
330
2F7
100
AcDbEntity
  8
0
100
AcDbVertex
100
AcDb2dVertex
 10
9.757616032572665
 20
25.58494517032594
 30
0.0
  0
VERTEX
  5
367
330
2F7
100
AcDbEntity
  8
0
100
AcDbVertex
100
AcDb2dVertex
 10
9.747843797546867
 20
25.58602195560951
 30
0.0
  0
VERTEX
  5
368
330
2F7
100
AcDbEntity
  8
0
100
AcDbVertex
100
AcDb2dVertex
 10
9.738325027337776
 20
25.58753192879219
 30
0.0
  0
VERTEX
  5
369
330
2F7
100
AcDbEntity
  8
0
100
AcDbVertex
100
AcDb2dVertex
 10
9.737172504846239
 20
25.58774804413046
 30
0.0
  0
VERTEX
  5
36A
330
2F7
100
AcDbEntity
  8
0
100
AcDbVertex
100
AcDb2dVertex
 10
9.72863011295479
 20
25.58959453271891
 30
0.0
  0
VERTEX
  5
36B
330
2F7
100
AcDbEntity
  8
0
100
AcDbVertex
100
AcDb2dVertex
 10
9.720514334156489
 20
25.59178999933465
 30
0.0
  0
VERTEX
  5
36C
330
2F7
100
AcDbEntity
  8
0
100
AcDbVertex
100
AcDb2dVertex
 10
9.712851811288363
 20
25.59432676640136
 30
0.0
  0
VERTEX
  5
36D
330
2F7
100
AcDbEntity
  8
0
100
AcDbVertex
100
AcDb2dVertex
 10
9.705668362712775
 20
25.59720129819095
 30
0.0
  0
VERTEX
  5
36E
330
2F7
100
AcDbEntity
  8
0
100
AcDbVertex
100
AcDb2dVertex
 10
9.699637932561494
 20
25.60007715580826
 30
0.0
  0
VERTEX
  5
36F
330
2F7
100
AcDbEntity
  8
0
100
AcDbVertex
100
AcDb2dVertex
 10
9.695781669224896
 20
25.60219309941135
 30
0.0
  0
VERTEX
  5
370
330
2F7
100
AcDbEntity
  8
0
100
AcDbVertex
100
AcDb2dVertex
 10
9.690780455014062
 20
25.60534905070598
 30
0.0
  0
VERTEX
  5
371
330
2F7
100
AcDbEntity
  8
0
100
AcDbVertex
100
AcDb2dVertex
 10
9.686299891025635
 20
25.60870025998179
 30
0.0
  0
VERTEX
  5
372
330
2F7
100
AcDbEntity
  8
0
100
AcDbVertex
100
AcDb2dVertex
 10
9.682345037364671
 20
25.61225147242257
 30
0.0
  0
VERTEX
  5
373
330
2F7
100
AcDbEntity
  8
0
100
AcDbVertex
100
AcDb2dVertex
 10
9.679292171093305
 20
25.61557344102731
 30
0.0
  0
VERTEX
  5
374
330
2F7
100
AcDbEntity
  8
0
100
AcDbVertex
100
AcDb2dVertex
 10
9.676749327476774
 20
25.6189731776681
 30
0.0
  0
VERTEX
  5
375
330
2F7
100
AcDbEntity
  8
0
100
AcDbVertex
100
AcDb2dVertex
 10
9.674690488993198
 20
25.62248486418598
 30
0.0
  0
VERTEX
  5
376
330
2F7
100
AcDbEntity
  8
0
100
AcDbVertex
100
AcDb2dVertex
 10
9.673527097506838
 20
25.62505622801964
 30
0.0
  0
VERTEX
  5
377
330
2F7
100
AcDbEntity
  8
0
100
AcDbVertex
100
AcDb2dVertex
 10
9.67242688956602
 20
25.62841183263374
 30
0.0
  0
VERTEX
  5
378
330
2F7
100
AcDbEntity
  8
0
100
AcDbVertex
100
AcDb2dVertex
 10
9.671778289828302
 20
25.63182520208054
 30
0.0
  0
VERTEX
  5
379
330
2F7
100
AcDbEntity
  8
0
100
AcDbVertex
100
AcDb2dVertex
 10
9.671592280230016
 20
25.63488748904926
 30
0.0
  0
VERTEX
  5
37A
330
2F7
100
AcDbEntity
  8
0
100
AcDbVertex
100
AcDb2dVertex
 10
9.671592280230016
 20
27.41288748904926
 30
0.0
  0
VERTEX
  5
37B
330
2F7
100
AcDbEntity
  8
0
100
AcDbVertex
100
AcDb2dVertex
 10
9.628219255331002
 20
27.43473267659095
 30
0.0
  0
VERTEX
  5
37C
330
2F7
100
AcDbEntity
  8
0
100
AcDbVertex
100
AcDb2dVertex
 10
9.578526278193964
 20
27.46048931349497
 30
0.0
  0
VERTEX
  5
37D
330
2F7
100
AcDbEntity
  8
0
100
AcDbVertex
100
AcDb2dVertex
 10
9.5286869757347
 20
27.48707887418832
 30
0.0
  0
VERTEX
  5
37E
330
2F7
100
AcDbEntity
  8
0
100
AcDbVertex
100
AcDb2dVertex
 10
9.478693217715591
 20
27.51448748904926
 30
0.0
  0
VERTEX
  5
37F
330
2F7
100
AcDbEntity
  8
0
100
AcDbVertex
100
AcDb2dVertex
 10
9.059057803890536
 20
27.51448748904926
 30
0.0
  0
VERTEX
  5
380
330
2F7
100
AcDbEntity
  8
0
100
AcDbVertex
100
AcDb2dVertex
 10
9.059057803890518
 20
26.75248748904926
 30
0.0
  0
VERTEX
  5
381
330
2F7
100
AcDbEntity
  8
0
100
AcDbVertex
100
AcDb2dVertex
 10
8.947637357239465
 20
26.67778542282275
 30
0.0
  0
VERTEX
  5
382
330
2F7
100
AcDbEntity
  8
0
100
AcDbVertex
100
AcDb2dVertex
 10
8.833017021310626
 20
26.5984203078242
 30
0.0
  0
VERTEX
  5
383
330
2F7
100
AcDbEntity
  8
0
100
AcDbVertex
100
AcDb2dVertex
 10
8.714997552854182
 20
26.51425147587807
 30
0.0
  0
VERTEX
  5
384
330
2F7
100
AcDbEntity
  8
0
100
AcDbVertex
100
AcDb2dVertex
 10
8.580855390969452
 20
26.41582769387158
 30
0.0
  0
VERTEX
  5
385
330
2F7
100
AcDbEntity
  8
0
100
AcDbVertex
100
AcDb2dVertex
 10
8.662374667047661
 20
26.38317750948419
 30
0.0
  0
VERTEX
  5
386
330
2F7
100
AcDbEntity
  8
0
100
AcDbVertex
100
AcDb2dVertex
 10
8.775071898026795
 20
26.33918321865055
 30
0.0
  0
VERTEX
  5
387
330
2F7
100
AcDbEntity
  8
0
100
AcDbVertex
100
AcDb2dVertex
 10
8.81186011907423
 20
26.32512544975467
 30
0.0
  0
VERTEX
  5
388
330
2F7
100
AcDbEntity
  8
0
100
AcDbVertex
100
AcDb2dVertex
 10
8.918352916413525
 20
26.2853265354892
 30
0.0
  0
VERTEX
  5
389
330
2F7
100
AcDbEntity
  8
0
100
AcDbVertex
100
AcDb2dVertex
 10
8.962239862220594
 20
26.26932955342595
 30
0.0
  0
VERTEX
  5
38A
330
2F7
100
AcDbEntity
  8
0
100
AcDbVertex
100
AcDb2dVertex
 10
8.962239862220652
 20
26.12268258505178
 30
0.0
  0
VERTEX
  5
38B
330
2F7
100
AcDbEntity
  8
0
100
AcDbVertex
100
AcDb2dVertex
 10
8.809877825979937
 20
26.05728377438391
 30
0.0
  0
VERTEX
  5
38C
330
2F7
100
AcDbEntity
  8
0
100
AcDbVertex
100
AcDb2dVertex
 10
8.658274793701436
 20
25.99019327516104
 30
0.0
  0
VERTEX
  5
38D
330
2F7
100
AcDbEntity
  8
0
100
AcDbVertex
100
AcDb2dVertex
 10
8.599579811841705
 20
25.96372704544611
 30
0.0
  0
VERTEX
  5
38E
330
2F7
100
AcDbEntity
  8
0
100
AcDbVertex
100
AcDb2dVertex
 10
8.432056355443164
 20
25.88682083550413
 30
0.0
  0
VERTEX
  5
38F
330
2F7
100
AcDbEntity
  8
0
100
AcDbVertex
100
AcDb2dVertex
 10
8.43205635544316
 20
25.77151932765458
 30
0.0
  0
VERTEX
  5
390
330
2F7
100
AcDbEntity
  8
0
100
AcDbVertex
100
AcDb2dVertex
 10
8.574009057552946
 20
25.71304435312257
 30
0.0
  0
VERTEX
  5
391
330
2F7
100
AcDbEntity
  8
0
100
AcDbVertex
100
AcDb2dVertex
 10
8.662374667047658
 20
25.67762195392864
 30
0.0
  0
VERTEX
  5
392
330
2F7
100
AcDbEntity
  8
0
100
AcDbVertex
100
AcDb2dVertex
 10
8.795473431727864
 20
25.62581265043086
 30
0.0
  0
VERTEX
  5
393
330
2F7
100
AcDbEntity
  8
0
100
AcDbVertex
100
AcDb2dVertex
 10
8.81186011907423
 20
25.61956989419912
 30
0.0
  0
VERTEX
  5
394
330
2F7
100
AcDbEntity
  8
0
100
AcDbVertex
100
AcDb2dVertex
 10
8.937631859114356
 20
25.57271376390583
 30
0.0
  0
VERTEX
  5
395
330
2F7
100
AcDbEntity
  8
0
100
AcDbVertex
100
AcDb2dVertex
 10
8.962239862220594
 20
25.56377399787038
 30
0.0
  0
VERTEX
  5
396
330
2F7
100
AcDbEntity
  8
0
100
AcDbVertex
100
AcDb2dVertex
 10
8.962239862220583
 20
25.41712702949622
 30
0.0
  0
VERTEX
  5
397
330
2F7
100
AcDbEntity
  8
0
100
AcDbVertex
100
AcDb2dVertex
 10
8.809877825979907
 20
25.35172821882832
 30
0.0
  0
VERTEX
  5
398
330
2F7
100
AcDbEntity
  8
0
100
AcDbVertex
100
AcDb2dVertex
 10
8.658274793701445
 20
25.28463771960548
 30
0.0
  0
VERTEX
  5
399
330
2F7
100
AcDbEntity
  8
0
100
AcDbVertex
100
AcDb2dVertex
 10
8.599579811841139
 20
25.25817148989028
 30
0.0
  0
VERTEX
  5
39A
330
2F7
100
AcDbEntity
  8
0
100
AcDbVertex
100
AcDb2dVertex
 10
8.432056355443164
 20
25.18126527994857
 30
0.0
  0
VERTEX
  5
39B
330
2F7
100
AcDbEntity
  8
0
100
AcDbVertex
100
AcDb2dVertex
 10
8.432056355443157
 20
25.06596377209901
 30
0.0
  0
VERTEX
  5
39C
330
2F7
100
AcDbEntity
  8
0
100
AcDbVertex
100
AcDb2dVertex
 10
8.574009057553116
 20
25.00748879756694
 30
0.0
  0
VERTEX
  5
39D
330
2F7
100
AcDbEntity
  8
0
100
AcDbVertex
100
AcDb2dVertex
 10
8.662374667047656
 20
24.97206639837307
 30
0.0
  0
VERTEX
  5
39E
330
2F7
100
AcDbEntity
  8
0
100
AcDbVertex
100
AcDb2dVertex
 10
8.795473431728054
 20
24.92025709487522
 30
0.0
  0
VERTEX
  5
39F
330
2F7
100
AcDbEntity
  8
0
100
AcDbVertex
100
AcDb2dVertex
 10
8.81186011907424
 20
24.91401433864356
 30
0.0
  0
VERTEX
  5
3A0
330
2F7
100
AcDbEntity
  8
0
100
AcDbVertex
100
AcDb2dVertex
 10
8.937631859114385
 20
24.86715820835026
 30
0.0
  0
VERTEX
  5
3A1
330
2F7
100
AcDbEntity
  8
0
100
AcDbVertex
100
AcDb2dVertex
 10
8.962239862220594
 20
24.85821844231483
 30
0.0
  0
VERTEX
  5
3A2
330
2F7
100
AcDbEntity
  8
0
100
AcDbVertex
100
AcDb2dVertex
 10
8.962239862220594
 20
24.71157147394067
 30
0.0
  0
VERTEX
  5
3A3
330
2F7
100
AcDbEntity
  8
0
100
AcDbVertex
100
AcDb2dVertex
 10
8.809877825979909
 20
24.64617266327277
 30
0.0
  0
VERTEX
  5
3A4
330
2F7
100
AcDbEntity
  8
0
100
AcDbVertex
100
AcDb2dVertex
 10
8.658274793701436
 20
24.57908216404992
 30
0.0
  0
VERTEX
  5
3A5
330
2F7
100
AcDbEntity
  8
0
100
AcDbVertex
100
AcDb2dVertex
 10
8.59957981184156
 20
24.55261593433492
 30
0.0
  0
VERTEX
  5
3A6
330
2F7
100
AcDbEntity
  8
0
100
AcDbVertex
100
AcDb2dVertex
 10
8.432056355443164
 20
24.47570972439301
 30
0.0
  0
VERTEX
  5
3A7
330
2F7
100
AcDbEntity
  8
0
100
AcDbVertex
100
AcDb2dVertex
 10
8.432056355443164
 20
24.36040821654345
 30
0.0
  0
VERTEX
  5
3A8
330
2F7
100
AcDbEntity
  8
0
100
AcDbVertex
100
AcDb2dVertex
 10
8.57400905755303
 20
24.30193324201141
 30
0.0
  0
VERTEX
  5
3A9
330
2F7
100
AcDbEntity
  8
0
100
AcDbVertex
100
AcDb2dVertex
 10
8.662374667047661
 20
24.26651084281751
 30
0.0
  0
VERTEX
  5
3AA
330
2F7
100
AcDbEntity
  8
0
100
AcDbVertex
100
AcDb2dVertex
 10
8.795473431728222
 20
24.21470153931959
 30
0.0
  0
VERTEX
  5
3AB
330
2F7
100
AcDbEntity
  8
0
100
AcDbVertex
100
AcDb2dVertex
 10
8.81186011907424
 20
24.20845878308801
 30
0.0
  0
VERTEX
  5
3AC
330
2F7
100
AcDbEntity
  8
0
100
AcDbVertex
100
AcDb2dVertex
 10
8.937631859114092
 20
24.16160265279481
 30
0.0
  0
VERTEX
  5
3AD
330
2F7
100
AcDbEntity
  8
0
100
AcDbVertex
100
AcDb2dVertex
 10
8.962239862220594
 20
24.15266288675927
 30
0.0
  0
VERTEX
  5
3AE
330
2F7
100
AcDbEntity
  8
0
100
AcDbVertex
100
AcDb2dVertex
 10
8.96223986222058
 20
24.0060159183851
 30
0.0
  0
VERTEX
  5
3AF
330
2F7
100
AcDbEntity
  8
0
100
AcDbVertex
100
AcDb2dVertex
 10
8.809877825979894
 20
23.9406171077172
 30
0.0
  0
VERTEX
  5
3B0
330
2F7
100
AcDbEntity
  8
0
100
AcDbVertex
100
AcDb2dVertex
 10
8.65827479370142
 20
23.87352660849434
 30
0.0
  0
VERTEX
  5
3B1
330
2F7
100
AcDbEntity
  8
0
100
AcDbVertex
100
AcDb2dVertex
 10
8.599579811841725
 20
23.84706037877942
 30
0.0
  0
VERTEX
  5
3B2
330
2F7
100
AcDbEntity
  8
0
100
AcDbVertex
100
AcDb2dVertex
 10
8.432056355443164
 20
23.77015416883743
 30
0.0
  0
VERTEX
  5
3B3
330
2F7
100
AcDbEntity
  8
0
100
AcDbVertex
100
AcDb2dVertex
 10
8.432056355443153
 20
23.65485266098789
 30
0.0
  0
VERTEX
  5
3B4
330
2F7
100
AcDbEntity
  8
0
100
AcDbVertex
100
AcDb2dVertex
 10
8.574009057553187
 20
23.59637768645578
 30
0.0
  0
VERTEX
  5
3B5
330
2F7
100
AcDbEntity
  8
0
100
AcDbVertex
100
AcDb2dVertex
 10
8.66237466704765
 20
23.56095528726195
 30
0.0
  0
VERTEX
  5
3B6
330
2F7
100
AcDbEntity
  8
0
100
AcDbVertex
100
AcDb2dVertex
 10
8.795473431728047
 20
23.50914598376409
 30
0.0
  0
VERTEX
  5
3B7
330
2F7
100
AcDbEntity
  8
0
100
AcDbVertex
100
AcDb2dVertex
 10
8.81186011907424
 20
23.50290322753244
 30
0.0
  0
VERTEX
  5
3B8
330
2F7
100
AcDbEntity
  8
0
100
AcDbVertex
100
AcDb2dVertex
 10
8.937631859114243
 20
23.45604709723918
 30
0.0
  0
VERTEX
  5
3B9
330
2F7
100
AcDbEntity
  8
0
100
AcDbVertex
100
AcDb2dVertex
 10
8.962239862220594
 20
23.4471073312037
 30
0.0
  0
VERTEX
  5
3BA
330
2F7
100
AcDbEntity
  8
0
100
AcDbVertex
100
AcDb2dVertex
 10
8.9622398622207
 20
23.30046036282955
 30
0.0
  0
VERTEX
  5
3BB
330
2F7
100
AcDbEntity
  8
0
100
AcDbVertex
100
AcDb2dVertex
 10
8.80987782597996
 20
23.23506155216167
 30
0.0
  0
VERTEX
  5
3BC
330
2F7
100
AcDbEntity
  8
0
100
AcDbVertex
100
AcDb2dVertex
 10
8.658274793701437
 20
23.1679710529388
 30
0.0
  0
VERTEX
  5
3BD
330
2F7
100
AcDbEntity
  8
0
100
AcDbVertex
100
AcDb2dVertex
 10
8.599579811841572
 20
23.1415048232238
 30
0.0
  0
VERTEX
  5
3BE
330
2F7
100
AcDbEntity
  8
0
100
AcDbVertex
100
AcDb2dVertex
 10
8.432056355443164
 20
23.06459861328188
 30
0.0
  0
VERTEX
  5
3BF
330
2F7
100
AcDbEntity
  8
0
100
AcDbVertex
100
AcDb2dVertex
 10
8.43205635544316
 20
22.94929710543234
 30
0.0
  0
VERTEX
  5
3C0
330
2F7
100
AcDbEntity
  8
0
100
AcDbVertex
100
AcDb2dVertex
 10
8.574009057552937
 20
22.89082213090034
 30
0.0
  0
VERTEX
  5
3C1
330
2F7
100
AcDbEntity
  8
0
100
AcDbVertex
100
AcDb2dVertex
 10
8.662374667047658
 20
22.8553997317064
 30
0.0
  0
VERTEX
  5
3C2
330
2F7
100
AcDbEntity
  8
0
100
AcDbVertex
100
AcDb2dVertex
 10
8.795473431727881
 20
22.8035904282086
 30
0.0
  0
VERTEX
  5
3C3
330
2F7
100
AcDbEntity
  8
0
100
AcDbVertex
100
AcDb2dVertex
 10
8.811860119074254
 20
22.79734767197687
 30
0.0
  0
VERTEX
  5
3C4
330
2F7
100
AcDbEntity
  8
0
100
AcDbVertex
100
AcDb2dVertex
 10
8.937631859114813
 20
22.75049154168342
 30
0.0
  0
VERTEX
  5
3C5
330
2F7
100
AcDbEntity
  8
0
100
AcDbVertex
100
AcDb2dVertex
 10
8.962239862220594
 20
22.74155177564815
 30
0.0
  0
VERTEX
  5
3C6
330
2F7
100
AcDbEntity
  8
0
100
AcDbVertex
100
AcDb2dVertex
 10
8.962239862220661
 20
22.59490480727398
 30
0.0
  0
VERTEX
  5
3C7
330
2F7
100
AcDbEntity
  8
0
100
AcDbVertex
100
AcDb2dVertex
 10
8.934665815731982
 20
22.58323092936671
 30
0.0
  0
VERTEX
  5
3C8
330
2F7
100
AcDbEntity
  8
0
100
AcDbVertex
100
AcDb2dVertex
 10
8.87631529275296
 20
22.55828750479004
 30
0.0
  0
VERTEX
  5
3C9
330
2F7
100
AcDbEntity
  8
0
100
AcDbVertex
100
AcDb2dVertex
 10
8.941124184768741
 20
22.51363296083873
 30
0.0
  0
VERTEX
  5
3CA
330
2F7
100
AcDbEntity
  8
0
100
AcDbVertex
100
AcDb2dVertex
 10
9.00559486742876
 20
22.47001773461346
 30
0.0
  0
VERTEX
  5
3CB
330
2F7
100
AcDbEntity
  8
0
100
AcDbVertex
100
AcDb2dVertex
 10
9.059057803890536
 20
22.43448748904926
 30
0.0
  0
VERTEX
  5
3CC
330
2F7
100
AcDbEntity
  8
0
100
AcDbVertex
100
AcDb2dVertex
 10
9.059057803890544
 20
19.64048748904926
 30
0.0
  0
VERTEX
  5
3CD
330
2F7
100
AcDbEntity
  8
0
100
AcDbVertex
100
AcDb2dVertex
 10
6.062499999999998
 20
19.64048748904927
 30
0.0
  0
SEQEND
  5
3CE
330
2F7
100
AcDbEntity
  8
Copper_Traces
  0
CIRCLE
  5
3CF
330
1F
100
AcDbEntity
  8
Copper_Traces
100
AcDbCircle
 10
15.2075
 20
16.8
 30
0.0
 40
0.1499999999999995
  0
CIRCLE
  5
3D0
330
1F
100
AcDbEntity
  8
Copper_Traces
100
AcDbCircle
 10
15.2075
 20
15.6
 30
0.0
 40
0.1499999999999995
  0
CIRCLE
  5
3D1
330
1F
100
AcDbEntity
  8
Copper_Traces
100
AcDbCircle
 10
15.2075
 20
14.4
 30
0.0
 40
0.1499999999999995
  0
CIRCLE
  5
3D2
330
1F
100
AcDbEntity
  8
Copper_Traces
100
AcDbCircle
 10
19.7925
 20
14.4
 30
0.0
 40
0.1500000000000004
  0
CIRCLE
  5
3D3
330
1F
100
AcDbEntity
  8
Copper_Traces
100
AcDbCircle
 10
19.7925
 20
15.6
 30
0.0
 40
0.1500000000000004
  0
CIRCLE
  5
3D4
330
1F
100
AcDbEntity
  8
Copper_Traces
100
AcDbCircle
 10
19.7925
 20
16.8
 30
0.0
 40
0.1500000000000004
  0
CIRCLE
  5
3D5
330
1F
100
AcDbEntity
  8
Copper_Traces
100
AcDbCircle
 10
21.88250000000001
 20
-14.4
 30
0.0
 40
0.1500000000000004
  0
CIRCLE
  5
3D6
330
1F
100
AcDbEntity
  8
Copper_Traces
100
AcDbCircle
 10
21.88250000000001
 20
-15.6
 30
0.0
 40
0.1500000000000004
  0
CIRCLE
  5
3D7
330
1F
100
AcDbEntity
  8
Copper_Traces
100
AcDbCircle
 10
21.88250000000001
 20
-16.8
 30
0.0
 40
0.1500000000000004
  0
CIRCLE
  5
3D8
330
1F
100
AcDbEntity
  8
Copper_Traces
100
AcDbCircle
 10
-15.2075
 20
16.8
 30
0.0
 40
0.1499999999999995
  0
CIRCLE
  5
3D9
330
1F
100
AcDbEntity
  8
Copper_Traces
100
AcDbCircle
 10
-15.2075
 20
15.6
 30
0.0
 40
0.1499999999999995
  0
CIRCLE
  5
3DA
330
1F
100
AcDbEntity
  8
Copper_Traces
100
AcDbCircle
 10
-15.2075
 20
14.4
 30
0.0
 40
0.1499999999999995
  0
CIRCLE
  5
3DB
330
1F
100
AcDbEntity
  8
Copper_Traces
100
AcDbCircle
 10
-19.7925
 20
16.8
 30
0.0
 40
0.1500000000000004
  0
CIRCLE
  5
3DC
330
1F
100
AcDbEntity
  8
Copper_Traces
100
AcDbCircle
 10
-19.7925
 20
15.6
 30
0.0
 40
0.1500000000000004
  0
CIRCLE
  5
3DD
330
1F
100
AcDbEntity
  8
Copper_Traces
100
AcDbCircle
 10
-19.7925
 20
14.4
 30
0.0
 40
0.1500000000000004
  0
CIRCLE
  5
3DE
330
1F
100
AcDbEntity
  8
Copper_Traces
100
AcDbCircle
 10
-13.1175
 20
-16.8
 30
0.0
 40
0.1500000000000004
  0
CIRCLE
  5
3DF
330
1F
100
AcDbEntity
  8
Copper_Traces
100
AcDbCircle
 10
-13.1175
 20
-15.6
 30
0.0
 40
0.1500000000000004
  0
CIRCLE
  5
3E0
330
1F
100
AcDbEntity
  8
Copper_Traces
100
AcDbCircle
 10
-13.1175
 20
-14.4
 30
0.0
 40
0.1500000000000004
  0
CIRCLE
  5
3E1
330
1F
100
AcDbEntity
  8
Copper_Traces
100
AcDbCircle
 10
-21.88250000000001
 20
-14.4
 30
0.0
 40
0.1500000000000004
  0
CIRCLE
  5
3E2
330
1F
100
AcDbEntity
  8
Copper_Traces
100
AcDbCircle
 10
-21.88250000000001
 20
-15.6
 30
0.0
 40
0.1500000000000004
  0
CIRCLE
  5
3E3
330
1F
100
AcDbEntity
  8
Copper_Traces
100
AcDbCircle
 10
-21.88250000000001
 20
-16.8
 30
0.0
 40
0.1500000000000004
  0
CIRCLE
  5
3E4
330
1F
100
AcDbEntity
  8
Copper_Traces
100
AcDbCircle
 10
-28.5575
 20
14.4
 30
0.0
 40
0.1500000000000004
  0
CIRCLE
  5
3E5
330
1F
100
AcDbEntity
  8
Copper_Traces
100
AcDbCircle
 10
-28.5575
 20
15.6
 30
0.0
 40
0.1500000000000004
  0
CIRCLE
  5
3E6
330
1F
100
AcDbEntity
  8
Copper_Traces
100
AcDbCircle
 10
-28.5575
 20
16.8
 30
0.0
 40
0.1500000000000004
  0
CIRCLE
  5
3E7
330
1F
100
AcDbEntity
  8
Copper_Traces
100
AcDbCircle
 10
-6.442500000000001
 20
16.8
 30
0.0
 40
0.1500000000000004
  0
CIRCLE
  5
3E8
330
1F
100
AcDbEntity
  8
Copper_Traces
100
AcDbCircle
 10
-6.442500000000001
 20
15.6
 30
0.0
 40
0.1500000000000004
  0
CIRCLE
  5
3E9
330
1F
100
AcDbEntity
  8
Copper_Traces
100
AcDbCircle
 10
-6.442500000000001
 20
14.4
 30
0.0
 40
0.1500000000000004
  0
CIRCLE
  5
3EA
330
1F
100
AcDbEntity
  8
Copper_Traces
100
AcDbCircle
 10
13.1175
 20
-16.8
 30
0.0
 40
0.1500000000000004
  0
CIRCLE
  5
3EB
330
1F
100
AcDbEntity
  8
Copper_Traces
100
AcDbCircle
 10
13.1175
 20
-15.6
 30
0.0
 40
0.1500000000000004
  0
CIRCLE
  5
3EC
330
1F
100
AcDbEntity
  8
Copper_Traces
100
AcDbCircle
 10
13.1175
 20
-14.4
 30
0.0
 40
0.1500000000000004
  0
CIRCLE
  5
3ED
330
1F
100
AcDbEntity
  8
Copper_Traces
100
AcDbCircle
 10
28.5575
 20
14.4
 30
0.0
 40
0.1500000000000004
  0
CIRCLE
  5
3EE
330
1F
100
AcDbEntity
  8
Copper_Traces
100
AcDbCircle
 10
28.5575
 20
15.6
 30
0.0
 40
0.1500000000000004
  0
CIRCLE
  5
3EF
330
1F
100
AcDbEntity
  8
Copper_Traces
100
AcDbCircle
 10
28.5575
 20
16.8
 30
0.0
 40
0.1500000000000004
  0
CIRCLE
  5
3F0
330
1F
100
AcDbEntity
  8
Copper_Traces
100
AcDbCircle
 10
6.442500000000001
 20
16.8
 30
0.0
 40
0.1500000000000004
  0
CIRCLE
  5
3F1
330
1F
100
AcDbEntity
  8
Copper_Traces
100
AcDbCircle
 10
6.442500000000001
 20
15.6
 30
0.0
 40
0.1500000000000004
  0
CIRCLE
  5
3F2
330
1F
100
AcDbEntity
  8
Copper_Traces
100
AcDbCircle
 10
6.442500000000001
 20
14.4
 30
0.0
 40
0.1500000000000004
  0
POLYLINE
  5
3F3
330
1F
100
AcDbEntity
  8
Copper_Traces
100
AcDb2dPolyline
 66
     1
 10
0.0
 20
0.0
 30
0.0
 70
     1
  0
VERTEX
  5
3F4
330
3F3
100
AcDbEntity
  8
0
100
AcDbVertex
100
AcDb2dVertex
 10
-12.7375
 20
-19.65099999999999
 30
0.0
  0
VERTEX
  5
3F5
330
3F3
100
AcDbEntity
  8
0
100
AcDbVertex
100
AcDb2dVertex
 10
-12.7375
 20
-17.99999999999999
 30
0.0
  0
VERTEX
  5
3F6
330
3F3
100
AcDbEntity
  8
0
100
AcDbVertex
100
AcDb2dVertex
 10
-13.7535
 20
-17.99999999999999
 30
0.0
  0
VERTEX
  5
3F7
330
3F3
100
AcDbEntity
  8
0
100
AcDbVertex
100
AcDb2dVertex
 10
-13.7535
 20
-18.50799999999998
 30
0.0
  0
VERTEX
  5
3F8
330
3F3
100
AcDbEntity
  8
0
100
AcDbVertex
100
AcDb2dVertex
 10
-21.2465
 20
-18.50799999999998
 30
0.0
  0
VERTEX
  5
3F9
330
3F3
100
AcDbEntity
  8
0
100
AcDbVertex
100
AcDb2dVertex
 10
-21.2465
 20
-18.0
 30
0.0
  0
VERTEX
  5
3FA
330
3F3
100
AcDbEntity
  8
0
100
AcDbVertex
100
AcDb2dVertex
 10
-22.2625
 20
-17.99999999999999
 30
0.0
  0
VERTEX
  5
3FB
330
3F3
100
AcDbEntity
  8
0
100
AcDbVertex
100
AcDb2dVertex
 10
-22.2625
 20
-19.651
 30
0.0
  0
VERTEX
  5
3FC
330
3F3
100
AcDbEntity
  8
0
100
AcDbVertex
100
AcDb2dVertex
 10
-19.26594219610946
 20
-19.65099999999999
 30
0.0
  0
VERTEX
  5
3FD
330
3F3
100
AcDbEntity
  8
0
100
AcDbVertex
100
AcDb2dVertex
 10
-19.26594219610947
 20
-22.44499999999999
 30
0.0
  0
VERTEX
  5
3FE
330
3F3
100
AcDbEntity
  8
0
100
AcDbVertex
100
AcDb2dVertex
 10
-19.33140649702406
 20
-22.48858661865437
 30
0.0
  0
VERTEX
  5
3FF
330
3F3
100
AcDbEntity
  8
0
100
AcDbVertex
100
AcDb2dVertex
 10
-19.39795630416274
 20
-22.53377943508908
 30
0.0
  0
VERTEX
  5
400
330
3F3
100
AcDbEntity
  8
0
100
AcDbVertex
100
AcDb2dVertex
 10
-19.44868470724704
 20
-22.56880001574077
 30
0.0
  0
VERTEX
  5
401
330
3F3
100
AcDbEntity
  8
0
100
AcDbVertex
100
AcDb2dVertex
 10
-19.42116645592178
 20
-22.58060337335367
 30
0.0
  0
VERTEX
  5
402
330
3F3
100
AcDbEntity
  8
0
100
AcDbVertex
100
AcDb2dVertex
 10
-19.3627601377794
 20
-22.60541731822472
 30
0.0
  0
VERTEX
  5
403
330
3F3
100
AcDbEntity
  8
0
100
AcDbVertex
100
AcDb2dVertex
 10
-19.36276013777941
 20
-22.75206428659888
 30
0.0
  0
VERTEX
  5
404
330
3F3
100
AcDbEntity
  8
0
100
AcDbVertex
100
AcDb2dVertex
 10
-19.49006308414287
 20
-22.79912133235473
 30
0.0
  0
VERTEX
  5
405
330
3F3
100
AcDbEntity
  8
0
100
AcDbVertex
100
AcDb2dVertex
 10
-19.59558875185545
 20
-22.83957716501747
 30
0.0
  0
VERTEX
  5
406
330
3F3
100
AcDbEntity
  8
0
100
AcDbVertex
100
AcDb2dVertex
 10
-19.7446299896005
 20
-22.89875881646751
 30
0.0
  0
VERTEX
  5
407
330
3F3
100
AcDbEntity
  8
0
100
AcDbVertex
100
AcDb2dVertex
 10
-19.89294364455683
 20
-22.95980961638308
 30
0.0
  0
VERTEX
  5
408
330
3F3
100
AcDbEntity
  8
0
100
AcDbVertex
100
AcDb2dVertex
 10
-19.89294364455684
 20
-23.07511112423262
 30
0.0
  0
VERTEX
  5
409
330
3F3
100
AcDbEntity
  8
0
100
AcDbVertex
100
AcDb2dVertex
 10
-19.74229796240068
 20
-23.14435911796853
 30
0.0
  0
VERTEX
  5
40A
330
3F3
100
AcDbEntity
  8
0
100
AcDbVertex
100
AcDb2dVertex
 10
-19.59103642416249
 20
-23.21221569756224
 30
0.0
  0
VERTEX
  5
40B
330
3F3
100
AcDbEntity
  8
0
100
AcDbVertex
100
AcDb2dVertex
 10
-19.51114776918157
 20
-23.24730687924452
 30
0.0
  0
VERTEX
  5
40C
330
3F3
100
AcDbEntity
  8
0
100
AcDbVertex
100
AcDb2dVertex
 10
-19.36276013777939
 20
-23.31097287378028
 30
0.0
  0
VERTEX
  5
40D
330
3F3
100
AcDbEntity
  8
0
100
AcDbVertex
100
AcDb2dVertex
 10
-19.36276013777941
 20
-23.45761984215444
 30
0.0
  0
VERTEX
  5
40E
330
3F3
100
AcDbEntity
  8
0
100
AcDbVertex
100
AcDb2dVertex
 10
-19.4900630841429
 20
-23.5046768879103
 30
0.0
  0
VERTEX
  5
40F
330
3F3
100
AcDbEntity
  8
0
100
AcDbVertex
100
AcDb2dVertex
 10
-19.59558875185543
 20
-23.54513272057302
 30
0.0
  0
VERTEX
  5
410
330
3F3
100
AcDbEntity
  8
0
100
AcDbVertex
100
AcDb2dVertex
 10
-19.7446299896005
 20
-23.60431437202305
 30
0.0
  0
VERTEX
  5
411
330
3F3
100
AcDbEntity
  8
0
100
AcDbVertex
100
AcDb2dVertex
 10
-19.89294364455682
 20
-23.66536517193863
 30
0.0
  0
VERTEX
  5
412
330
3F3
100
AcDbEntity
  8
0
100
AcDbVertex
100
AcDb2dVertex
 10
-19.89294364455684
 20
-23.78066667978817
 30
0.0
  0
VERTEX
  5
413
330
3F3
100
AcDbEntity
  8
0
100
AcDbVertex
100
AcDb2dVertex
 10
-19.74229796240066
 20
-23.84991467352412
 30
0.0
  0
VERTEX
  5
414
330
3F3
100
AcDbEntity
  8
0
100
AcDbVertex
100
AcDb2dVertex
 10
-19.59103642416241
 20
-23.91777125311784
 30
0.0
  0
VERTEX
  5
415
330
3F3
100
AcDbEntity
  8
0
100
AcDbVertex
100
AcDb2dVertex
 10
-19.51114776918241
 20
-23.95286243479971
 30
0.0
  0
VERTEX
  5
416
330
3F3
100
AcDbEntity
  8
0
100
AcDbVertex
100
AcDb2dVertex
 10
-19.36276013777931
 20
-24.01652842933584
 30
0.0
  0
VERTEX
  5
417
330
3F3
100
AcDbEntity
  8
0
100
AcDbVertex
100
AcDb2dVertex
 10
-19.36276013777941
 20
-24.16317539771001
 30
0.0
  0
VERTEX
  5
418
330
3F3
100
AcDbEntity
  8
0
100
AcDbVertex
100
AcDb2dVertex
 10
-19.49006308414338
 20
-24.21023244346604
 30
0.0
  0
VERTEX
  5
419
330
3F3
100
AcDbEntity
  8
0
100
AcDbVertex
100
AcDb2dVertex
 10
-19.59558875185542
 20
-24.25068827612857
 30
0.0
  0
VERTEX
  5
41A
330
3F3
100
AcDbEntity
  8
0
100
AcDbVertex
100
AcDb2dVertex
 10
-19.7446299896005
 20
-24.30986992757862
 30
0.0
  0
VERTEX
  5
41B
330
3F3
100
AcDbEntity
  8
0
100
AcDbVertex
100
AcDb2dVertex
 10
-19.89294364455683
 20
-24.37092072749419
 30
0.0
  0
VERTEX
  5
41C
330
3F3
100
AcDbEntity
  8
0
100
AcDbVertex
100
AcDb2dVertex
 10
-19.89294364455684
 20
-24.48622223534374
 30
0.0
  0
VERTEX
  5
41D
330
3F3
100
AcDbEntity
  8
0
100
AcDbVertex
100
AcDb2dVertex
 10
-19.7422979624007
 20
-24.55547022907966
 30
0.0
  0
VERTEX
  5
41E
330
3F3
100
AcDbEntity
  8
0
100
AcDbVertex
100
AcDb2dVertex
 10
-19.5910364241625
 20
-24.62332680867337
 30
0.0
  0
VERTEX
  5
41F
330
3F3
100
AcDbEntity
  8
0
100
AcDbVertex
100
AcDb2dVertex
 10
-19.51114776918158
 20
-24.65841799035564
 30
0.0
  0
VERTEX
  5
420
330
3F3
100
AcDbEntity
  8
0
100
AcDbVertex
100
AcDb2dVertex
 10
-19.36276013777941
 20
-24.7220839848914
 30
0.0
  0
VERTEX
  5
421
330
3F3
100
AcDbEntity
  8
0
100
AcDbVertex
100
AcDb2dVertex
 10
-19.36276013777941
 20
-24.86873095326557
 30
0.0
  0
VERTEX
  5
422
330
3F3
100
AcDbEntity
  8
0
100
AcDbVertex
100
AcDb2dVertex
 10
-19.49006308414318
 20
-24.91578799902152
 30
0.0
  0
VERTEX
  5
423
330
3F3
100
AcDbEntity
  8
0
100
AcDbVertex
100
AcDb2dVertex
 10
-19.59558875185546
 20
-24.95624383168414
 30
0.0
  0
VERTEX
  5
424
330
3F3
100
AcDbEntity
  8
0
100
AcDbVertex
100
AcDb2dVertex
 10
-19.74462998960052
 20
-25.01542548313418
 30
0.0
  0
VERTEX
  5
425
330
3F3
100
AcDbEntity
  8
0
100
AcDbVertex
100
AcDb2dVertex
 10
-19.89294364455683
 20
-25.07647628304974
 30
0.0
  0
VERTEX
  5
426
330
3F3
100
AcDbEntity
  8
0
100
AcDbVertex
100
AcDb2dVertex
 10
-19.89294364455684
 20
-25.19177779089931
 30
0.0
  0
VERTEX
  5
427
330
3F3
100
AcDbEntity
  8
0
100
AcDbVertex
100
AcDb2dVertex
 10
-19.74229796240069
 20
-25.26102578463522
 30
0.0
  0
VERTEX
  5
428
330
3F3
100
AcDbEntity
  8
0
100
AcDbVertex
100
AcDb2dVertex
 10
-19.59103642416251
 20
-25.32888236422892
 30
0.0
  0
VERTEX
  5
429
330
3F3
100
AcDbEntity
  8
0
100
AcDbVertex
100
AcDb2dVertex
 10
-19.5111477691815
 20
-25.36397354591123
 30
0.0
  0
VERTEX
  5
42A
330
3F3
100
AcDbEntity
  8
0
100
AcDbVertex
100
AcDb2dVertex
 10
-19.36276013777943
 20
-25.42763954044695
 30
0.0
  0
VERTEX
  5
42B
330
3F3
100
AcDbEntity
  8
0
100
AcDbVertex
100
AcDb2dVertex
 10
-19.36276013777941
 20
-25.57428650882112
 30
0.0
  0
VERTEX
  5
42C
330
3F3
100
AcDbEntity
  8
0
100
AcDbVertex
100
AcDb2dVertex
 10
-19.49006308414282
 20
-25.62134355457695
 30
0.0
  0
VERTEX
  5
42D
330
3F3
100
AcDbEntity
  8
0
100
AcDbVertex
100
AcDb2dVertex
 10
-19.59558875185546
 20
-25.66179938723971
 30
0.0
  0
VERTEX
  5
42E
330
3F3
100
AcDbEntity
  8
0
100
AcDbVertex
100
AcDb2dVertex
 10
-19.74462998960052
 20
-25.72098103868974
 30
0.0
  0
VERTEX
  5
42F
330
3F3
100
AcDbEntity
  8
0
100
AcDbVertex
100
AcDb2dVertex
 10
-19.89294364455684
 20
-25.78203183860531
 30
0.0
  0
VERTEX
  5
430
330
3F3
100
AcDbEntity
  8
0
100
AcDbVertex
100
AcDb2dVertex
 10
-19.89294364455684
 20
-25.89733334645486
 30
0.0
  0
VERTEX
  5
431
330
3F3
100
AcDbEntity
  8
0
100
AcDbVertex
100
AcDb2dVertex
 10
-19.74229796240068
 20
-25.9665813401908
 30
0.0
  0
VERTEX
  5
432
330
3F3
100
AcDbEntity
  8
0
100
AcDbVertex
100
AcDb2dVertex
 10
-19.59103642416245
 20
-26.03443791978452
 30
0.0
  0
VERTEX
  5
433
330
3F3
100
AcDbEntity
  8
0
100
AcDbVertex
100
AcDb2dVertex
 10
-19.51114776918223
 20
-26.06952910146648
 30
0.0
  0
VERTEX
  5
434
330
3F3
100
AcDbEntity
  8
0
100
AcDbVertex
100
AcDb2dVertex
 10
-19.36276013777934
 20
-26.13319509600252
 30
0.0
  0
VERTEX
  5
435
330
3F3
100
AcDbEntity
  8
0
100
AcDbVertex
100
AcDb2dVertex
 10
-19.36276013777941
 20
-26.27984206437668
 30
0.0
  0
VERTEX
  5
436
330
3F3
100
AcDbEntity
  8
0
100
AcDbVertex
100
AcDb2dVertex
 10
-19.47063271483919
 20
-26.31958948965703
 30
0.0
  0
VERTEX
  5
437
330
3F3
100
AcDbEntity
  8
0
100
AcDbVertex
100
AcDb2dVertex
 10
-19.58132884822527
 20
-26.36181524154376
 30
0.0
  0
VERTEX
  5
438
330
3F3
100
AcDbEntity
  8
0
100
AcDbVertex
100
AcDb2dVertex
 10
-19.59558875185548
 20
-26.36735494279528
 30
0.0
  0
VERTEX
  5
439
330
3F3
100
AcDbEntity
  8
0
100
AcDbVertex
100
AcDb2dVertex
 10
-19.71196776240341
 20
-26.41337293493357
 30
0.0
  0
VERTEX
  5
43A
330
3F3
100
AcDbEntity
  8
0
100
AcDbVertex
100
AcDb2dVertex
 10
-19.74414460903055
 20
-26.42634020482232
 30
0.0
  0
VERTEX
  5
43B
330
3F3
100
AcDbEntity
  8
0
100
AcDbVertex
100
AcDb2dVertex
 10
-19.63580135124035
 20
-26.50605435199271
 30
0.0
  0
VERTEX
  5
43C
330
3F3
100
AcDbEntity
  8
0
100
AcDbVertex
100
AcDb2dVertex
 10
-19.52847304572281
 20
-26.58316452247502
 30
0.0
  0
VERTEX
  5
43D
330
3F3
100
AcDbEntity
  8
0
100
AcDbVertex
100
AcDb2dVertex
 10
-19.42211248029533
 20
-26.65760455515307
 30
0.0
  0
VERTEX
  5
43E
330
3F3
100
AcDbEntity
  8
0
100
AcDbVertex
100
AcDb2dVertex
 10
-19.31666844137741
 20
-26.72930277955905
 30
0.0
  0
VERTEX
  5
43F
330
3F3
100
AcDbEntity
  8
0
100
AcDbVertex
100
AcDb2dVertex
 10
-19.26594219610948
 20
-26.76299999999999
 30
0.0
  0
VERTEX
  5
440
330
3F3
100
AcDbEntity
  8
0
100
AcDbVertex
100
AcDb2dVertex
 10
-19.26594219610947
 20
-27.525
 30
0.0
  0
VERTEX
  5
441
330
3F3
100
AcDbEntity
  8
0
100
AcDbVertex
100
AcDb2dVertex
 10
-18.84630678228441
 20
-27.525
 30
0.0
  0
VERTEX
  5
442
330
3F3
100
AcDbEntity
  8
0
100
AcDbVertex
100
AcDb2dVertex
 10
-18.80754496105524
 20
-27.50368581681851
 30
0.0
  0
VERTEX
  5
443
330
3F3
100
AcDbEntity
  8
0
100
AcDbVertex
100
AcDb2dVertex
 10
-18.75558115532818
 20
-27.4758048163091
 30
0.0
  0
VERTEX
  5
444
330
3F3
100
AcDbEntity
  8
0
100
AcDbVertex
100
AcDb2dVertex
 10
-18.7042109163506
 20
-27.44904745235022
 30
0.0
  0
VERTEX
  5
445
330
3F3
100
AcDbEntity
  8
0
100
AcDbVertex
100
AcDb2dVertex
 10
-18.65340771976999
 20
-27.42339999999999
 30
0.0
  0
VERTEX
  5
446
330
3F3
100
AcDbEntity
  8
0
100
AcDbVertex
100
AcDb2dVertex
 10
-18.65340771976999
 20
-25.6454
 30
0.0
  0
VERTEX
  5
447
330
3F3
100
AcDbEntity
  8
0
100
AcDbVertex
100
AcDb2dVertex
 10
-18.65322171027425
 20
-25.64233771301881
 30
0.0
  0
VERTEX
  5
448
330
3F3
100
AcDbEntity
  8
0
100
AcDbVertex
100
AcDb2dVertex
 10
-18.65307856303503
 20
-25.64132791060276
 30
0.0
  0
VERTEX
  5
449
330
3F3
100
AcDbEntity
  8
0
100
AcDbVertex
100
AcDb2dVertex
 10
-18.65233348334213
 20
-25.63805791005223
 30
0.0
  0
VERTEX
  5
44A
330
3F3
100
AcDbEntity
  8
0
100
AcDbVertex
100
AcDb2dVertex
 10
-18.65156261269981
 20
-25.63579709997598
 30
0.0
  0
VERTEX
  5
44B
330
3F3
100
AcDbEntity
  8
0
100
AcDbVertex
100
AcDb2dVertex
 10
-18.65010047887004
 20
-25.63259288316196
 30
0.0
  0
VERTEX
  5
44C
330
3F3
100
AcDbEntity
  8
0
100
AcDbVertex
100
AcDb2dVertex
 10
-18.64826255653479
 20
-25.62950353279872
 30
0.0
  0
VERTEX
  5
44D
330
3F3
100
AcDbEntity
  8
0
100
AcDbVertex
100
AcDb2dVertex
 10
-18.64606760743566
 20
-25.62652432257895
 30
0.0
  0
VERTEX
  5
44E
330
3F3
100
AcDbEntity
  8
0
100
AcDbVertex
100
AcDb2dVertex
 10
-18.64346736499732
 20
-25.62358771681505
 30
0.0
  0
VERTEX
  5
44F
330
3F3
100
AcDbEntity
  8
0
100
AcDbVertex
100
AcDb2dVertex
 10
-18.64022004778284
 20
-25.62049843532236
 30
0.0
  0
VERTEX
  5
450
330
3F3
100
AcDbEntity
  8
0
100
AcDbVertex
100
AcDb2dVertex
 10
-18.63663337677616
 20
-25.61759380133387
 30
0.0
  0
VERTEX
  5
451
330
3F3
100
AcDbEntity
  8
0
100
AcDbVertex
100
AcDb2dVertex
 10
-18.6348915182605
 20
-25.61632829393651
 30
0.0
  0
VERTEX
  5
452
330
3F3
100
AcDbEntity
  8
0
100
AcDbVertex
100
AcDb2dVertex
 10
-18.6302457173677
 20
-25.61331249535472
 30
0.0
  0
VERTEX
  5
453
330
3F3
100
AcDbEntity
  8
0
100
AcDbVertex
100
AcDb2dVertex
 10
-18.62528817628811
 20
-25.6105514205277
 30
0.0
  0
VERTEX
  5
454
330
3F3
100
AcDbEntity
  8
0
100
AcDbVertex
100
AcDb2dVertex
 10
-18.62003901107105
 20
-25.60802718734347
 30
0.0
  0
VERTEX
  5
455
330
3F3
100
AcDbEntity
  8
0
100
AcDbVertex
100
AcDb2dVertex
 10
-18.61451416705437
 20
-25.60572779160271
 30
0.0
  0
VERTEX
  5
456
330
3F3
100
AcDbEntity
  8
0
100
AcDbVertex
100
AcDb2dVertex
 10
-18.60872657488989
 20
-25.60364540094476
 30
0.0
  0
VERTEX
  5
457
330
3F3
100
AcDbEntity
  8
0
100
AcDbVertex
100
AcDb2dVertex
 10
-18.60243677949747
 20
-25.60170391845892
 30
0.0
  0
VERTEX
  5
458
330
3F3
100
AcDbEntity
  8
0
100
AcDbVertex
100
AcDb2dVertex
 10
-18.59469056238111
 20
-25.59970857236094
 30
0.0
  0
VERTEX
  5
459
330
3F3
100
AcDbEntity
  8
0
100
AcDbVertex
100
AcDb2dVertex
 10
-18.58670927527438
 20
-25.59805076393375
 30
0.0
  0
VERTEX
  5
45A
330
3F3
100
AcDbEntity
  8
0
100
AcDbVertex
100
AcDb2dVertex
 10
-18.57850864247583
 20
-25.59672020725047
 30
0.0
  0
VERTEX
  5
45B
330
3F3
100
AcDbEntity
  8
0
100
AcDbVertex
100
AcDb2dVertex
 10
-18.57595188110279
 20
-25.59637678619046
 30
0.0
  0
VERTEX
  5
45C
330
3F3
100
AcDbEntity
  8
0
100
AcDbVertex
100
AcDb2dVertex
 10
-18.56653357123989
 20
-25.5953852659357
 30
0.0
  0
VERTEX
  5
45D
330
3F3
100
AcDbEntity
  8
0
100
AcDbVertex
100
AcDb2dVertex
 10
-18.55700236195931
 20
-25.59479574151373
 30
0.0
  0
VERTEX
  5
45E
330
3F3
100
AcDbEntity
  8
0
100
AcDbVertex
100
AcDb2dVertex
 10
-18.54737528900818
 20
-25.5946
 30
0.0
  0
VERTEX
  5
45F
330
3F3
100
AcDbEntity
  8
0
100
AcDbVertex
100
AcDb2dVertex
 10
-16.45262471099182
 20
-25.5946
 30
0.0
  0
VERTEX
  5
460
330
3F3
100
AcDbEntity
  8
0
100
AcDbVertex
100
AcDb2dVertex
 10
-16.446892885749
 20
-25.5946690993757
 30
0.0
  0
VERTEX
  5
461
330
3F3
100
AcDbEntity
  8
0
100
AcDbVertex
100
AcDb2dVertex
 10
-16.43680615710193
 20
-25.59513269043747
 30
0.0
  0
VERTEX
  5
462
330
3F3
100
AcDbEntity
  8
0
100
AcDbVertex
100
AcDb2dVertex
 10
-16.42690273014245
 20
-25.59603156582799
 30
0.0
  0
VERTEX
  5
463
330
3F3
100
AcDbEntity
  8
0
100
AcDbVertex
100
AcDb2dVertex
 10
-16.41723047318864
 20
-25.59736680914379
 30
0.0
  0
VERTEX
  5
464
330
3F3
100
AcDbEntity
  8
0
100
AcDbVertex
100
AcDb2dVertex
 10
-16.41508780229683
 20
-25.5977282555025
 30
0.0
  0
VERTEX
  5
465
330
3F3
100
AcDbEntity
  8
0
100
AcDbVertex
100
AcDb2dVertex
 10
-16.40633358963706
 20
-25.59947435240279
 30
0.0
  0
VERTEX
  5
466
330
3F3
100
AcDbEntity
  8
0
100
AcDbVertex
100
AcDb2dVertex
 10
-16.39799401655835
 20
-25.60158201564051
 30
0.0
  0
VERTEX
  5
467
330
3F3
100
AcDbEntity
  8
0
100
AcDbVertex
100
AcDb2dVertex
 10
-16.39009809171766
 20
-25.60404386618445
 30
0.0
  0
VERTEX
  5
468
330
3F3
100
AcDbEntity
  8
0
100
AcDbVertex
100
AcDb2dVertex
 10
-16.38267389661487
 20
-25.60685658438058
 30
0.0
  0
VERTEX
  5
469
330
3F3
100
AcDbEntity
  8
0
100
AcDbVertex
100
AcDb2dVertex
 10
-16.3764241698147
 20
-25.60968726029074
 30
0.0
  0
VERTEX
  5
46A
330
3F3
100
AcDbEntity
  8
0
100
AcDbVertex
100
AcDb2dVertex
 10
-16.37210883389184
 20
-25.61194968617495
 30
0.0
  0
VERTEX
  5
46B
330
3F3
100
AcDbEntity
  8
0
100
AcDbVertex
100
AcDb2dVertex
 10
-16.36692502364831
 20
-25.61509182859819
 30
0.0
  0
VERTEX
  5
46C
330
3F3
100
AcDbEntity
  8
0
100
AcDbVertex
100
AcDb2dVertex
 10
-16.36226607724419
 20
-25.61843876222248
 30
0.0
  0
VERTEX
  5
46D
330
3F3
100
AcDbEntity
  8
0
100
AcDbVertex
100
AcDb2dVertex
 10
-16.35813807425821
 20
-25.62199484168532
 30
0.0
  0
VERTEX
  5
46E
330
3F3
100
AcDbEntity
  8
0
100
AcDbVertex
100
AcDb2dVertex
 10
-16.3548863357483
 20
-25.62538667692412
 30
0.0
  0
VERTEX
  5
46F
330
3F3
100
AcDbEntity
  8
0
100
AcDbVertex
100
AcDb2dVertex
 10
-16.35221868549362
 20
-25.62879803583409
 30
0.0
  0
VERTEX
  5
470
330
3F3
100
AcDbEntity
  8
0
100
AcDbVertex
100
AcDb2dVertex
 10
-16.35004100346933
 20
-25.63232670093456
 30
0.0
  0
VERTEX
  5
471
330
3F3
100
AcDbEntity
  8
0
100
AcDbVertex
100
AcDb2dVertex
 10
-16.34939377153758
 20
-25.63359698477216
 30
0.0
  0
VERTEX
  5
472
330
3F3
100
AcDbEntity
  8
0
100
AcDbVertex
100
AcDb2dVertex
 10
-16.34801811710673
 20
-25.63694907015867
 30
0.0
  0
VERTEX
  5
473
330
3F3
100
AcDbEntity
  8
0
100
AcDbVertex
100
AcDb2dVertex
 10
-16.34709686395311
 20
-25.64036054524889
 30
0.0
  0
VERTEX
  5
474
330
3F3
100
AcDbEntity
  8
0
100
AcDbVertex
100
AcDb2dVertex
 10
-16.34681309223083
 20
-25.64206381519196
 30
0.0
  0
VERTEX
  5
475
330
3F3
100
AcDbEntity
  8
0
100
AcDbVertex
100
AcDb2dVertex
 10
-16.34659228023003
 20
-25.6454
 30
0.0
  0
VERTEX
  5
476
330
3F3
100
AcDbEntity
  8
0
100
AcDbVertex
100
AcDb2dVertex
 10
-16.34659228023002
 20
-27.42339999999999
 30
0.0
  0
VERTEX
  5
477
330
3F3
100
AcDbEntity
  8
0
100
AcDbVertex
100
AcDb2dVertex
 10
-16.30321925533088
 20
-27.44524518754174
 30
0.0
  0
VERTEX
  5
478
330
3F3
100
AcDbEntity
  8
0
100
AcDbVertex
100
AcDb2dVertex
 10
-16.25352627819392
 20
-27.47100182444574
 30
0.0
  0
VERTEX
  5
479
330
3F3
100
AcDbEntity
  8
0
100
AcDbVertex
100
AcDb2dVertex
 10
-16.2036869757347
 20
-27.49759138513905
 30
0.0
  0
VERTEX
  5
47A
330
3F3
100
AcDbEntity
  8
0
100
AcDbVertex
100
AcDb2dVertex
 10
-16.1536932177156
 20
-27.525
 30
0.0
  0
VERTEX
  5
47B
330
3F3
100
AcDbEntity
  8
0
100
AcDbVertex
100
AcDb2dVertex
 10
-15.73405780389051
 20
-27.525
 30
0.0
  0
VERTEX
  5
47C
330
3F3
100
AcDbEntity
  8
0
100
AcDbVertex
100
AcDb2dVertex
 10
-15.73405780389054
 20
-26.76299999999999
 30
0.0
  0
VERTEX
  5
47D
330
3F3
100
AcDbEntity
  8
0
100
AcDbVertex
100
AcDb2dVertex
 10
-15.64555779759815
 20
-26.70386883834562
 30
0.0
  0
VERTEX
  5
47E
330
3F3
100
AcDbEntity
  8
0
100
AcDbVertex
100
AcDb2dVertex
 10
-15.55505657376528
 20
-26.6417992196699
 30
0.0
  0
VERTEX
  5
47F
330
3F3
100
AcDbEntity
  8
0
100
AcDbVertex
100
AcDb2dVertex
 10
-15.46245438766248
 20
-26.57672156805813
 30
0.0
  0
VERTEX
  5
480
330
3F3
100
AcDbEntity
  8
0
100
AcDbVertex
100
AcDb2dVertex
 10
-15.41556443049336
 20
-26.54319799216753
 30
0.0
  0
VERTEX
  5
481
330
3F3
100
AcDbEntity
  8
0
100
AcDbVertex
100
AcDb2dVertex
 10
-15.48487782597991
 20
-26.5127592702209
 30
0.0
  0
VERTEX
  5
482
330
3F3
100
AcDbEntity
  8
0
100
AcDbVertex
100
AcDb2dVertex
 10
-15.57946662009898
 20
-26.47190369337761
 30
0.0
  0
VERTEX
  5
483
330
3F3
100
AcDbEntity
  8
0
100
AcDbVertex
100
AcDb2dVertex
 10
-15.63723986222059
 20
-26.44736045955299
 30
0.0
  0
VERTEX
  5
484
330
3F3
100
AcDbEntity
  8
0
100
AcDbVertex
100
AcDb2dVertex
 10
-15.63723986222059
 20
-26.30071349117883
 30
0.0
  0
VERTEX
  5
485
330
3F3
100
AcDbEntity
  8
0
100
AcDbVertex
100
AcDb2dVertex
 10
-15.6126318591144
 20
-26.2917737251434
 30
0.0
  0
VERTEX
  5
486
330
3F3
100
AcDbEntity
  8
0
100
AcDbVertex
100
AcDb2dVertex
 10
-15.48686011907424
 20
-26.2449175948501
 30
0.0
  0
VERTEX
  5
487
330
3F3
100
AcDbEntity
  8
0
100
AcDbVertex
100
AcDb2dVertex
 10
-15.47047343172852
 20
-26.23867483861863
 30
0.0
  0
VERTEX
  5
488
330
3F3
100
AcDbEntity
  8
0
100
AcDbVertex
100
AcDb2dVertex
 10
-15.33737466704766
 20
-26.1868655351206
 30
0.0
  0
VERTEX
  5
489
330
3F3
100
AcDbEntity
  8
0
100
AcDbVertex
100
AcDb2dVertex
 10
-15.24900905755294
 20
-26.15144313592666
 30
0.0
  0
VERTEX
  5
48A
330
3F3
100
AcDbEntity
  8
0
100
AcDbVertex
100
AcDb2dVertex
 10
-15.10705635544316
 20
-26.09296816139465
 30
0.0
  0
VERTEX
  5
48B
330
3F3
100
AcDbEntity
  8
0
100
AcDbVertex
100
AcDb2dVertex
 10
-15.10705635544316
 20
-25.97766665354509
 30
0.0
  0
VERTEX
  5
48C
330
3F3
100
AcDbEntity
  8
0
100
AcDbVertex
100
AcDb2dVertex
 10
-15.27457981184142
 20
-25.90076044360324
 30
0.0
  0
VERTEX
  5
48D
330
3F3
100
AcDbEntity
  8
0
100
AcDbVertex
100
AcDb2dVertex
 10
-15.33327479370142
 20
-25.87429421388818
 30
0.0
  0
VERTEX
  5
48E
330
3F3
100
AcDbEntity
  8
0
100
AcDbVertex
100
AcDb2dVertex
 10
-15.4848778259799
 20
-25.80720371466534
 30
0.0
  0
VERTEX
  5
48F
330
3F3
100
AcDbEntity
  8
0
100
AcDbVertex
100
AcDb2dVertex
 10
-15.63723986222059
 20
-25.74180490399744
 30
0.0
  0
VERTEX
  5
490
330
3F3
100
AcDbEntity
  8
0
100
AcDbVertex
100
AcDb2dVertex
 10
-15.63723986222059
 20
-25.59515793562326
 30
0.0
  0
VERTEX
  5
491
330
3F3
100
AcDbEntity
  8
0
100
AcDbVertex
100
AcDb2dVertex
 10
-15.61263185911412
 20
-25.58621816958774
 30
0.0
  0
VERTEX
  5
492
330
3F3
100
AcDbEntity
  8
0
100
AcDbVertex
100
AcDb2dVertex
 10
-15.48686011907424
 20
-25.53936203929453
 30
0.0
  0
VERTEX
  5
493
330
3F3
100
AcDbEntity
  8
0
100
AcDbVertex
100
AcDb2dVertex
 10
-15.47047343172852
 20
-25.53311928306306
 30
0.0
  0
VERTEX
  5
494
330
3F3
100
AcDbEntity
  8
0
100
AcDbVertex
100
AcDb2dVertex
 10
-15.33737466704765
 20
-25.48130997956503
 30
0.0
  0
VERTEX
  5
495
330
3F3
100
AcDbEntity
  8
0
100
AcDbVertex
100
AcDb2dVertex
 10
-15.24900905755276
 20
-25.44588758037102
 30
0.0
  0
VERTEX
  5
496
330
3F3
100
AcDbEntity
  8
0
100
AcDbVertex
100
AcDb2dVertex
 10
-15.10705635544315
 20
-25.38741260583908
 30
0.0
  0
VERTEX
  5
497
330
3F3
100
AcDbEntity
  8
0
100
AcDbVertex
100
AcDb2dVertex
 10
-15.10705635544316
 20
-25.27211109798953
 30
0.0
  0
VERTEX
  5
498
330
3F3
100
AcDbEntity
  8
0
100
AcDbVertex
100
AcDb2dVertex
 10
-15.27457981184197
 20
-25.19520488804744
 30
0.0
  0
VERTEX
  5
499
330
3F3
100
AcDbEntity
  8
0
100
AcDbVertex
100
AcDb2dVertex
 10
-15.33327479370142
 20
-25.16873865833263
 30
0.0
  0
VERTEX
  5
49A
330
3F3
100
AcDbEntity
  8
0
100
AcDbVertex
100
AcDb2dVertex
 10
-15.4848778259799
 20
-25.10164815910978
 30
0.0
  0
VERTEX
  5
49B
330
3F3
100
AcDbEntity
  8
0
100
AcDbVertex
100
AcDb2dVertex
 10
-15.63723986222059
 20
-25.03624934844187
 30
0.0
  0
VERTEX
  5
49C
330
3F3
100
AcDbEntity
  8
0
100
AcDbVertex
100
AcDb2dVertex
 10
-15.63723986222059
 20
-24.88960238006771
 30
0.0
  0
VERTEX
  5
49D
330
3F3
100
AcDbEntity
  8
0
100
AcDbVertex
100
AcDb2dVertex
 10
-15.61263185911393
 20
-24.88066261403211
 30
0.0
  0
VERTEX
  5
49E
330
3F3
100
AcDbEntity
  8
0
100
AcDbVertex
100
AcDb2dVertex
 10
-15.48686011907424
 20
-24.83380648373898
 30
0.0
  0
VERTEX
  5
49F
330
3F3
100
AcDbEntity
  8
0
100
AcDbVertex
100
AcDb2dVertex
 10
-15.47047343172851
 20
-24.8275637275075
 30
0.0
  0
VERTEX
  5
4A0
330
3F3
100
AcDbEntity
  8
0
100
AcDbVertex
100
AcDb2dVertex
 10
-15.33737466704765
 20
-24.77575442400947
 30
0.0
  0
VERTEX
  5
4A1
330
3F3
100
AcDbEntity
  8
0
100
AcDbVertex
100
AcDb2dVertex
 10
-15.24900905755276
 20
-24.74033202481547
 30
0.0
  0
VERTEX
  5
4A2
330
3F3
100
AcDbEntity
  8
0
100
AcDbVertex
100
AcDb2dVertex
 10
-15.10705635544316
 20
-24.68185705028352
 30
0.0
  0
VERTEX
  5
4A3
330
3F3
100
AcDbEntity
  8
0
100
AcDbVertex
100
AcDb2dVertex
 10
-15.10705635544316
 20
-24.56655554243398
 30
0.0
  0
VERTEX
  5
4A4
330
3F3
100
AcDbEntity
  8
0
100
AcDbVertex
100
AcDb2dVertex
 10
-15.27457981184126
 20
-24.4896493324922
 30
0.0
  0
VERTEX
  5
4A5
330
3F3
100
AcDbEntity
  8
0
100
AcDbVertex
100
AcDb2dVertex
 10
-15.33327479370143
 20
-24.46318310277706
 30
0.0
  0
VERTEX
  5
4A6
330
3F3
100
AcDbEntity
  8
0
100
AcDbVertex
100
AcDb2dVertex
 10
-15.48487782597991
 20
-24.39609260355421
 30
0.0
  0
VERTEX
  5
4A7
330
3F3
100
AcDbEntity
  8
0
100
AcDbVertex
100
AcDb2dVertex
 10
-15.63723986222061
 20
-24.33069379288631
 30
0.0
  0
VERTEX
  5
4A8
330
3F3
100
AcDbEntity
  8
0
100
AcDbVertex
100
AcDb2dVertex
 10
-15.63723986222059
 20
-24.18404682451214
 30
0.0
  0
VERTEX
  5
4A9
330
3F3
100
AcDbEntity
  8
0
100
AcDbVertex
100
AcDb2dVertex
 10
-15.6126318591144
 20
-24.17510705847673
 30
0.0
  0
VERTEX
  5
4AA
330
3F3
100
AcDbEntity
  8
0
100
AcDbVertex
100
AcDb2dVertex
 10
-15.48686011907424
 20
-24.12825092818342
 30
0.0
  0
VERTEX
  5
4AB
330
3F3
100
AcDbEntity
  8
0
100
AcDbVertex
100
AcDb2dVertex
 10
-15.47047343172838
 20
-24.12200817195189
 30
0.0
  0
VERTEX
  5
4AC
330
3F3
100
AcDbEntity
  8
0
100
AcDbVertex
100
AcDb2dVertex
 10
-15.33737466704766
 20
-24.07019886845391
 30
0.0
  0
VERTEX
  5
4AD
330
3F3
100
AcDbEntity
  8
0
100
AcDbVertex
100
AcDb2dVertex
 10
-15.24900905755294
 20
-24.03477646925997
 30
0.0
  0
VERTEX
  5
4AE
330
3F3
100
AcDbEntity
  8
0
100
AcDbVertex
100
AcDb2dVertex
 10
-15.10705635544316
 20
-23.97630149472796
 30
0.0
  0
VERTEX
  5
4AF
330
3F3
100
AcDbEntity
  8
0
100
AcDbVertex
100
AcDb2dVertex
 10
-15.10705635544316
 20
-23.86099998687842
 30
0.0
  0
VERTEX
  5
4B0
330
3F3
100
AcDbEntity
  8
0
100
AcDbVertex
100
AcDb2dVertex
 10
-15.27457981184113
 20
-23.7840937769367
 30
0.0
  0
VERTEX
  5
4B1
330
3F3
100
AcDbEntity
  8
0
100
AcDbVertex
100
AcDb2dVertex
 10
-15.33327479370142
 20
-23.7576275472215
 30
0.0
  0
VERTEX
  5
4B2
330
3F3
100
AcDbEntity
  8
0
100
AcDbVertex
100
AcDb2dVertex
 10
-15.48487782597991
 20
-23.69053704799865
 30
0.0
  0
VERTEX
  5
4B3
330
3F3
100
AcDbEntity
  8
0
100
AcDbVertex
100
AcDb2dVertex
 10
-15.6372398622206
 20
-23.62513823733075
 30
0.0
  0
VERTEX
  5
4B4
330
3F3
100
AcDbEntity
  8
0
100
AcDbVertex
100
AcDb2dVertex
 10
-15.63723986222059
 20
-23.4784912689566
 30
0.0
  0
VERTEX
  5
4B5
330
3F3
100
AcDbEntity
  8
0
100
AcDbVertex
100
AcDb2dVertex
 10
-15.61263185911424
 20
-23.4695515029211
 30
0.0
  0
VERTEX
  5
4B6
330
3F3
100
AcDbEntity
  8
0
100
AcDbVertex
100
AcDb2dVertex
 10
-15.48686011907425
 20
-23.42269537262786
 30
0.0
  0
VERTEX
  5
4B7
330
3F3
100
AcDbEntity
  8
0
100
AcDbVertex
100
AcDb2dVertex
 10
-15.47047343172853
 20
-23.41645261639638
 30
0.0
  0
VERTEX
  5
4B8
330
3F3
100
AcDbEntity
  8
0
100
AcDbVertex
100
AcDb2dVertex
 10
-15.33737466704767
 20
-23.36464331289835
 30
0.0
  0
VERTEX
  5
4B9
330
3F3
100
AcDbEntity
  8
0
100
AcDbVertex
100
AcDb2dVertex
 10
-15.2490090575527
 20
-23.32922091370432
 30
0.0
  0
VERTEX
  5
4BA
330
3F3
100
AcDbEntity
  8
0
100
AcDbVertex
100
AcDb2dVertex
 10
-15.10705635544318
 20
-23.2707459391724
 30
0.0
  0
VERTEX
  5
4BB
330
3F3
100
AcDbEntity
  8
0
100
AcDbVertex
100
AcDb2dVertex
 10
-15.10705635544316
 20
-23.15544443132286
 30
0.0
  0
VERTEX
  5
4BC
330
3F3
100
AcDbEntity
  8
0
100
AcDbVertex
100
AcDb2dVertex
 10
-15.27457981184144
 20
-23.078538221381
 30
0.0
  0
VERTEX
  5
4BD
330
3F3
100
AcDbEntity
  8
0
100
AcDbVertex
100
AcDb2dVertex
 10
-15.33327479370143
 20
-23.05207199166594
 30
0.0
  0
VERTEX
  5
4BE
330
3F3
100
AcDbEntity
  8
0
100
AcDbVertex
100
AcDb2dVertex
 10
-15.48487782597991
 20
-22.98498149244309
 30
0.0
  0
VERTEX
  5
4BF
330
3F3
100
AcDbEntity
  8
0
100
AcDbVertex
100
AcDb2dVertex
 10
-15.63723986222059
 20
-22.91958268177518
 30
0.0
  0
VERTEX
  5
4C0
330
3F3
100
AcDbEntity
  8
0
100
AcDbVertex
100
AcDb2dVertex
 10
-15.63723986222059
 20
-22.77293571340103
 30
0.0
  0
VERTEX
  5
4C1
330
3F3
100
AcDbEntity
  8
0
100
AcDbVertex
100
AcDb2dVertex
 10
-15.57192337151189
 20
-22.74904002658684
 30
0.0
  0
VERTEX
  5
4C2
330
3F3
100
AcDbEntity
  8
0
100
AcDbVertex
100
AcDb2dVertex
 10
-15.48686011907425
 20
-22.71713981707229
 30
0.0
  0
VERTEX
  5
4C3
330
3F3
100
AcDbEntity
  8
0
100
AcDbVertex
100
AcDb2dVertex
 10
-15.39308254150054
 20
-22.68100607506923
 30
0.0
  0
VERTEX
  5
4C4
330
3F3
100
AcDbEntity
  8
0
100
AcDbVertex
100
AcDb2dVertex
 10
-15.48318188005195
 20
-22.6165796388553
 30
0.0
  0
VERTEX
  5
4C5
330
3F3
100
AcDbEntity
  8
0
100
AcDbVertex
100
AcDb2dVertex
 10
-15.57259923705073
 20
-22.55404773886371
 30
0.0
  0
VERTEX
  5
4C6
330
3F3
100
AcDbEntity
  8
0
100
AcDbVertex
100
AcDb2dVertex
 10
-15.66136511820767
 20
-22.49345294265984
 30
0.0
  0
VERTEX
  5
4C7
330
3F3
100
AcDbEntity
  8
0
100
AcDbVertex
100
AcDb2dVertex
 10
-15.73405780389054
 20
-22.44499999999999
 30
0.0
  0
VERTEX
  5
4C8
330
3F3
100
AcDbEntity
  8
0
100
AcDbVertex
100
AcDb2dVertex
 10
-15.73405780389054
 20
-19.651
 30
0.0
  0
VERTEX
  5
4C9
330
3F3
100
AcDbEntity
  8
0
100
AcDbVertex
100
AcDb2dVertex
 10
-12.7375
 20
-19.65099999999999
 30
0.0
  0
SEQEND
  5
4CA
330
3F3
100
AcDbEntity
  8
Copper_Traces
  0
POLYLINE
  5
4CB
330
1F
100
AcDbEntity
  8
Copper_Traces
100
AcDb2dPolyline
 66
     1
 10
0.0
 20
0.0
 30
0.0
 70
     1
  0
VERTEX
  5
4CC
330
4CB
100
AcDbEntity
  8
0
100
AcDbVertex
100
AcDb2dVertex
 10
13.7535
 20
-18.50799999999998
 30
0.0
  0
VERTEX
  5
4CD
330
4CB
100
AcDbEntity
  8
0
100
AcDbVertex
100
AcDb2dVertex
 10
13.7535
 20
-18.0
 30
0.0
  0
VERTEX
  5
4CE
330
4CB
100
AcDbEntity
  8
0
100
AcDbVertex
100
AcDb2dVertex
 10
12.7375
 20
-18.0
 30
0.0
  0
VERTEX
  5
4CF
330
4CB
100
AcDbEntity
  8
0
100
AcDbVertex
100
AcDb2dVertex
 10
12.7375
 20
-19.651
 30
0.0
  0
VERTEX
  5
4D0
330
4CB
100
AcDbEntity
  8
0
100
AcDbVertex
100
AcDb2dVertex
 10
15.73405780389054
 20
-19.65099999999999
 30
0.0
  0
VERTEX
  5
4D1
330
4CB
100
AcDbEntity
  8
0
100
AcDbVertex
100
AcDb2dVertex
 10
15.73405780389054
 20
-22.44499999999999
 30
0.0
  0
VERTEX
  5
4D2
330
4CB
100
AcDbEntity
  8
0
100
AcDbVertex
100
AcDb2dVertex
 10
15.64213235043555
 20
-22.50645166550451
 30
0.0
  0
VERTEX
  5
4D3
330
4CB
100
AcDbEntity
  8
0
100
AcDbVertex
100
AcDb2dVertex
 10
15.54804495259018
 20
-22.57107418141744
 30
0.0
  0
VERTEX
  5
4D4
330
4CB
100
AcDbEntity
  8
0
100
AcDbVertex
100
AcDb2dVertex
 10
15.45168381512815
 20
-22.63894567113066
 30
0.0
  0
VERTEX
  5
4D5
330
4CB
100
AcDbEntity
  8
0
100
AcDbVertex
100
AcDb2dVertex
 10
15.39308252436654
 20
-22.68100600354866
 30
0.0
  0
VERTEX
  5
4D6
330
4CB
100
AcDbEntity
  8
0
100
AcDbVertex
100
AcDb2dVertex
 10
15.40441124814455
 20
-22.68542283498244
 30
0.0
  0
VERTEX
  5
4D7
330
4CB
100
AcDbEntity
  8
0
100
AcDbVertex
100
AcDb2dVertex
 10
15.46296323160754
 20
-22.70802568515394
 30
0.0
  0
VERTEX
  5
4D8
330
4CB
100
AcDbEntity
  8
0
100
AcDbVertex
100
AcDb2dVertex
 10
15.55100039889851
 20
-22.74127373713153
 30
0.0
  0
VERTEX
  5
4D9
330
4CB
100
AcDbEntity
  8
0
100
AcDbVertex
100
AcDb2dVertex
 10
15.63723986222061
 20
-22.77293571340102
 30
0.0
  0
VERTEX
  5
4DA
330
4CB
100
AcDbEntity
  8
0
100
AcDbVertex
100
AcDb2dVertex
 10
15.63723986222059
 20
-22.91958268177519
 30
0.0
  0
VERTEX
  5
4DB
330
4CB
100
AcDbEntity
  8
0
100
AcDbVertex
100
AcDb2dVertex
 10
15.48885223081872
 20
-22.98324867631083
 30
0.0
  0
VERTEX
  5
4DC
330
4CB
100
AcDbEntity
  8
0
100
AcDbVertex
100
AcDb2dVertex
 10
15.40896357583751
 20
-23.01833985799323
 30
0.0
  0
VERTEX
  5
4DD
330
4CB
100
AcDbEntity
  8
0
100
AcDbVertex
100
AcDb2dVertex
 10
15.25770203759932
 20
-23.08619643758693
 30
0.0
  0
VERTEX
  5
4DE
330
4CB
100
AcDbEntity
  8
0
100
AcDbVertex
100
AcDb2dVertex
 10
15.10705635544316
 20
-23.15544443132286
 30
0.0
  0
VERTEX
  5
4DF
330
4CB
100
AcDbEntity
  8
0
100
AcDbVertex
100
AcDb2dVertex
 10
15.10705635544316
 20
-23.2707459391724
 30
0.0
  0
VERTEX
  5
4E0
330
4CB
100
AcDbEntity
  8
0
100
AcDbVertex
100
AcDb2dVertex
 10
15.2553700103995
 20
-23.33179673908797
 30
0.0
  0
VERTEX
  5
4E1
330
4CB
100
AcDbEntity
  8
0
100
AcDbVertex
100
AcDb2dVertex
 10
15.40441124814456
 20
-23.39097839053801
 30
0.0
  0
VERTEX
  5
4E2
330
4CB
100
AcDbEntity
  8
0
100
AcDbVertex
100
AcDb2dVertex
 10
15.50993691585703
 20
-23.4314342232007
 30
0.0
  0
VERTEX
  5
4E3
330
4CB
100
AcDbEntity
  8
0
100
AcDbVertex
100
AcDb2dVertex
 10
15.6372398622206
 20
-23.47849126895659
 30
0.0
  0
VERTEX
  5
4E4
330
4CB
100
AcDbEntity
  8
0
100
AcDbVertex
100
AcDb2dVertex
 10
15.63723986222059
 20
-23.62513823733075
 30
0.0
  0
VERTEX
  5
4E5
330
4CB
100
AcDbEntity
  8
0
100
AcDbVertex
100
AcDb2dVertex
 10
15.48885223081859
 20
-23.68880423186645
 30
0.0
  0
VERTEX
  5
4E6
330
4CB
100
AcDbEntity
  8
0
100
AcDbVertex
100
AcDb2dVertex
 10
15.40896357583751
 20
-23.72389541354879
 30
0.0
  0
VERTEX
  5
4E7
330
4CB
100
AcDbEntity
  8
0
100
AcDbVertex
100
AcDb2dVertex
 10
15.25770203759931
 20
-23.79175199314249
 30
0.0
  0
VERTEX
  5
4E8
330
4CB
100
AcDbEntity
  8
0
100
AcDbVertex
100
AcDb2dVertex
 10
15.10705635544316
 20
-23.86099998687842
 30
0.0
  0
VERTEX
  5
4E9
330
4CB
100
AcDbEntity
  8
0
100
AcDbVertex
100
AcDb2dVertex
 10
15.10705635544316
 20
-23.97630149472796
 30
0.0
  0
VERTEX
  5
4EA
330
4CB
100
AcDbEntity
  8
0
100
AcDbVertex
100
AcDb2dVertex
 10
15.25537001039947
 20
-24.03735229464352
 30
0.0
  0
VERTEX
  5
4EB
330
4CB
100
AcDbEntity
  8
0
100
AcDbVertex
100
AcDb2dVertex
 10
15.40441124814454
 20
-24.09653394609356
 30
0.0
  0
VERTEX
  5
4EC
330
4CB
100
AcDbEntity
  8
0
100
AcDbVertex
100
AcDb2dVertex
 10
15.50993691585696
 20
-24.13698977875623
 30
0.0
  0
VERTEX
  5
4ED
330
4CB
100
AcDbEntity
  8
0
100
AcDbVertex
100
AcDb2dVertex
 10
15.6372398622206
 20
-24.18404682451214
 30
0.0
  0
VERTEX
  5
4EE
330
4CB
100
AcDbEntity
  8
0
100
AcDbVertex
100
AcDb2dVertex
 10
15.63723986222059
 20
-24.33069379288631
 30
0.0
  0
VERTEX
  5
4EF
330
4CB
100
AcDbEntity
  8
0
100
AcDbVertex
100
AcDb2dVertex
 10
15.48885223081843
 20
-24.39435978742208
 30
0.0
  0
VERTEX
  5
4F0
330
4CB
100
AcDbEntity
  8
0
100
AcDbVertex
100
AcDb2dVertex
 10
15.40896357583751
 20
-24.42945096910435
 30
0.0
  0
VERTEX
  5
4F1
330
4CB
100
AcDbEntity
  8
0
100
AcDbVertex
100
AcDb2dVertex
 10
15.25770203759931
 20
-24.49730754869805
 30
0.0
  0
VERTEX
  5
4F2
330
4CB
100
AcDbEntity
  8
0
100
AcDbVertex
100
AcDb2dVertex
 10
15.10705635544317
 20
-24.56655554243397
 30
0.0
  0
VERTEX
  5
4F3
330
4CB
100
AcDbEntity
  8
0
100
AcDbVertex
100
AcDb2dVertex
 10
15.10705635544316
 20
-24.68185705028352
 30
0.0
  0
VERTEX
  5
4F4
330
4CB
100
AcDbEntity
  8
0
100
AcDbVertex
100
AcDb2dVertex
 10
15.25537001039948
 20
-24.7429078501991
 30
0.0
  0
VERTEX
  5
4F5
330
4CB
100
AcDbEntity
  8
0
100
AcDbVertex
100
AcDb2dVertex
 10
15.40441124814454
 20
-24.80208950164912
 30
0.0
  0
VERTEX
  5
4F6
330
4CB
100
AcDbEntity
  8
0
100
AcDbVertex
100
AcDb2dVertex
 10
15.50993691585713
 20
-24.84254533431186
 30
0.0
  0
VERTEX
  5
4F7
330
4CB
100
AcDbEntity
  8
0
100
AcDbVertex
100
AcDb2dVertex
 10
15.63723986222059
 20
-24.88960238006771
 30
0.0
  0
VERTEX
  5
4F8
330
4CB
100
AcDbEntity
  8
0
100
AcDbVertex
100
AcDb2dVertex
 10
15.63723986222059
 20
-25.03624934844187
 30
0.0
  0
VERTEX
  5
4F9
330
4CB
100
AcDbEntity
  8
0
100
AcDbVertex
100
AcDb2dVertex
 10
15.48885223081871
 20
-25.09991534297751
 30
0.0
  0
VERTEX
  5
4FA
330
4CB
100
AcDbEntity
  8
0
100
AcDbVertex
100
AcDb2dVertex
 10
15.4089635758375
 20
-25.13500652465991
 30
0.0
  0
VERTEX
  5
4FB
330
4CB
100
AcDbEntity
  8
0
100
AcDbVertex
100
AcDb2dVertex
 10
15.25770203759929
 20
-25.20286310425362
 30
0.0
  0
VERTEX
  5
4FC
330
4CB
100
AcDbEntity
  8
0
100
AcDbVertex
100
AcDb2dVertex
 10
15.10705635544315
 20
-25.27211109798953
 30
0.0
  0
VERTEX
  5
4FD
330
4CB
100
AcDbEntity
  8
0
100
AcDbVertex
100
AcDb2dVertex
 10
15.10705635544316
 20
-25.38741260583908
 30
0.0
  0
VERTEX
  5
4FE
330
4CB
100
AcDbEntity
  8
0
100
AcDbVertex
100
AcDb2dVertex
 10
15.25537001039947
 20
-25.44846340575465
 30
0.0
  0
VERTEX
  5
4FF
330
4CB
100
AcDbEntity
  8
0
100
AcDbVertex
100
AcDb2dVertex
 10
15.40441124814454
 20
-25.50764505720469
 30
0.0
  0
VERTEX
  5
500
330
4CB
100
AcDbEntity
  8
0
100
AcDbVertex
100
AcDb2dVertex
 10
15.50993691585696
 20
-25.54810088986735
 30
0.0
  0
VERTEX
  5
501
330
4CB
100
AcDbEntity
  8
0
100
AcDbVertex
100
AcDb2dVertex
 10
15.63723986222059
 20
-25.59515793562326
 30
0.0
  0
VERTEX
  5
502
330
4CB
100
AcDbEntity
  8
0
100
AcDbVertex
100
AcDb2dVertex
 10
15.63723986222059
 20
-25.74180490399743
 30
0.0
  0
VERTEX
  5
503
330
4CB
100
AcDbEntity
  8
0
100
AcDbVertex
100
AcDb2dVertex
 10
15.4888522308185
 20
-25.80547089853317
 30
0.0
  0
VERTEX
  5
504
330
4CB
100
AcDbEntity
  8
0
100
AcDbVertex
100
AcDb2dVertex
 10
15.4089635758375
 20
-25.84056208021547
 30
0.0
  0
VERTEX
  5
505
330
4CB
100
AcDbEntity
  8
0
100
AcDbVertex
100
AcDb2dVertex
 10
15.25770203759931
 20
-25.90841865980917
 30
0.0
  0
VERTEX
  5
506
330
4CB
100
AcDbEntity
  8
0
100
AcDbVertex
100
AcDb2dVertex
 10
15.10705635544316
 20
-25.97766665354509
 30
0.0
  0
VERTEX
  5
507
330
4CB
100
AcDbEntity
  8
0
100
AcDbVertex
100
AcDb2dVertex
 10
15.10705635544316
 20
-26.09296816139465
 30
0.0
  0
VERTEX
  5
508
330
4CB
100
AcDbEntity
  8
0
100
AcDbVertex
100
AcDb2dVertex
 10
15.25537001039947
 20
-26.1540189613102
 30
0.0
  0
VERTEX
  5
509
330
4CB
100
AcDbEntity
  8
0
100
AcDbVertex
100
AcDb2dVertex
 10
15.40441124814454
 20
-26.21320061276025
 30
0.0
  0
VERTEX
  5
50A
330
4CB
100
AcDbEntity
  8
0
100
AcDbVertex
100
AcDb2dVertex
 10
15.50993691585696
 20
-26.25365644542292
 30
0.0
  0
VERTEX
  5
50B
330
4CB
100
AcDbEntity
  8
0
100
AcDbVertex
100
AcDb2dVertex
 10
15.63723986222059
 20
-26.30071349117883
 30
0.0
  0
VERTEX
  5
50C
330
4CB
100
AcDbEntity
  8
0
100
AcDbVertex
100
AcDb2dVertex
 10
15.63723986222059
 20
-26.44736045955299
 30
0.0
  0
VERTEX
  5
50D
330
4CB
100
AcDbEntity
  8
0
100
AcDbVertex
100
AcDb2dVertex
 10
15.54151653027522
 20
-26.48819763600723
 30
0.0
  0
VERTEX
  5
50E
330
4CB
100
AcDbEntity
  8
0
100
AcDbVertex
100
AcDb2dVertex
 10
15.44333454580645
 20
-26.53095374712886
 30
0.0
  0
VERTEX
  5
50F
330
4CB
100
AcDbEntity
  8
0
100
AcDbVertex
100
AcDb2dVertex
 10
15.415564475314
 20
-26.54319779881392
 30
0.0
  0
VERTEX
  5
510
330
4CB
100
AcDbEntity
  8
0
100
AcDbVertex
100
AcDb2dVertex
 10
15.50242537652949
 20
-26.60499941214133
 30
0.0
  0
VERTEX
  5
511
330
4CB
100
AcDbEntity
  8
0
100
AcDbVertex
100
AcDb2dVertex
 10
15.5886559151188
 20
-26.6650253500796
 30
0.0
  0
VERTEX
  5
512
330
4CB
100
AcDbEntity
  8
0
100
AcDbVertex
100
AcDb2dVertex
 10
15.67428387398438
 20
-26.72323688703201
 30
0.0
  0
VERTEX
  5
513
330
4CB
100
AcDbEntity
  8
0
100
AcDbVertex
100
AcDb2dVertex
 10
15.73405780389052
 20
-26.76299999999999
 30
0.0
  0
VERTEX
  5
514
330
4CB
100
AcDbEntity
  8
0
100
AcDbVertex
100
AcDb2dVertex
 10
15.73405780389054
 20
-27.525
 30
0.0
  0
VERTEX
  5
515
330
4CB
100
AcDbEntity
  8
0
100
AcDbVertex
100
AcDb2dVertex
 10
16.15369321771559
 20
-27.525
 30
0.0
  0
VERTEX
  5
516
330
4CB
100
AcDbEntity
  8
0
100
AcDbVertex
100
AcDb2dVertex
 10
16.19245503894476
 20
-27.50368581681851
 30
0.0
  0
VERTEX
  5
517
330
4CB
100
AcDbEntity
  8
0
100
AcDbVertex
100
AcDb2dVertex
 10
16.24441884467181
 20
-27.47580481630911
 30
0.0
  0
VERTEX
  5
518
330
4CB
100
AcDbEntity
  8
0
100
AcDbVertex
100
AcDb2dVertex
 10
16.2957890836494
 20
-27.44904745235022
 30
0.0
  0
VERTEX
  5
519
330
4CB
100
AcDbEntity
  8
0
100
AcDbVertex
100
AcDb2dVertex
 10
16.34659228023002
 20
-27.42339999999999
 30
0.0
  0
VERTEX
  5
51A
330
4CB
100
AcDbEntity
  8
0
100
AcDbVertex
100
AcDb2dVertex
 10
16.34659228023002
 20
-25.6454
 30
0.0
  0
VERTEX
  5
51B
330
4CB
100
AcDbEntity
  8
0
100
AcDbVertex
100
AcDb2dVertex
 10
16.34677828972575
 20
-25.6423377130188
 30
0.0
  0
VERTEX
  5
51C
330
4CB
100
AcDbEntity
  8
0
100
AcDbVertex
100
AcDb2dVertex
 10
16.34692143696493
 20
-25.64132791060303
 30
0.0
  0
VERTEX
  5
51D
330
4CB
100
AcDbEntity
  8
0
100
AcDbVertex
100
AcDb2dVertex
 10
16.34766651665779
 20
-25.63805791005249
 30
0.0
  0
VERTEX
  5
51E
330
4CB
100
AcDbEntity
  8
0
100
AcDbVertex
100
AcDb2dVertex
 10
16.34843738730007
 20
-25.63579709997629
 30
0.0
  0
VERTEX
  5
51F
330
4CB
100
AcDbEntity
  8
0
100
AcDbVertex
100
AcDb2dVertex
 10
16.3498995211298
 20
-25.63259288316226
 30
0.0
  0
VERTEX
  5
520
330
4CB
100
AcDbEntity
  8
0
100
AcDbVertex
100
AcDb2dVertex
 10
16.35173744346502
 20
-25.62950353279902
 30
0.0
  0
VERTEX
  5
521
330
4CB
100
AcDbEntity
  8
0
100
AcDbVertex
100
AcDb2dVertex
 10
16.35393239256411
 20
-25.62652432257924
 30
0.0
  0
VERTEX
  5
522
330
4CB
100
AcDbEntity
  8
0
100
AcDbVertex
100
AcDb2dVertex
 10
16.3565326350024
 20
-25.62358771681534
 30
0.0
  0
VERTEX
  5
523
330
4CB
100
AcDbEntity
  8
0
100
AcDbVertex
100
AcDb2dVertex
 10
16.35977995221684
 20
-25.62049843532265
 30
0.0
  0
VERTEX
  5
524
330
4CB
100
AcDbEntity
  8
0
100
AcDbVertex
100
AcDb2dVertex
 10
16.36336662322348
 20
-25.61759380133414
 30
0.0
  0
VERTEX
  5
525
330
4CB
100
AcDbEntity
  8
0
100
AcDbVertex
100
AcDb2dVertex
 10
16.3651084817396
 20
-25.61632829393644
 30
0.0
  0
VERTEX
  5
526
330
4CB
100
AcDbEntity
  8
0
100
AcDbVertex
100
AcDb2dVertex
 10
16.36975428263238
 20
-25.61331249535467
 30
0.0
  0
VERTEX
  5
527
330
4CB
100
AcDbEntity
  8
0
100
AcDbVertex
100
AcDb2dVertex
 10
16.37471182371197
 20
-25.61055142052766
 30
0.0
  0
VERTEX
  5
528
330
4CB
100
AcDbEntity
  8
0
100
AcDbVertex
100
AcDb2dVertex
 10
16.37996098892902
 20
-25.60802718734344
 30
0.0
  0
VERTEX
  5
529
330
4CB
100
AcDbEntity
  8
0
100
AcDbVertex
100
AcDb2dVertex
 10
16.38548583294569
 20
-25.60572779160269
 30
0.0
  0
VERTEX
  5
52A
330
4CB
100
AcDbEntity
  8
0
100
AcDbVertex
100
AcDb2dVertex
 10
16.39127342511016
 20
-25.60364540094474
 30
0.0
  0
VERTEX
  5
52B
330
4CB
100
AcDbEntity
  8
0
100
AcDbVertex
100
AcDb2dVertex
 10
16.39756322050297
 20
-25.6017039184588
 30
0.0
  0
VERTEX
  5
52C
330
4CB
100
AcDbEntity
  8
0
100
AcDbVertex
100
AcDb2dVertex
 10
16.40530943761936
 20
-25.59970857236083
 30
0.0
  0
VERTEX
  5
52D
330
4CB
100
AcDbEntity
  8
0
100
AcDbVertex
100
AcDb2dVertex
 10
16.41329072472612
 20
-25.59805076393366
 30
0.0
  0
VERTEX
  5
52E
330
4CB
100
AcDbEntity
  8
0
100
AcDbVertex
100
AcDb2dVertex
 10
16.42149135752471
 20
-25.5967202072504
 30
0.0
  0
VERTEX
  5
52F
330
4CB
100
AcDbEntity
  8
0
100
AcDbVertex
100
AcDb2dVertex
 10
16.42404811889722
 20
-25.59637678619046
 30
0.0
  0
VERTEX
  5
530
330
4CB
100
AcDbEntity
  8
0
100
AcDbVertex
100
AcDb2dVertex
 10
16.43346642876006
 20
-25.5953852659357
 30
0.0
  0
VERTEX
  5
531
330
4CB
100
AcDbEntity
  8
0
100
AcDbVertex
100
AcDb2dVertex
 10
16.44299763804067
 20
-25.59479574151373
 30
0.0
  0
VERTEX
  5
532
330
4CB
100
AcDbEntity
  8
0
100
AcDbVertex
100
AcDb2dVertex
 10
16.45262471099182
 20
-25.5946
 30
0.0
  0
VERTEX
  5
533
330
4CB
100
AcDbEntity
  8
0
100
AcDbVertex
100
AcDb2dVertex
 10
18.54737528900818
 20
-25.5946
 30
0.0
  0
VERTEX
  5
534
330
4CB
100
AcDbEntity
  8
0
100
AcDbVertex
100
AcDb2dVertex
 10
18.55310711425103
 20
-25.5946690993757
 30
0.0
  0
VERTEX
  5
535
330
4CB
100
AcDbEntity
  8
0
100
AcDbVertex
100
AcDb2dVertex
 10
18.56319384289813
 20
-25.59513269043748
 30
0.0
  0
VERTEX
  5
536
330
4CB
100
AcDbEntity
  8
0
100
AcDbVertex
100
AcDb2dVertex
 10
18.57309726985762
 20
-25.596031565828
 30
0.0
  0
VERTEX
  5
537
330
4CB
100
AcDbEntity
  8
0
100
AcDbVertex
100
AcDb2dVertex
 10
18.58276952681143
 20
-25.5973668091438
 30
0.0
  0
VERTEX
  5
538
330
4CB
100
AcDbEntity
  8
0
100
AcDbVertex
100
AcDb2dVertex
 10
18.58491219770315
 20
-25.5977282555025
 30
0.0
  0
VERTEX
  5
539
330
4CB
100
AcDbEntity
  8
0
100
AcDbVertex
100
AcDb2dVertex
 10
18.59366641036291
 20
-25.59947435240278
 30
0.0
  0
VERTEX
  5
53A
330
4CB
100
AcDbEntity
  8
0
100
AcDbVertex
100
AcDb2dVertex
 10
18.60200598344161
 20
-25.60158201564051
 30
0.0
  0
VERTEX
  5
53B
330
4CB
100
AcDbEntity
  8
0
100
AcDbVertex
100
AcDb2dVertex
 10
18.60990190828231
 20
-25.60404386618444
 30
0.0
  0
VERTEX
  5
53C
330
4CB
100
AcDbEntity
  8
0
100
AcDbVertex
100
AcDb2dVertex
 10
18.61732610338509
 20
-25.60685658438056
 30
0.0
  0
VERTEX
  5
53D
330
4CB
100
AcDbEntity
  8
0
100
AcDbVertex
100
AcDb2dVertex
 10
18.62357583018533
 20
-25.60968726029075
 30
0.0
  0
VERTEX
  5
53E
330
4CB
100
AcDbEntity
  8
0
100
AcDbVertex
100
AcDb2dVertex
 10
18.62789116610819
 20
-25.61194968617496
 30
0.0
  0
VERTEX
  5
53F
330
4CB
100
AcDbEntity
  8
0
100
AcDbVertex
100
AcDb2dVertex
 10
18.63307497635172
 20
-25.6150918285982
 30
0.0
  0
VERTEX
  5
540
330
4CB
100
AcDbEntity
  8
0
100
AcDbVertex
100
AcDb2dVertex
 10
18.63773392275584
 20
-25.6184387622225
 30
0.0
  0
VERTEX
  5
541
330
4CB
100
AcDbEntity
  8
0
100
AcDbVertex
100
AcDb2dVertex
 10
18.64186192574181
 20
-25.62199484168534
 30
0.0
  0
VERTEX
  5
542
330
4CB
100
AcDbEntity
  8
0
100
AcDbVertex
100
AcDb2dVertex
 10
18.64511366425172
 20
-25.62538667692414
 30
0.0
  0
VERTEX
  5
543
330
4CB
100
AcDbEntity
  8
0
100
AcDbVertex
100
AcDb2dVertex
 10
18.64778131450639
 20
-25.6287980358341
 30
0.0
  0
VERTEX
  5
544
330
4CB
100
AcDbEntity
  8
0
100
AcDbVertex
100
AcDb2dVertex
 10
18.64995899653068
 20
-25.63232670093457
 30
0.0
  0
VERTEX
  5
545
330
4CB
100
AcDbEntity
  8
0
100
AcDbVertex
100
AcDb2dVertex
 10
18.65060622846243
 20
-25.63359698477218
 30
0.0
  0
VERTEX
  5
546
330
4CB
100
AcDbEntity
  8
0
100
AcDbVertex
100
AcDb2dVertex
 10
18.65198188289327
 20
-25.63694907015868
 30
0.0
  0
VERTEX
  5
547
330
4CB
100
AcDbEntity
  8
0
100
AcDbVertex
100
AcDb2dVertex
 10
18.65290313604689
 20
-25.64036054524889
 30
0.0
  0
VERTEX
  5
548
330
4CB
100
AcDbEntity
  8
0
100
AcDbVertex
100
AcDb2dVertex
 10
18.65318690776918
 20
-25.64206381519197
 30
0.0
  0
VERTEX
  5
549
330
4CB
100
AcDbEntity
  8
0
100
AcDbVertex
100
AcDb2dVertex
 10
18.65340771976998
 20
-25.6454
 30
0.0
  0
VERTEX
  5
54A
330
4CB
100
AcDbEntity
  8
0
100
AcDbVertex
100
AcDb2dVertex
 10
18.65340771976999
 20
-27.42339999999999
 30
0.0
  0
VERTEX
  5
54B
330
4CB
100
AcDbEntity
  8
0
100
AcDbVertex
100
AcDb2dVertex
 10
18.69678074466915
 20
-27.44524518754176
 30
0.0
  0
VERTEX
  5
54C
330
4CB
100
AcDbEntity
  8
0
100
AcDbVertex
100
AcDb2dVertex
 10
18.74647372180609
 20
-27.47100182444574
 30
0.0
  0
VERTEX
  5
54D
330
4CB
100
AcDbEntity
  8
0
100
AcDbVertex
100
AcDb2dVertex
 10
18.7963130242653
 20
-27.49759138513905
 30
0.0
  0
VERTEX
  5
54E
330
4CB
100
AcDbEntity
  8
0
100
AcDbVertex
100
AcDb2dVertex
 10
18.84630678228441
 20
-27.525
 30
0.0
  0
VERTEX
  5
54F
330
4CB
100
AcDbEntity
  8
0
100
AcDbVertex
100
AcDb2dVertex
 10
19.26594219610949
 20
-27.525
 30
0.0
  0
VERTEX
  5
550
330
4CB
100
AcDbEntity
  8
0
100
AcDbVertex
100
AcDb2dVertex
 10
19.26594219610947
 20
-26.76299999999999
 30
0.0
  0
VERTEX
  5
551
330
4CB
100
AcDbEntity
  8
0
100
AcDbVertex
100
AcDb2dVertex
 10
19.37736263630396
 20
-26.68829793817421
 30
0.0
  0
VERTEX
  5
552
330
4CB
100
AcDbEntity
  8
0
100
AcDbVertex
100
AcDb2dVertex
 10
19.49198296539787
 20
-26.60893282811813
 30
0.0
  0
VERTEX
  5
553
330
4CB
100
AcDbEntity
  8
0
100
AcDbVertex
100
AcDb2dVertex
 10
19.61000242660637
 20
-26.52476400168118
 30
0.0
  0
VERTEX
  5
554
330
4CB
100
AcDbEntity
  8
0
100
AcDbVertex
100
AcDb2dVertex
 10
19.74414464749093
 20
-26.42634036480026
 30
0.0
  0
VERTEX
  5
555
330
4CB
100
AcDbEntity
  8
0
100
AcDbVertex
100
AcDb2dVertex
 10
19.66262533295235
 20
-26.39369002043492
 30
0.0
  0
VERTEX
  5
556
330
4CB
100
AcDbEntity
  8
0
100
AcDbVertex
100
AcDb2dVertex
 10
19.54992808908193
 20
-26.34969572464831
 30
0.0
  0
VERTEX
  5
557
330
4CB
100
AcDbEntity
  8
0
100
AcDbVertex
100
AcDb2dVertex
 10
19.51313988092576
 20
-26.33563796070542
 30
0.0
  0
VERTEX
  5
558
330
4CB
100
AcDbEntity
  8
0
100
AcDbVertex
100
AcDb2dVertex
 10
19.40664707140562
 20
-26.29583904196637
 30
0.0
  0
VERTEX
  5
559
330
4CB
100
AcDbEntity
  8
0
100
AcDbVertex
100
AcDb2dVertex
 10
19.36276013777942
 20
-26.27984206437669
 30
0.0
  0
VERTEX
  5
55A
330
4CB
100
AcDbEntity
  8
0
100
AcDbVertex
100
AcDb2dVertex
 10
19.36276013777941
 20
-26.13319509600252
 30
0.0
  0
VERTEX
  5
55B
330
4CB
100
AcDbEntity
  8
0
100
AcDbVertex
100
AcDb2dVertex
 10
19.51512217402007
 20
-26.06779628533464
 30
0.0
  0
VERTEX
  5
55C
330
4CB
100
AcDbEntity
  8
0
100
AcDbVertex
100
AcDb2dVertex
 10
19.66672520629858
 20
-26.00070578611178
 30
0.0
  0
VERTEX
  5
55D
330
4CB
100
AcDbEntity
  8
0
100
AcDbVertex
100
AcDb2dVertex
 10
19.72542018815888
 20
-25.97423955639658
 30
0.0
  0
VERTEX
  5
55E
330
4CB
100
AcDbEntity
  8
0
100
AcDbVertex
100
AcDb2dVertex
 10
19.89294364455684
 20
-25.89733334645486
 30
0.0
  0
VERTEX
  5
55F
330
4CB
100
AcDbEntity
  8
0
100
AcDbVertex
100
AcDb2dVertex
 10
19.89294364455684
 20
-25.78203183860531
 30
0.0
  0
VERTEX
  5
560
330
4CB
100
AcDbEntity
  8
0
100
AcDbVertex
100
AcDb2dVertex
 10
19.75099094244725
 20
-25.72355686407338
 30
0.0
  0
VERTEX
  5
561
330
4CB
100
AcDbEntity
  8
0
100
AcDbVertex
100
AcDb2dVertex
 10
19.66262533295235
 20
-25.68813446487937
 30
0.0
  0
VERTEX
  5
562
330
4CB
100
AcDbEntity
  8
0
100
AcDbVertex
100
AcDb2dVertex
 10
19.5295265682715
 20
-25.63632516138134
 30
0.0
  0
VERTEX
  5
563
330
4CB
100
AcDbEntity
  8
0
100
AcDbVertex
100
AcDb2dVertex
 10
19.51313988092577
 20
-25.63008240514986
 30
0.0
  0
VERTEX
  5
564
330
4CB
100
AcDbEntity
  8
0
100
AcDbVertex
100
AcDb2dVertex
 10
19.38736814088591
 20
-25.58322627485667
 30
0.0
  0
VERTEX
  5
565
330
4CB
100
AcDbEntity
  8
0
100
AcDbVertex
100
AcDb2dVertex
 10
19.36276013777943
 20
-25.57428650882113
 30
0.0
  0
VERTEX
  5
566
330
4CB
100
AcDbEntity
  8
0
100
AcDbVertex
100
AcDb2dVertex
 10
19.36276013777941
 20
-25.42763954044694
 30
0.0
  0
VERTEX
  5
567
330
4CB
100
AcDbEntity
  8
0
100
AcDbVertex
100
AcDb2dVertex
 10
19.51512217402009
 20
-25.36224072977906
 30
0.0
  0
VERTEX
  5
568
330
4CB
100
AcDbEntity
  8
0
100
AcDbVertex
100
AcDb2dVertex
 10
19.66672520629856
 20
-25.29515023055622
 30
0.0
  0
VERTEX
  5
569
330
4CB
100
AcDbEntity
  8
0
100
AcDbVertex
100
AcDb2dVertex
 10
19.72542018815826
 20
-25.2686840008413
 30
0.0
  0
VERTEX
  5
56A
330
4CB
100
AcDbEntity
  8
0
100
AcDbVertex
100
AcDb2dVertex
 10
19.89294364455683
 20
-25.19177779089931
 30
0.0
  0
VERTEX
  5
56B
330
4CB
100
AcDbEntity
  8
0
100
AcDbVertex
100
AcDb2dVertex
 10
19.89294364455684
 20
-25.07647628304975
 30
0.0
  0
VERTEX
  5
56C
330
4CB
100
AcDbEntity
  8
0
100
AcDbVertex
100
AcDb2dVertex
 10
19.75099094244687
 20
-25.01800130851766
 30
0.0
  0
VERTEX
  5
56D
330
4CB
100
AcDbEntity
  8
0
100
AcDbVertex
100
AcDb2dVertex
 10
19.66262533295233
 20
-24.9825789093238
 30
0.0
  0
VERTEX
  5
56E
330
4CB
100
AcDbEntity
  8
0
100
AcDbVertex
100
AcDb2dVertex
 10
19.52952656827198
 20
-24.93076960582596
 30
0.0
  0
VERTEX
  5
56F
330
4CB
100
AcDbEntity
  8
0
100
AcDbVertex
100
AcDb2dVertex
 10
19.51313988092576
 20
-24.92452684959429
 30
0.0
  0
VERTEX
  5
570
330
4CB
100
AcDbEntity
  8
0
100
AcDbVertex
100
AcDb2dVertex
 10
19.3873681408856
 20
-24.87767071930099
 30
0.0
  0
VERTEX
  5
571
330
4CB
100
AcDbEntity
  8
0
100
AcDbVertex
100
AcDb2dVertex
 10
19.36276013777941
 20
-24.86873095326557
 30
0.0
  0
VERTEX
  5
572
330
4CB
100
AcDbEntity
  8
0
100
AcDbVertex
100
AcDb2dVertex
 10
19.36276013777941
 20
-24.7220839848914
 30
0.0
  0
VERTEX
  5
573
330
4CB
100
AcDbEntity
  8
0
100
AcDbVertex
100
AcDb2dVertex
 10
19.51512217402008
 20
-24.65668517422352
 30
0.0
  0
VERTEX
  5
574
330
4CB
100
AcDbEntity
  8
0
100
AcDbVertex
100
AcDb2dVertex
 10
19.66672520629856
 20
-24.58959467500066
 30
0.0
  0
VERTEX
  5
575
330
4CB
100
AcDbEntity
  8
0
100
AcDbVertex
100
AcDb2dVertex
 10
19.72542018815856
 20
-24.5631284452856
 30
0.0
  0
VERTEX
  5
576
330
4CB
100
AcDbEntity
  8
0
100
AcDbVertex
100
AcDb2dVertex
 10
19.89294364455683
 20
-24.48622223534374
 30
0.0
  0
VERTEX
  5
577
330
4CB
100
AcDbEntity
  8
0
100
AcDbVertex
100
AcDb2dVertex
 10
19.89294364455684
 20
-24.37092072749418
 30
0.0
  0
VERTEX
  5
578
330
4CB
100
AcDbEntity
  8
0
100
AcDbVertex
100
AcDb2dVertex
 10
19.75099094244688
 20
-24.31244575296211
 30
0.0
  0
VERTEX
  5
579
330
4CB
100
AcDbEntity
  8
0
100
AcDbVertex
100
AcDb2dVertex
 10
19.66262533295235
 20
-24.27702335376825
 30
0.0
  0
VERTEX
  5
57A
330
4CB
100
AcDbEntity
  8
0
100
AcDbVertex
100
AcDb2dVertex
 10
19.52952656827192
 20
-24.22521405027038
 30
0.0
  0
VERTEX
  5
57B
330
4CB
100
AcDbEntity
  8
0
100
AcDbVertex
100
AcDb2dVertex
 10
19.51313988092576
 20
-24.21897129403873
 30
0.0
  0
VERTEX
  5
57C
330
4CB
100
AcDbEntity
  8
0
100
AcDbVertex
100
AcDb2dVertex
 10
19.38736814088563
 20
-24.17211516374544
 30
0.0
  0
VERTEX
  5
57D
330
4CB
100
AcDbEntity
  8
0
100
AcDbVertex
100
AcDb2dVertex
 10
19.36276013777941
 20
-24.16317539771001
 30
0.0
  0
VERTEX
  5
57E
330
4CB
100
AcDbEntity
  8
0
100
AcDbVertex
100
AcDb2dVertex
 10
19.36276013777941
 20
-24.01652842933584
 30
0.0
  0
VERTEX
  5
57F
330
4CB
100
AcDbEntity
  8
0
100
AcDbVertex
100
AcDb2dVertex
 10
19.51512217402011
 20
-23.95112961866793
 30
0.0
  0
VERTEX
  5
580
330
4CB
100
AcDbEntity
  8
0
100
AcDbVertex
100
AcDb2dVertex
 10
19.66672520629857
 20
-23.88403911944508
 30
0.0
  0
VERTEX
  5
581
330
4CB
100
AcDbEntity
  8
0
100
AcDbVertex
100
AcDb2dVertex
 10
19.72542018815827
 20
-23.85757288973017
 30
0.0
  0
VERTEX
  5
582
330
4CB
100
AcDbEntity
  8
0
100
AcDbVertex
100
AcDb2dVertex
 10
19.89294364455684
 20
-23.78066667978818
 30
0.0
  0
VERTEX
  5
583
330
4CB
100
AcDbEntity
  8
0
100
AcDbVertex
100
AcDb2dVertex
 10
19.89294364455684
 20
-23.66536517193863
 30
0.0
  0
VERTEX
  5
584
330
4CB
100
AcDbEntity
  8
0
100
AcDbVertex
100
AcDb2dVertex
 10
19.75099094244691
 20
-23.60689019740655
 30
0.0
  0
VERTEX
  5
585
330
4CB
100
AcDbEntity
  8
0
100
AcDbVertex
100
AcDb2dVertex
 10
19.66262533295235
 20
-23.57146779821269
 30
0.0
  0
VERTEX
  5
586
330
4CB
100
AcDbEntity
  8
0
100
AcDbVertex
100
AcDb2dVertex
 10
19.52952656827199
 20
-23.51965849471484
 30
0.0
  0
VERTEX
  5
587
330
4CB
100
AcDbEntity
  8
0
100
AcDbVertex
100
AcDb2dVertex
 10
19.51313988092576
 20
-23.51341573848317
 30
0.0
  0
VERTEX
  5
588
330
4CB
100
AcDbEntity
  8
0
100
AcDbVertex
100
AcDb2dVertex
 10
19.38736814088558
 20
-23.46655960818986
 30
0.0
  0
VERTEX
  5
589
330
4CB
100
AcDbEntity
  8
0
100
AcDbVertex
100
AcDb2dVertex
 10
19.36276013777939
 20
-23.45761984215444
 30
0.0
  0
VERTEX
  5
58A
330
4CB
100
AcDbEntity
  8
0
100
AcDbVertex
100
AcDb2dVertex
 10
19.36276013777941
 20
-23.31097287378028
 30
0.0
  0
VERTEX
  5
58B
330
4CB
100
AcDbEntity
  8
0
100
AcDbVertex
100
AcDb2dVertex
 10
19.51512217402005
 20
-23.2455740631124
 30
0.0
  0
VERTEX
  5
58C
330
4CB
100
AcDbEntity
  8
0
100
AcDbVertex
100
AcDb2dVertex
 10
19.66672520629857
 20
-23.17848356388953
 30
0.0
  0
VERTEX
  5
58D
330
4CB
100
AcDbEntity
  8
0
100
AcDbVertex
100
AcDb2dVertex
 10
19.72542018815856
 20
-23.15201733417447
 30
0.0
  0
VERTEX
  5
58E
330
4CB
100
AcDbEntity
  8
0
100
AcDbVertex
100
AcDb2dVertex
 10
19.89294364455683
 20
-23.07511112423262
 30
0.0
  0
VERTEX
  5
58F
330
4CB
100
AcDbEntity
  8
0
100
AcDbVertex
100
AcDb2dVertex
 10
19.89294364455684
 20
-22.95980961638307
 30
0.0
  0
VERTEX
  5
590
330
4CB
100
AcDbEntity
  8
0
100
AcDbVertex
100
AcDb2dVertex
 10
19.75099094244698
 20
-22.90133464185103
 30
0.0
  0
VERTEX
  5
591
330
4CB
100
AcDbEntity
  8
0
100
AcDbVertex
100
AcDb2dVertex
 10
19.66262533295235
 20
-22.86591224265713
 30
0.0
  0
VERTEX
  5
592
330
4CB
100
AcDbEntity
  8
0
100
AcDbVertex
100
AcDb2dVertex
 10
19.52952656827213
 20
-22.81410293915933
 30
0.0
  0
VERTEX
  5
593
330
4CB
100
AcDbEntity
  8
0
100
AcDbVertex
100
AcDb2dVertex
 10
19.51313988092575
 20
-22.80786018292761
 30
0.0
  0
VERTEX
  5
594
330
4CB
100
AcDbEntity
  8
0
100
AcDbVertex
100
AcDb2dVertex
 10
19.38736814088575
 20
-22.76100405263437
 30
0.0
  0
VERTEX
  5
595
330
4CB
100
AcDbEntity
  8
0
100
AcDbVertex
100
AcDb2dVertex
 10
19.3627601377794
 20
-22.75206428659888
 30
0.0
  0
VERTEX
  5
596
330
4CB
100
AcDbEntity
  8
0
100
AcDbVertex
100
AcDb2dVertex
 10
19.36276013777941
 20
-22.60541731822472
 30
0.0
  0
VERTEX
  5
597
330
4CB
100
AcDbEntity
  8
0
100
AcDbVertex
100
AcDb2dVertex
 10
19.39033418017958
 20
-22.59374344205381
 30
0.0
  0
VERTEX
  5
598
330
4CB
100
AcDbEntity
  8
0
100
AcDbVertex
100
AcDb2dVertex
 10
19.44868470471826
 20
-22.56880002709561
 30
0.0
  0
VERTEX
  5
599
330
4CB
100
AcDbEntity
  8
0
100
AcDbVertex
100
AcDb2dVertex
 10
19.38387581764252
 20
-22.52414547343599
 30
0.0
  0
VERTEX
  5
59A
330
4CB
100
AcDbEntity
  8
0
100
AcDbVertex
100
AcDb2dVertex
 10
19.31940513434414
 20
-22.48053024675217
 30
0.0
  0
VERTEX
  5
59B
330
4CB
100
AcDbEntity
  8
0
100
AcDbVertex
100
AcDb2dVertex
 10
19.26594219610947
 20
-22.44499999999999
 30
0.0
  0
VERTEX
  5
59C
330
4CB
100
AcDbEntity
  8
0
100
AcDbVertex
100
AcDb2dVertex
 10
19.26594219610947
 20
-19.65099999999999
 30
0.0
  0
VERTEX
  5
59D
330
4CB
100
AcDbEntity
  8
0
100
AcDbVertex
100
AcDb2dVertex
 10
22.2625
 20
-19.65099999999999
 30
0.0
  0
VERTEX
  5
59E
330
4CB
100
AcDbEntity
  8
0
100
AcDbVertex
100
AcDb2dVertex
 10
22.2625
 20
-17.99999999999999
 30
0.0
  0
VERTEX
  5
59F
330
4CB
100
AcDbEntity
  8
0
100
AcDbVertex
100
AcDb2dVertex
 10
21.24649999999999
 20
-17.99999999999999
 30
0.0
  0
VERTEX
  5
5A0
330
4CB
100
AcDbEntity
  8
0
100
AcDbVertex
100
AcDb2dVertex
 10
21.2465
 20
-18.508
 30
0.0
  0
VERTEX
  5
5A1
330
4CB
100
AcDbEntity
  8
0
100
AcDbVertex
100
AcDb2dVertex
 10
13.7535
 20
-18.50799999999998
 30
0.0
  0
SEQEND
  5
5A2
330
4CB
100
AcDbEntity
  8
Copper_Traces
  0
POLYLINE
  5
5A3
330
1F
100
AcDbEntity
  8
Copper_Traces
100
AcDb2dPolyline
 66
     1
 10
0.0
 20
0.0
 30
0.0
 70
     1
  0
VERTEX
  5
5A4
330
5A3
100
AcDbEntity
  8
0
100
AcDbVertex
100
AcDb2dVertex
 10
35.0
 20
18.0
 30
0.0
  0
VERTEX
  5
5A5
330
5A3
100
AcDbEntity
  8
0
100
AcDbVertex
100
AcDb2dVertex
 10
-35.0
 20
18.0
 30
0.0
  0
VERTEX
  5
5A6
330
5A3
100
AcDbEntity
  8
0
100
AcDbVertex
100
AcDb2dVertex
 10
-35.0
 20
-18.0
 30
0.0
  0
VERTEX
  5
5A7
330
5A3
100
AcDbEntity
  8
0
100
AcDbVertex
100
AcDb2dVertex
 10
35.0
 20
-18.0
 30
0.0
  0
VERTEX
  5
5A8
330
5A3
100
AcDbEntity
  8
0
100
AcDbVertex
100
AcDb2dVertex
 10
35.0
 20
18.0
 30
0.0
  0
SEQEND
  5
5A9
330
5A3
100
AcDbEntity
  8
Copper_Traces
  0
POLYLINE
  5
5AA
330
1F
100
AcDbEntity
  8
Copper_Traces
100
AcDb2dPolyline
 66
     1
 10
0.0
 20
0.0
 30
0.0
 70
     1
  0
VERTEX
  5
5AB
330
5AA
100
AcDbEntity
  8
0
100
AcDbVertex
100
AcDb2dVertex
 10
-79.543429844098
 20
72.05791733314729
 30
0.0
  0
VERTEX
  5
5AC
330
5AA
100
AcDbEntity
  8
0
100
AcDbVertex
100
AcDb2dVertex
 10
-79.543429844098
 20
-72.068429844098
 30
0.0
  0
VERTEX
  5
5AD
330
5AA
100
AcDbEntity
  8
0
100
AcDbVertex
100
AcDb2dVertex
 10
79.543429844098
 20
-72.068429844098
 30
0.0
  0
VERTEX
  5
5AE
330
5AA
100
AcDbEntity
  8
0
100
AcDbVertex
100
AcDb2dVertex
 10
79.543429844098
 20
72.05791733314729
 30
0.0
  0
VERTEX
  5
5AF
330
5AA
100
AcDbEntity
  8
0
100
AcDbVertex
100
AcDb2dVertex
 10
-79.543429844098
 20
72.05791733314729
 30
0.0
  0
SEQEND
  5
5B0
330
5AA
100
AcDbEntity
  8
Copper_Traces
  0
POLYLINE
  5
5B2
330
1F
100
AcDbEntity
  8
Layer_1
100
AcDb2dPolyline
 66
     1
 10
0.0
 20
0.0
 30
0.0
 70
     1
  0
VERTEX
  5
5B3
330
5B2
100
AcDbEntity
  8
0
100
AcDbVertex
100
AcDb2dVertex
 10
-17.675
 20
6.578205621392785
 30
0.0
  0
VERTEX
  5
5B4
330
5B2
100
AcDbEntity
  8
0
100
AcDbVertex
100
AcDb2dVertex
 10
-17.675
 20
6.078205621392786
 30
0.0
  0
VERTEX
  5
5B5
330
5B2
100
AcDbEntity
  8
0
100
AcDbVertex
100
AcDb2dVertex
 10
-17.325
 20
6.078205621392786
 30
0.0
  0
VERTEX
  5
5B6
330
5B2
100
AcDbEntity
  8
0
100
AcDbVertex
100
AcDb2dVertex
 10
-17.325
 20
6.578205621392785
 30
0.0
  0
VERTEX
  5
5B7
330
5B2
100
AcDbEntity
  8
0
100
AcDbVertex
100
AcDb2dVertex
 10
-17.675
 20
6.578205621392785
 30
0.0
  0
SEQEND
  5
5B8
330
5B2
100
AcDbEntity
  8
Layer_1
  0
POLYLINE
  5
5B9
330
1F
100
AcDbEntity
  8
Layer_1
100
AcDb2dPolyline
 66
     1
 10
0.0
 20
0.0
 30
0.0
 70
     1
  0
VERTEX
  5
5BA
330
5B9
100
AcDbEntity
  8
0
100
AcDbVertex
100
AcDb2dVertex
 10
-22.77601825083518
 20
5.568750575684369
 30
0.0
 42
0.6807082487567164
  0
VERTEX
  5
5BB
330
5B9
100
AcDbEntity
  8
0
100
AcDbVertex
100
AcDb2dVertex
 10
-18.96
 20
-10.63222375818082
 30
0.0
  0
VERTEX
  5
5BC
330
5B9
100
AcDbEntity
  8
0
100
AcDbVertex
100
AcDb2dVertex
 10
-18.96
 20
-18.0
 30
0.0
  0
VERTEX
  5
5BD
330
5B9
100
AcDbEntity
  8
0
100
AcDbVertex
100
AcDb2dVertex
 10
-16.04
 20
-18.0
 30
0.0
  0
VERTEX
  5
5BE
330
5B9
100
AcDbEntity
  8
0
100
AcDbVertex
100
AcDb2dVertex
 10
-16.04
 20
-10.63222375818082
 30
0.0
 42
0.6807082487567175
  0
VERTEX
  5
5BF
330
5B9
100
AcDbEntity
  8
0
100
AcDbVertex
100
AcDb2dVertex
 10
-12.22398174916482
 20
5.568750575684369
 30
0.0
  0
VERTEX
  5
5C0
330
5B9
100
AcDbEntity
  8
0
100
AcDbVertex
100
AcDb2dVertex
 10
-9.76692378864668
 20
9.82449980044335
 30
0.0
 42
0.131652497587393
  0
VERTEX
  5
5C1
330
5B9
100
AcDbEntity
  8
0
100
AcDbVertex
100
AcDb2dVertex
 10
-9.365
 20
11.32449980044335
 30
0.0
  0
VERTEX
  5
5C2
330
5B9
100
AcDbEntity
  8
0
100
AcDbVertex
100
AcDb2dVertex
 10
-9.365
 20
18.0
 30
0.0
  0
VERTEX
  5
5C3
330
5B9
100
AcDbEntity
  8
0
100
AcDbVertex
100
AcDb2dVertex
 10
-12.285
 20
18.0
 30
0.0
  0
VERTEX
  5
5C4
330
5B9
100
AcDbEntity
  8
0
100
AcDbVertex
100
AcDb2dVertex
 10
-12.285
 20
12.10691144234223
 30
0.0
 42
-0.1316524975873955
  0
VERTEX
  5
5C5
330
5B9
100
AcDbEntity
  8
0
100
AcDbVertex
100
AcDb2dVertex
 10
-12.68692378864668
 20
10.60691144234223
 30
0.0
  0
VERTEX
  5
5C6
330
5B9
100
AcDbEntity
  8
0
100
AcDbVertex
100
AcDb2dVertex
 10
-14.87172569512727
 20
6.822723535844497
 30
0.0
 42
0.0695646451544887
  0
VERTEX
  5
5C7
330
5B9
100
AcDbEntity
  8
0
100
AcDbVertex
100
AcDb2dVertex
 10
-17.325
 20
7.165705621392784
 30
0.0
  0
VERTEX
  5
5C8
330
5B9
100
AcDbEntity
  8
0
100
AcDbVertex
100
AcDb2dVertex
 10
-17.325
 20
5.715705621392786
 30
0.0
 42
-1.0
  0
VERTEX
  5
5C9
330
5B9
100
AcDbEntity
  8
0
100
AcDbVertex
100
AcDb2dVertex
 10
-17.325
 20
-9.275000000000002
 30
0.0
  0
VERTEX
  5
5CA
330
5B9
100
AcDbEntity
  8
0
100
AcDbVertex
100
AcDb2dVertex
 10
-17.675
 20
-9.275000000000002
 30
0.0
 42
-1.0
  0
VERTEX
  5
5CB
330
5B9
100
AcDbEntity
  8
0
100
AcDbVertex
100
AcDb2dVertex
 10
-17.675
 20
5.715705621392786
 30
0.0
  0
VERTEX
  5
5CC
330
5B9
100
AcDbEntity
  8
0
100
AcDbVertex
100
AcDb2dVertex
 10
-17.675
 20
7.165705621392784
 30
0.0
 42
0.0695646451544887
  0
VERTEX
  5
5CD
330
5B9
100
AcDbEntity
  8
0
100
AcDbVertex
100
AcDb2dVertex
 10
-20.12827430487273
 20
6.822723535844497
 30
0.0
  0
VERTEX
  5
5CE
330
5B9
100
AcDbEntity
  8
0
100
AcDbVertex
100
AcDb2dVertex
 10
-22.31307621135332
 20
10.60691144234223
 30
0.0
 42
-0.1316524975873984
  0
VERTEX
  5
5CF
330
5B9
100
AcDbEntity
  8
0
100
AcDbVertex
100
AcDb2dVertex
 10
-22.715
 20
12.10691144234223
 30
0.0
  0
VERTEX
  5
5D0
330
5B9
100
AcDbEntity
  8
0
100
AcDbVertex
100
AcDb2dVertex
 10
-22.715
 20
18.0
 30
0.0
  0
VERTEX
  5
5D1
330
5B9
100
AcDbEntity
  8
0
100
AcDbVertex
100
AcDb2dVertex
 10
-25.635
 20
18.0
 30
0.0
  0
VERTEX
  5
5D2
330
5B9
100
AcDbEntity
  8
0
100
AcDbVertex
100
AcDb2dVertex
 10
-25.635
 20
11.32449980044335
 30
0.0
 42
0.131652497587393
  0
VERTEX
  5
5D3
330
5B9
100
AcDbEntity
  8
0
100
AcDbVertex
100
AcDb2dVertex
 10
-25.23307621135332
 20
9.82449980044335
 30
0.0
  0
VERTEX
  5
5D4
330
5B9
100
AcDbEntity
  8
0
100
AcDbVertex
100
AcDb2dVertex
 10
-22.77601825083518
 20
5.568750575684369
 30
0.0
  0
SEQEND
  5
5D5
330
5B9
100
AcDbEntity
  8
Layer_1
  0
POLYLINE
  5
5D6
330
1F
100
AcDbEntity
  8
Layer_1
100
AcDb2dPolyline
 66
     1
 10
0.0
 20
0.0
 30
0.0
 70
     1
  0
VERTEX
  5
5D7
330
5D6
100
AcDbEntity
  8
0
100
AcDbVertex
100
AcDb2dVertex
 10
25.23307621135332
 20
10.90675341346824
 30
0.0
 42
0.1316524975873947
  0
VERTEX
  5
5D8
330
5D6
100
AcDbEntity
  8
0
100
AcDbVertex
100
AcDb2dVertex
 10
25.635
 20
12.40675341346824
 30
0.0
  0
VERTEX
  5
5D9
330
5D6
100
AcDbEntity
  8
0
100
AcDbVertex
100
AcDb2dVertex
 10
25.635
 20
18.0
 30
0.0
  0
VERTEX
  5
5DA
330
5D6
100
AcDbEntity
  8
0
100
AcDbVertex
100
AcDb2dVertex
 10
22.715
 20
18.0
 30
0.0
  0
VERTEX
  5
5DB
330
5D6
100
AcDbEntity
  8
0
100
AcDbVertex
100
AcDb2dVertex
 10
22.715
 20
13.18916505536711
 30
0.0
 42
-0.1316524975873974
  0
VERTEX
  5
5DC
330
5D6
100
AcDbEntity
  8
0
100
AcDbVertex
100
AcDb2dVertex
 10
22.31307621135332
 20
11.68916505536711
 30
0.0
  0
VERTEX
  5
5DD
330
5D6
100
AcDbEntity
  8
0
100
AcDbVertex
100
AcDb2dVertex
 10
20.13841036379807
 20
7.922533317916576
 30
0.0
 42
0.0657662219834458
  0
VERTEX
  5
5DE
330
5D6
100
AcDbEntity
  8
0
100
AcDbVertex
100
AcDb2dVertex
 10
17.675
 20
8.24795923441767
 30
0.0
  0
VERTEX
  5
5DF
330
5D6
100
AcDbEntity
  8
0
100
AcDbVertex
100
AcDb2dVertex
 10
17.675
 20
6.797959234417672
 30
0.0
 42
-1.0
  0
VERTEX
  5
5E0
330
5D6
100
AcDbEntity
  8
0
100
AcDbVertex
100
AcDb2dVertex
 10
17.675
 20
-9.275000000000002
 30
0.0
  0
VERTEX
  5
5E1
330
5D6
100
AcDbEntity
  8
0
100
AcDbVertex
100
AcDb2dVertex
 10
17.325
 20
-9.275000000000002
 30
0.0
 42
-1.0
  0
VERTEX
  5
5E2
330
5D6
100
AcDbEntity
  8
0
100
AcDbVertex
100
AcDb2dVertex
 10
17.325
 20
6.797959234417672
 30
0.0
  0
VERTEX
  5
5E3
330
5D6
100
AcDbEntity
  8
0
100
AcDbVertex
100
AcDb2dVertex
 10
17.325
 20
8.24795923441767
 30
0.0
 42
0.0657662219834445
  0
VERTEX
  5
5E4
330
5D6
100
AcDbEntity
  8
0
100
AcDbVertex
100
AcDb2dVertex
 10
14.86158963620194
 20
7.922533317916576
 30
0.0
  0
VERTEX
  5
5E5
330
5D6
100
AcDbEntity
  8
0
100
AcDbVertex
100
AcDb2dVertex
 10
12.68692378864668
 20
11.68916505536711
 30
0.0
 42
-0.1316524975873957
  0
VERTEX
  5
5E6
330
5D6
100
AcDbEntity
  8
0
100
AcDbVertex
100
AcDb2dVertex
 10
12.285
 20
13.18916505536711
 30
0.0
  0
VERTEX
  5
5E7
330
5D6
100
AcDbEntity
  8
0
100
AcDbVertex
100
AcDb2dVertex
 10
12.285
 20
18.0
 30
0.0
  0
VERTEX
  5
5E8
330
5D6
100
AcDbEntity
  8
0
100
AcDbVertex
100
AcDb2dVertex
 10
9.365
 20
18.0
 30
0.0
  0
VERTEX
  5
5E9
330
5D6
100
AcDbEntity
  8
0
100
AcDbVertex
100
AcDb2dVertex
 10
9.365
 20
12.40675341346824
 30
0.0
 42
0.1316524975873993
  0
VERTEX
  5
5EA
330
5D6
100
AcDbEntity
  8
0
100
AcDbVertex
100
AcDb2dVertex
 10
9.76692378864668
 20
10.90675341346824
 30
0.0
  0
VERTEX
  5
5EB
330
5D6
100
AcDbEntity
  8
0
100
AcDbVertex
100
AcDb2dVertex
 10
12.17815675413432
 20
6.730375408358668
 30
0.0
 42
0.696040691447158
  0
VERTEX
  5
5EC
330
5D6
100
AcDbEntity
  8
0
100
AcDbVertex
100
AcDb2dVertex
 10
16.04
 20
-10.63756663907263
 30
0.0
  0
VERTEX
  5
5ED
330
5D6
100
AcDbEntity
  8
0
100
AcDbVertex
100
AcDb2dVertex
 10
16.04
 20
-18.0
 30
0.0
  0
VERTEX
  5
5EE
330
5D6
100
AcDbEntity
  8
0
100
AcDbVertex
100
AcDb2dVertex
 10
18.96
 20
-18.0
 30
0.0
  0
VERTEX
  5
5EF
330
5D6
100
AcDbEntity
  8
0
100
AcDbVertex
100
AcDb2dVertex
 10
18.96
 20
-10.63756663907263
 30
0.0
 42
0.6960406914471577
  0
VERTEX
  5
5F0
330
5D6
100
AcDbEntity
  8
0
100
AcDbVertex
100
AcDb2dVertex
 10
22.82184324586568
 20
6.73037540835867
 30
0.0
  0
VERTEX
  5
5F1
330
5D6
100
AcDbEntity
  8
0
100
AcDbVertex
100
AcDb2dVertex
 10
25.23307621135332
 20
10.90675341346824
 30
0.0
  0
SEQEND
  5
5F2
330
5D6
100
AcDbEntity
  8
Layer_1
  0
POLYLINE
  5
5F3
330
1F
100
AcDbEntity
  8
Layer_1
100
AcDb2dPolyline
 66
     1
 10
0.0
 20
0.0
 30
0.0
 70
     1
  0
VERTEX
  5
5F4
330
5F3
100
AcDbEntity
  8
0
100
AcDbVertex
100
AcDb2dVertex
 10
17.325
 20
7.660459234417672
 30
0.0
  0
VERTEX
  5
5F5
330
5F3
100
AcDbEntity
  8
0
100
AcDbVertex
100
AcDb2dVertex
 10
17.325
 20
7.160459234417672
 30
0.0
  0
VERTEX
  5
5F6
330
5F3
100
AcDbEntity
  8
0
100
AcDbVertex
100
AcDb2dVertex
 10
17.675
 20
7.160459234417672
 30
0.0
  0
VERTEX
  5
5F7
330
5F3
100
AcDbEntity
  8
0
100
AcDbVertex
100
AcDb2dVertex
 10
17.675
 20
7.660459234417672
 30
0.0
  0
VERTEX
  5
5F8
330
5F3
100
AcDbEntity
  8
0
100
AcDbVertex
100
AcDb2dVertex
 10
17.325
 20
7.660459234417672
 30
0.0
  0
SEQEND
  5
5F9
330
5F3
100
AcDbEntity
  8
Layer_1
  0
POLYLINE
  5
5FB
330
1F
100
AcDbEntity
  8
Layer_2
100
AcDb2dPolyline
 66
     1
 10
0.0
 20
0.0
 30
0.0
 70
     1
  0
VERTEX
  5
5FC
330
5FB
100
AcDbEntity
  8
0
100
AcDbVertex
100
AcDb2dVertex
 10
-18.125
 20
6.628205621392786
 30
0.0
  0
VERTEX
  5
5FD
330
5FB
100
AcDbEntity
  8
0
100
AcDbVertex
100
AcDb2dVertex
 10
-18.125
 20
6.028205621392786
 30
0.0
  0
VERTEX
  5
5FE
330
5FB
100
AcDbEntity
  8
0
100
AcDbVertex
100
AcDb2dVertex
 10
-17.675
 20
6.028205621392786
 30
0.0
  0
VERTEX
  5
5FF
330
5FB
100
AcDbEntity
  8
0
100
AcDbVertex
100
AcDb2dVertex
 10
-17.675
 20
6.628205621392786
 30
0.0
  0
VERTEX
  5
600
330
5FB
100
AcDbEntity
  8
0
100
AcDbVertex
100
AcDb2dVertex
 10
-18.125
 20
6.628205621392786
 30
0.0
  0
SEQEND
  5
601
330
5FB
100
AcDbEntity
  8
Layer_2
  0
POLYLINE
  5
602
330
1F
100
AcDbEntity
  8
Layer_2
100
AcDb2dPolyline
 66
     1
 10
0.0
 20
0.0
 30
0.0
 70
     1
  0
VERTEX
  5
603
330
602
100
AcDbEntity
  8
0
100
AcDbVertex
100
AcDb2dVertex
 10
-16.875
 20
6.028205621392786
 30
0.0
  0
VERTEX
  5
604
330
602
100
AcDbEntity
  8
0
100
AcDbVertex
100
AcDb2dVertex
 10
-16.875
 20
6.628205621392786
 30
0.0
  0
VERTEX
  5
605
330
602
100
AcDbEntity
  8
0
100
AcDbVertex
100
AcDb2dVertex
 10
-17.325
 20
6.628205621392786
 30
0.0
  0
VERTEX
  5
606
330
602
100
AcDbEntity
  8
0
100
AcDbVertex
100
AcDb2dVertex
 10
-17.325
 20
6.028205621392786
 30
0.0
  0
VERTEX
  5
607
330
602
100
AcDbEntity
  8
0
100
AcDbVertex
100
AcDb2dVertex
 10
-16.875
 20
6.028205621392786
 30
0.0
  0
SEQEND
  5
608
330
602
100
AcDbEntity
  8
Layer_2
  0
POLYLINE
  5
609
330
1F
100
AcDbEntity
  8
Layer_2
100
AcDb2dPolyline
 66
     1
 10
0.0
 20
0.0
 30
0.0
 70
     1
  0
VERTEX
  5
60A
330
609
100
AcDbEntity
  8
0
100
AcDbVertex
100
AcDb2dVertex
 10
16.875
 20
7.710459234417673
 30
0.0
  0
VERTEX
  5
60B
330
609
100
AcDbEntity
  8
0
100
AcDbVertex
100
AcDb2dVertex
 10
16.875
 20
7.110459234417672
 30
0.0
  0
VERTEX
  5
60C
330
609
100
AcDbEntity
  8
0
100
AcDbVertex
100
AcDb2dVertex
 10
17.325
 20
7.110459234417672
 30
0.0
  0
VERTEX
  5
60D
330
609
100
AcDbEntity
  8
0
100
AcDbVertex
100
AcDb2dVertex
 10
17.325
 20
7.710459234417673
 30
0.0
  0
VERTEX
  5
60E
330
609
100
AcDbEntity
  8
0
100
AcDbVertex
100
AcDb2dVertex
 10
16.875
 20
7.710459234417673
 30
0.0
  0
SEQEND
  5
60F
330
609
100
AcDbEntity
  8
Layer_2
  0
POLYLINE
  5
610
330
1F
100
AcDbEntity
  8
Layer_2
100
AcDb2dPolyline
 66
     1
 10
0.0
 20
0.0
 30
0.0
 70
     1
  0
VERTEX
  5
611
330
610
100
AcDbEntity
  8
0
100
AcDbVertex
100
AcDb2dVertex
 10
18.125
 20
7.110459234417672
 30
0.0
  0
VERTEX
  5
612
330
610
100
AcDbEntity
  8
0
100
AcDbVertex
100
AcDb2dVertex
 10
18.125
 20
7.710459234417673
 30
0.0
  0
VERTEX
  5
613
330
610
100
AcDbEntity
  8
0
100
AcDbVertex
100
AcDb2dVertex
 10
17.675
 20
7.710459234417673
 30
0.0
  0
VERTEX
  5
614
330
610
100
AcDbEntity
  8
0
100
AcDbVertex
100
AcDb2dVertex
 10
17.675
 20
7.110459234417672
 30
0.0
  0
VERTEX
  5
615
330
610
100
AcDbEntity
  8
0
100
AcDbVertex
100
AcDb2dVertex
 10
18.125
 20
7.110459234417672
 30
0.0
  0
SEQEND
  5
616
330
610
100
AcDbEntity
  8
Layer_2
  0
POLYLINE
  5
617
330
1F
100
AcDbEntity
  8
Layer_2
100
AcDb2dPolyline
 66
     1
 10
0.0
 20
0.0
 30
0.0
 70
     1
  0
VERTEX
  5
618
330
617
100
AcDbEntity
  8
0
100
AcDbVertex
100
AcDb2dVertex
 10
-18.96
 20
-12.525
 30
0.0
  0
VERTEX
  5
619
330
617
100
AcDbEntity
  8
0
100
AcDbVertex
100
AcDb2dVertex
 10
-16.04
 20
-12.525
 30
0.0
  0
VERTEX
  5
61A
330
617
100
AcDbEntity
  8
0
100
AcDbVertex
100
AcDb2dVertex
 10
-16.04
 20
-12.325
 30
0.0
  0
VERTEX
  5
61B
330
617
100
AcDbEntity
  8
0
100
AcDbVertex
100
AcDb2dVertex
 10
-18.96
 20
-12.325
 30
0.0
  0
VERTEX
  5
61C
330
617
100
AcDbEntity
  8
0
100
AcDbVertex
100
AcDb2dVertex
 10
-18.96
 20
-12.525
 30
0.0
  0
SEQEND
  5
61D
330
617
100
AcDbEntity
  8
Layer_2
  0
POLYLINE
  5
61E
330
1F
100
AcDbEntity
  8
Layer_2
100
AcDb2dPolyline
 66
     1
 10
0.0
 20
0.0
 30
0.0
 70
     1
  0
VERTEX
  5
61F
330
61E
100
AcDbEntity
  8
0
100
AcDbVertex
100
AcDb2dVertex
 10
-17.325
 20
5.953205621392786
 30
0.0
  0
VERTEX
  5
620
330
61E
100
AcDbEntity
  8
0
100
AcDbVertex
100
AcDb2dVertex
 10
-17.325
 20
5.753205621392786
 30
0.0
  0
VERTEX
  5
621
330
61E
100
AcDbEntity
  8
0
100
AcDbVertex
100
AcDb2dVertex
 10
-16.6
 20
5.753205621392786
 30
0.0
  0
VERTEX
  5
622
330
61E
100
AcDbEntity
  8
0
100
AcDbVertex
100
AcDb2dVertex
 10
-16.6
 20
6.903205621392785
 30
0.0
  0
VERTEX
  5
623
330
61E
100
AcDbEntity
  8
0
100
AcDbVertex
100
AcDb2dVertex
 10
-17.325
 20
6.903205621392785
 30
0.0
  0
VERTEX
  5
624
330
61E
100
AcDbEntity
  8
0
100
AcDbVertex
100
AcDb2dVertex
 10
-17.325
 20
6.703205621392785
 30
0.0
  0
VERTEX
  5
625
330
61E
100
AcDbEntity
  8
0
100
AcDbVertex
100
AcDb2dVertex
 10
-16.8
 20
6.703205621392785
 30
0.0
  0
VERTEX
  5
626
330
61E
100
AcDbEntity
  8
0
100
AcDbVertex
100
AcDb2dVertex
 10
-16.8
 20
5.953205621392786
 30
0.0
  0
VERTEX
  5
627
330
61E
100
AcDbEntity
  8
0
100
AcDbVertex
100
AcDb2dVertex
 10
-17.325
 20
5.953205621392786
 30
0.0
  0
SEQEND
  5
628
330
61E
100
AcDbEntity
  8
Layer_2
  0
POLYLINE
  5
629
330
1F
100
AcDbEntity
  8
Layer_2
100
AcDb2dPolyline
 66
     1
 10
0.0
 20
0.0
 30
0.0
 70
     1
  0
VERTEX
  5
62A
330
629
100
AcDbEntity
  8
0
100
AcDbVertex
100
AcDb2dVertex
 10
-18.2
 20
5.953205621392786
 30
0.0
  0
VERTEX
  5
62B
330
629
100
AcDbEntity
  8
0
100
AcDbVertex
100
AcDb2dVertex
 10
-18.2
 20
6.703205621392785
 30
0.0
  0
VERTEX
  5
62C
330
629
100
AcDbEntity
  8
0
100
AcDbVertex
100
AcDb2dVertex
 10
-17.675
 20
6.703205621392785
 30
0.0
  0
VERTEX
  5
62D
330
629
100
AcDbEntity
  8
0
100
AcDbVertex
100
AcDb2dVertex
 10
-17.675
 20
6.903205621392785
 30
0.0
  0
VERTEX
  5
62E
330
629
100
AcDbEntity
  8
0
100
AcDbVertex
100
AcDb2dVertex
 10
-18.4
 20
6.903205621392785
 30
0.0
  0
VERTEX
  5
62F
330
629
100
AcDbEntity
  8
0
100
AcDbVertex
100
AcDb2dVertex
 10
-18.4
 20
5.753205621392786
 30
0.0
  0
VERTEX
  5
630
330
629
100
AcDbEntity
  8
0
100
AcDbVertex
100
AcDb2dVertex
 10
-17.675
 20
5.753205621392786
 30
0.0
  0
VERTEX
  5
631
330
629
100
AcDbEntity
  8
0
100
AcDbVertex
100
AcDb2dVertex
 10
-17.675
 20
5.953205621392786
 30
0.0
  0
VERTEX
  5
632
330
629
100
AcDbEntity
  8
0
100
AcDbVertex
100
AcDb2dVertex
 10
-18.2
 20
5.953205621392786
 30
0.0
  0
SEQEND
  5
633
330
629
100
AcDbEntity
  8
Layer_2
  0
POLYLINE
  5
634
330
1F
100
AcDbEntity
  8
Layer_2
100
AcDb2dPolyline
 66
     1
 10
0.0
 20
0.0
 30
0.0
 70
     1
  0
VERTEX
  5
635
330
634
100
AcDbEntity
  8
0
100
AcDbVertex
100
AcDb2dVertex
 10
17.675
 20
7.035459234417672
 30
0.0
  0
VERTEX
  5
636
330
634
100
AcDbEntity
  8
0
100
AcDbVertex
100
AcDb2dVertex
 10
17.675
 20
6.835459234417672
 30
0.0
  0
VERTEX
  5
637
330
634
100
AcDbEntity
  8
0
100
AcDbVertex
100
AcDb2dVertex
 10
18.4
 20
6.835459234417672
 30
0.0
  0
VERTEX
  5
638
330
634
100
AcDbEntity
  8
0
100
AcDbVertex
100
AcDb2dVertex
 10
18.4
 20
7.985459234417672
 30
0.0
  0
VERTEX
  5
639
330
634
100
AcDbEntity
  8
0
100
AcDbVertex
100
AcDb2dVertex
 10
17.675
 20
7.985459234417672
 30
0.0
  0
VERTEX
  5
63A
330
634
100
AcDbEntity
  8
0
100
AcDbVertex
100
AcDb2dVertex
 10
17.675
 20
7.785459234417671
 30
0.0
  0
VERTEX
  5
63B
330
634
100
AcDbEntity
  8
0
100
AcDbVertex
100
AcDb2dVertex
 10
18.2
 20
7.785459234417671
 30
0.0
  0
VERTEX
  5
63C
330
634
100
AcDbEntity
  8
0
100
AcDbVertex
100
AcDb2dVertex
 10
18.2
 20
7.035459234417672
 30
0.0
  0
VERTEX
  5
63D
330
634
100
AcDbEntity
  8
0
100
AcDbVertex
100
AcDb2dVertex
 10
17.675
 20
7.035459234417672
 30
0.0
  0
SEQEND
  5
63E
330
634
100
AcDbEntity
  8
Layer_2
  0
POLYLINE
  5
63F
330
1F
100
AcDbEntity
  8
Layer_2
100
AcDb2dPolyline
 66
     1
 10
0.0
 20
0.0
 30
0.0
 70
     1
  0
VERTEX
  5
640
330
63F
100
AcDbEntity
  8
0
100
AcDbVertex
100
AcDb2dVertex
 10
16.8
 20
7.035459234417672
 30
0.0
  0
VERTEX
  5
641
330
63F
100
AcDbEntity
  8
0
100
AcDbVertex
100
AcDb2dVertex
 10
16.8
 20
7.785459234417671
 30
0.0
  0
VERTEX
  5
642
330
63F
100
AcDbEntity
  8
0
100
AcDbVertex
100
AcDb2dVertex
 10
17.32500000000001
 20
7.785459234417671
 30
0.0
  0
VERTEX
  5
643
330
63F
100
AcDbEntity
  8
0
100
AcDbVertex
100
AcDb2dVertex
 10
17.32500000000001
 20
7.985459234417672
 30
0.0
  0
VERTEX
  5
644
330
63F
100
AcDbEntity
  8
0
100
AcDbVertex
100
AcDb2dVertex
 10
16.6
 20
7.985459234417672
 30
0.0
  0
VERTEX
  5
645
330
63F
100
AcDbEntity
  8
0
100
AcDbVertex
100
AcDb2dVertex
 10
16.6
 20
6.835459234417672
 30
0.0
  0
VERTEX
  5
646
330
63F
100
AcDbEntity
  8
0
100
AcDbVertex
100
AcDb2dVertex
 10
17.32500000000001
 20
6.835459234417672
 30
0.0
  0
VERTEX
  5
647
330
63F
100
AcDbEntity
  8
0
100
AcDbVertex
100
AcDb2dVertex
 10
17.32500000000001
 20
7.035459234417672
 30
0.0
  0
VERTEX
  5
648
330
63F
100
AcDbEntity
  8
0
100
AcDbVertex
100
AcDb2dVertex
 10
16.8
 20
7.035459234417672
 30
0.0
  0
SEQEND
  5
649
330
63F
100
AcDbEntity
  8
Layer_2
  0
POLYLINE
  5
64A
330
1F
100
AcDbEntity
  8
Layer_2
100
AcDb2dPolyline
 66
     1
 10
0.0
 20
0.0
 30
0.0
 70
     1
  0
VERTEX
  5
64B
330
64A
100
AcDbEntity
  8
0
100
AcDbVertex
100
AcDb2dVertex
 10
-25.635
 20
12.31448748904926
 30
0.0
  0
VERTEX
  5
64C
330
64A
100
AcDbEntity
  8
0
100
AcDbVertex
100
AcDb2dVertex
 10
-22.715
 20
12.31448748904926
 30
0.0
  0
VERTEX
  5
64D
330
64A
100
AcDbEntity
  8
0
100
AcDbVertex
100
AcDb2dVertex
 10
-22.715
 20
12.51448748904927
 30
0.0
  0
VERTEX
  5
64E
330
64A
100
AcDbEntity
  8
0
100
AcDbVertex
100
AcDb2dVertex
 10
-25.635
 20
12.51448748904927
 30
0.0
  0
VERTEX
  5
64F
330
64A
100
AcDbEntity
  8
0
100
AcDbVertex
100
AcDb2dVertex
 10
-25.635
 20
12.31448748904926
 30
0.0
  0
SEQEND
  5
650
330
64A
100
AcDbEntity
  8
Layer_2
  0
POLYLINE
  5
651
330
1F
100
AcDbEntity
  8
Layer_2
100
AcDb2dPolyline
 66
     1
 10
0.0
 20
0.0
 30
0.0
 70
     1
  0
VERTEX
  5
652
330
651
100
AcDbEntity
  8
0
100
AcDbVertex
100
AcDb2dVertex
 10
-9.365
 20
12.51448748904927
 30
0.0
  0
VERTEX
  5
653
330
651
100
AcDbEntity
  8
0
100
AcDbVertex
100
AcDb2dVertex
 10
-12.285
 20
12.51448748904927
 30
0.0
  0
VERTEX
  5
654
330
651
100
AcDbEntity
  8
0
100
AcDbVertex
100
AcDb2dVertex
 10
-12.285
 20
12.31448748904926
 30
0.0
  0
VERTEX
  5
655
330
651
100
AcDbEntity
  8
0
100
AcDbVertex
100
AcDb2dVertex
 10
-9.365
 20
12.31448748904926
 30
0.0
  0
VERTEX
  5
656
330
651
100
AcDbEntity
  8
0
100
AcDbVertex
100
AcDb2dVertex
 10
-9.365
 20
12.51448748904927
 30
0.0
  0
SEQEND
  5
657
330
651
100
AcDbEntity
  8
Layer_2
  0
POLYLINE
  5
658
330
1F
100
AcDbEntity
  8
Layer_2
100
AcDb2dPolyline
 66
     1
 10
0.0
 20
0.0
 30
0.0
 70
     1
  0
VERTEX
  5
659
330
658
100
AcDbEntity
  8
0
100
AcDbVertex
100
AcDb2dVertex
 10
18.96
 20
-12.325
 30
0.0
  0
VERTEX
  5
65A
330
658
100
AcDbEntity
  8
0
100
AcDbVertex
100
AcDb2dVertex
 10
16.04
 20
-12.325
 30
0.0
  0
VERTEX
  5
65B
330
658
100
AcDbEntity
  8
0
100
AcDbVertex
100
AcDb2dVertex
 10
16.04
 20
-12.525
 30
0.0
  0
VERTEX
  5
65C
330
658
100
AcDbEntity
  8
0
100
AcDbVertex
100
AcDb2dVertex
 10
18.96
 20
-12.525
 30
0.0
  0
VERTEX
  5
65D
330
658
100
AcDbEntity
  8
0
100
AcDbVertex
100
AcDb2dVertex
 10
18.96
 20
-12.325
 30
0.0
  0
SEQEND
  5
65E
330
658
100
AcDbEntity
  8
Layer_2
  0
POLYLINE
  5
65F
330
1F
100
AcDbEntity
  8
Layer_2
100
AcDb2dPolyline
 66
     1
 10
0.0
 20
0.0
 30
0.0
 70
     1
  0
VERTEX
  5
660
330
65F
100
AcDbEntity
  8
0
100
AcDbVertex
100
AcDb2dVertex
 10
25.635
 20
12.51448748904927
 30
0.0
  0
VERTEX
  5
661
330
65F
100
AcDbEntity
  8
0
100
AcDbVertex
100
AcDb2dVertex
 10
22.715
 20
12.51448748904927
 30
0.0
  0
VERTEX
  5
662
330
65F
100
AcDbEntity
  8
0
100
AcDbVertex
100
AcDb2dVertex
 10
22.715
 20
12.31448748904926
 30
0.0
  0
VERTEX
  5
663
330
65F
100
AcDbEntity
  8
0
100
AcDbVertex
100
AcDb2dVertex
 10
25.635
 20
12.31448748904926
 30
0.0
  0
VERTEX
  5
664
330
65F
100
AcDbEntity
  8
0
100
AcDbVertex
100
AcDb2dVertex
 10
25.635
 20
12.51448748904927
 30
0.0
  0
SEQEND
  5
665
330
65F
100
AcDbEntity
  8
Layer_2
  0
POLYLINE
  5
666
330
1F
100
AcDbEntity
  8
Layer_2
100
AcDb2dPolyline
 66
     1
 10
0.0
 20
0.0
 30
0.0
 70
     1
  0
VERTEX
  5
667
330
666
100
AcDbEntity
  8
0
100
AcDbVertex
100
AcDb2dVertex
 10
9.365
 20
12.31448748904926
 30
0.0
  0
VERTEX
  5
668
330
666
100
AcDbEntity
  8
0
100
AcDbVertex
100
AcDb2dVertex
 10
12.285
 20
12.31448748904926
 30
0.0
  0
VERTEX
  5
669
330
666
100
AcDbEntity
  8
0
100
AcDbVertex
100
AcDb2dVertex
 10
12.285
 20
12.51448748904927
 30
0.0
  0
VERTEX
  5
66A
330
666
100
AcDbEntity
  8
0
100
AcDbVertex
100
AcDb2dVertex
 10
9.365
 20
12.51448748904927
 30
0.0
  0
VERTEX
  5
66B
330
666
100
AcDbEntity
  8
0
100
AcDbVertex
100
AcDb2dVertex
 10
9.365
 20
12.31448748904926
 30
0.0
  0
SEQEND
  5
66C
330
666
100
AcDbEntity
  8
Layer_2
  0
ENDSEC
  0
SECTION
  2
OBJECTS
  0
DICTIONARY
  5
C
330
0
100
AcDbDictionary
281
     1
  3
ACAD_DETAILVIEWSTYLE
350
6A4
  3
ACAD_GROUP
350
D
  3
ACAD_LAYOUT
350
1A
  3
ACAD_MATERIAL
350
43
  3
ACAD_MLEADERSTYLE
350
6B
  3
ACAD_MLINESTYLE
350
17
  3
ACAD_PLOTSETTINGS
350
19
  3
ACAD_PLOTSTYLENAME
350
E
  3
ACAD_SCALELIST
350
47
  3
ACAD_SECTIONVIEWSTYLE
350
6A5
  3
ACAD_TABLESTYLE
350
69
  3
ACAD_VISUALSTYLE
350
2A
  3
ACDB_RECOMPOSE_DATA
350
6A1
  3
AcDbVariableDictionary
350
66D
  0
SUN
  5
6D
330
29
100
AcDbSun
 90
        1
290
     0
 63
     7
421
 16777215
 40
1.0
291
     1
 91
  2455826
 92
 54000000
292
     0
 70
     2
 71
   256
280
     1
  0
DICTIONARY
  5
6A4
102
{ACAD_REACTORS
330
C
102
}
330
C
100
AcDbDictionary
281
     1
  0
DICTIONARY
  5
D
102
{ACAD_REACTORS
330
C
102
}
330
C
100
AcDbDictionary
281
     1
  0
DICTIONARY
  5
1A
102
{ACAD_REACTORS
330
C
102
}
330
C
100
AcDbDictionary
281
     1
  3
Layout1
350
1E
  3
Layout2
350
26
  3
Model
350
22
  0
DICTIONARY
  5
43
102
{ACAD_REACTORS
330
C
102
}
330
C
100
AcDbDictionary
281
     1
  3
ByBlock
350
45
  3
ByLayer
350
44
  3
Global
350
46
  0
DICTIONARY
  5
6B
102
{ACAD_REACTORS
330
C
102
}
330
C
100
AcDbDictionary
281
     1
  3
Standard
350
6C
  0
DICTIONARY
  5
17
102
{ACAD_REACTORS
330
C
102
}
330
C
100
AcDbDictionary
281
     1
  3
Standard
350
18
  0
DICTIONARY
  5
19
102
{ACAD_REACTORS
330
C
102
}
330
C
100
AcDbDictionary
281
     1
  0
ACDBDICTIONARYWDFLT
  5
E
102
{ACAD_REACTORS
330
C
102
}
330
C
100
AcDbDictionary
281
     1
  3
Normal
350
F
100
AcDbDictionaryWithDefault
340
F
  0
DICTIONARY
  5
47
102
{ACAD_REACTORS
330
C
102
}
330
C
100
AcDbDictionary
281
     1
  3
A0
350
48
  3
A1
350
49
  3
A2
350
4A
  3
A3
350
4B
  3
A4
350
4C
  3
A5
350
4D
  3
A6
350
4E
  3
A7
350
4F
  3
A8
350
50
  3
A9
350
51
  3
B0
350
52
  3
B1
350
53
  3
B2
350
54
  3
B3
350
55
  3
B4
350
56
  3
B5
350
57
  3
B6
350
58
  3
B7
350
59
  3
B8
350
5A
  3
B9
350
5B
  3
C0
350
5C
  3
C1
350
5D
  3
C2
350
5E
  3
C3
350
5F
  3
C4
350
60
  3
C5
350
61
  3
C6
350
62
  3
C7
350
63
  3
C8
350
64
  3
C9
350
65
  3
D0
350
66
  3
D1
350
67
  3
D2
350
68
  0
DICTIONARY
  5
6A5
102
{ACAD_REACTORS
330
C
102
}
330
C
100
AcDbDictionary
281
     1
  0
DICTIONARY
  5
69
102
{ACAD_REACTORS
330
C
102
}
330
C
100
AcDbDictionary
281
     1
  3
Standard
350
6A
  0
DICTIONARY
  5
2A
102
{ACAD_REACTORS
330
C
102
}
330
C
100
AcDbDictionary
281
     1
  3
2dWireframe
350
2F
  3
Basic
350
32
  3
Brighten
350
36
  3
ColorChange
350
3A
  3
Conceptual
350
34
  3
Dim
350
35
  3
EdgeColorOff
350
3D
  3
Facepattern
350
39
  3
Flat
350
2B
  3
FlatWithEdges
350
2C
  3
Gouraud
350
2D
  3
GouraudWithEdges
350
2E
  3
Hidden
350
31
  3
JitterOff
350
3B
  3
Linepattern
350
38
  3
OverhangOff
350
3C
  3
Realistic
350
33
  3
Shaded
350
42
  3
Shaded with edges
350
41
  3
Shades of Gray
350
3E
  3
Sketchy
350
3F
  3
Thicken
350
37
  3
Wireframe
350
30
  3
X-Ray
350
40
  0
XRECORD
  5
6A1
102
{ACAD_REACTORS
330
C
102
}
330
C
100
AcDbXrecord
280
     1
 90
        1
330
6A
  0
DICTIONARY
  5
66D
102
{ACAD_REACTORS
330
C
102
}
330
C
100
AcDbDictionary
281
     1
  3
CANNOSCALE
350
66E
  3
CMLEADERSTYLE
350
6A3
  3
CTABLESTYLE
350
6A2
  0
LAYOUT
  5
1E
102
{ACAD_REACTORS
330
1A
102
}
330
1A
100
AcDbPlotSettings
  1

  2
none_device
  4

  6

 40
0.0
 41
0.0
 42
0.0
 43
0.0
 44
0.0
 45
0.0
 46
0.0
 47
0.0
 48
0.0
 49
0.0
140
0.0
141
0.0
142
1.0
143
1.0
 70
   688
 72
     0
 73
     0
 74
     5
  7

 75
    16
 76
     0
 77
     2
 78
   300
147
1.0
148
0.0
149
0.0
100
AcDbLayout
  1
Layout1
 70
     1
 71
     1
 10
0.0
 20
0.0
 11
12.0
 21
9.0
 12
0.0
 22
0.0
 32
0.0
 14
1.000000000000000E+20
 24
1.000000000000000E+20
 34
1.000000000000000E+20
 15
-1.000000000000000E+20
 25
-1.000000000000000E+20
 35
-1.000000000000000E+20
146
0.0
 13
0.0
 23
0.0
 33
0.0
 16
1.0
 26
0.0
 36
0.0
 17
0.0
 27
1.0
 37
0.0
 76
     0
330
1B
  0
LAYOUT
  5
26
102
{ACAD_REACTORS
330
1A
102
}
330
1A
100
AcDbPlotSettings
  1

  2
none_device
  4

  6

 40
0.0
 41
0.0
 42
0.0
 43
0.0
 44
0.0
 45
0.0
 46
0.0
 47
0.0
 48
0.0
 49
0.0
140
0.0
141
0.0
142
1.0
143
1.0
 70
   688
 72
     0
 73
     0
 74
     5
  7

 75
    16
 76
     0
 77
     2
 78
   300
147
1.0
148
0.0
149
0.0
100
AcDbLayout
  1
Layout2
 70
     1
 71
     2
 10
0.0
 20
0.0
 11
0.0
 21
0.0
 12
0.0
 22
0.0
 32
0.0
 14
0.0
 24
0.0
 34
0.0
 15
0.0
 25
0.0
 35
0.0
146
0.0
 13
0.0
 23
0.0
 33
0.0
 16
1.0
 26
0.0
 36
0.0
 17
0.0
 27
1.0
 37
0.0
 76
     0
330
23
  0
LAYOUT
  5
22
102
{ACAD_REACTORS
330
1A
102
}
330
1A
100
AcDbPlotSettings
  1

  2
none_device
  4
Letter_(8.50_x_11.00_Inches)
  6

 40
6.35
 41
6.35
 42
6.35000508
 43
6.35000508
 44
215.9
 45
279.4
 46
0.0
 47
0.0
 48
0.0
 49
0.0
140
0.0
141
0.0
142
1.0
143
1.0
 70
  1712
 72
     0
 73
     0
 74
     0
  7

 75
     0
 76
     0
 77
     2
 78
   300
147
1.0
148
0.0
149
0.0
100
AcDbLayout
  1
Model
 70
     1
 71
     0
 10
0.0
 20
0.0
 11
12.0
 21
9.0
 12
0.0
 22
0.0
 32
0.0
 14
1.000000000000000E+20
 24
1.000000000000000E+20
 34
1.000000000000000E+20
 15
-1.000000000000000E+20
 25
-1.000000000000000E+20
 35
-1.000000000000000E+20
146
0.0
 13
0.0
 23
0.0
 33
0.0
 16
1.0
 26
0.0
 36
0.0
 17
0.0
 27
1.0
 37
0.0
 76
     0
330
1F
331
29
  0
MATERIAL
  5
45
102
{ACAD_REACTORS
330
43
102
}
330
43
100
AcDbMaterial
  1
ByBlock
 72
     1
 94
      127
  0
MATERIAL
  5
44
102
{ACAD_REACTORS
330
43
102
}
330
43
100
AcDbMaterial
  1
ByLayer
 72
     1
 94
      127
  0
MATERIAL
  5
46
102
{ACAD_REACTORS
330
43
102
}
330
43
100
AcDbMaterial
  1
Global
 72
     1
 94
      127
  0
MLEADERSTYLE
  5
6C
102
{ACAD_REACTORS
330
6B
102
}
330
6B
100
AcDbMLeaderStyle
179
     2
170
     2
171
     1
172
     0
 90
        2
 40
0.0
 41
0.0
173
     1
 91
-1056964608
340
14
 92
       -2
290
     1
 42
0.09
291
     1
 43
0.36
  3
Standard
341
0
 44
0.18
300

342
11
174
     1
178
     6
175
     1
176
     0
 93
-1056964608
 45
0.18
292
     0
297
     0
 46
0.18
343
0
 94
-1056964608
 47
1.0
 49
1.0
140
1.0
293
     1
141
0.0
294
     1
177
     0
142
1.0
295
     0
296
     0
143
0.125
271
     0
272
     9
273
     9
  0
MLINESTYLE
  5
18
102
{ACAD_REACTORS
330
17
102
}
330
17
100
AcDbMlineStyle
  2
Standard
 70
     0
  3

 62
   256
 51
90.0
 52
90.0
 71
     2
 49
0.5
 62
   256
  6
BYLAYER
 49
-0.5
 62
   256
  6
BYLAYER
  0
ACDBPLACEHOLDER
  5
F
102
{ACAD_REACTORS
330
E
102
}
330
E
  0
SCALE
  5
48
102
{ACAD_REACTORS
330
47
102
}
330
47
100
AcDbScale
 70
     0
300
1:1
140
1.0
141
1.0
290
     1
  0
SCALE
  5
49
102
{ACAD_REACTORS
330
47
102
}
330
47
100
AcDbScale
 70
     0
300
1:2
140
1.0
141
2.0
290
     0
  0
SCALE
  5
4A
102
{ACAD_REACTORS
330
47
102
}
330
47
100
AcDbScale
 70
     0
300
1:4
140
1.0
141
4.0
290
     0
  0
SCALE
  5
4B
102
{ACAD_REACTORS
330
47
102
}
330
47
100
AcDbScale
 70
     0
300
1:5
140
1.0
141
5.0
290
     0
  0
SCALE
  5
4C
102
{ACAD_REACTORS
330
47
102
}
330
47
100
AcDbScale
 70
     0
300
1:8
140
1.0
141
8.0
290
     0
  0
SCALE
  5
4D
102
{ACAD_REACTORS
330
47
102
}
330
47
100
AcDbScale
 70
     0
300
1:10
140
1.0
141
10.0
290
     0
  0
SCALE
  5
4E
102
{ACAD_REACTORS
330
47
102
}
330
47
100
AcDbScale
 70
     0
300
1:16
140
1.0
141
16.0
290
     0
  0
SCALE
  5
4F
102
{ACAD_REACTORS
330
47
102
}
330
47
100
AcDbScale
 70
     0
300
1:20
140
1.0
141
20.0
290
     0
  0
SCALE
  5
50
102
{ACAD_REACTORS
330
47
102
}
330
47
100
AcDbScale
 70
     0
300
1:30
140
1.0
141
30.0
290
     0
  0
SCALE
  5
51
102
{ACAD_REACTORS
330
47
102
}
330
47
100
AcDbScale
 70
     0
300
1:40
140
1.0
141
40.0
290
     0
  0
SCALE
  5
52
102
{ACAD_REACTORS
330
47
102
}
330
47
100
AcDbScale
 70
     0
300
1:50
140
1.0
141
50.0
290
     0
  0
SCALE
  5
53
102
{ACAD_REACTORS
330
47
102
}
330
47
100
AcDbScale
 70
     0
300
1:100
140
1.0
141
100.0
290
     0
  0
SCALE
  5
54
102
{ACAD_REACTORS
330
47
102
}
330
47
100
AcDbScale
 70
     0
300
2:1
140
2.0
141
1.0
290
     0
  0
SCALE
  5
55
102
{ACAD_REACTORS
330
47
102
}
330
47
100
AcDbScale
 70
     0
300
4:1
140
4.0
141
1.0
290
     0
  0
SCALE
  5
56
102
{ACAD_REACTORS
330
47
102
}
330
47
100
AcDbScale
 70
     0
300
8:1
140
8.0
141
1.0
290
     0
  0
SCALE
  5
57
102
{ACAD_REACTORS
330
47
102
}
330
47
100
AcDbScale
 70
     0
300
10:1
140
10.0
141
1.0
290
     0
  0
SCALE
  5
58
102
{ACAD_REACTORS
330
47
102
}
330
47
100
AcDbScale
 70
     0
300
100:1
140
100.0
141
1.0
290
     0
  0
SCALE
  5
59
102
{ACAD_REACTORS
330
47
102
}
330
47
100
AcDbScale
 70
     0
300
1/128" = 1'-0"
140
0.0078125
141
12.0
290
     0
  0
SCALE
  5
5A
102
{ACAD_REACTORS
330
47
102
}
330
47
100
AcDbScale
 70
     0
300
1/64" = 1'-0"
140
0.015625
141
12.0
290
     0
  0
SCALE
  5
5B
102
{ACAD_REACTORS
330
47
102
}
330
47
100
AcDbScale
 70
     0
300
1/32" = 1'-0"
140
0.03125
141
12.0
290
     0
  0
SCALE
  5
5C
102
{ACAD_REACTORS
330
47
102
}
330
47
100
AcDbScale
 70
     0
300
1/16" = 1'-0"
140
0.0625
141
12.0
290
     0
  0
SCALE
  5
5D
102
{ACAD_REACTORS
330
47
102
}
330
47
100
AcDbScale
 70
     0
300
3/32" = 1'-0"
140
0.09375
141
12.0
290
     0
  0
SCALE
  5
5E
102
{ACAD_REACTORS
330
47
102
}
330
47
100
AcDbScale
 70
     0
300
1/8" = 1'-0"
140
0.125
141
12.0
290
     0
  0
SCALE
  5
5F
102
{ACAD_REACTORS
330
47
102
}
330
47
100
AcDbScale
 70
     0
300
3/16" = 1'-0"
140
0.1875
141
12.0
290
     0
  0
SCALE
  5
60
102
{ACAD_REACTORS
330
47
102
}
330
47
100
AcDbScale
 70
     0
300
1/4" = 1'-0"
140
0.25
141
12.0
290
     0
  0
SCALE
  5
61
102
{ACAD_REACTORS
330
47
102
}
330
47
100
AcDbScale
 70
     0
300
3/8" = 1'-0"
140
0.375
141
12.0
290
     0
  0
SCALE
  5
62
102
{ACAD_REACTORS
330
47
102
}
330
47
100
AcDbScale
 70
     0
300
1/2" = 1'-0"
140
0.5
141
12.0
290
     0
  0
SCALE
  5
63
102
{ACAD_REACTORS
330
47
102
}
330
47
100
AcDbScale
 70
     0
300
3/4" = 1'-0"
140
0.75
141
12.0
290
     0
  0
SCALE
  5
64
102
{ACAD_REACTORS
330
47
102
}
330
47
100
AcDbScale
 70
     0
300
1" = 1'-0"
140
1.0
141
12.0
290
     0
  0
SCALE
  5
65
102
{ACAD_REACTORS
330
47
102
}
330
47
100
AcDbScale
 70
     0
300
1-1/2" = 1'-0"
140
1.5
141
12.0
290
     0
  0
SCALE
  5
66
102
{ACAD_REACTORS
330
47
102
}
330
47
100
AcDbScale
 70
     0
300
3" = 1'-0"
140
3.0
141
12.0
290
     0
  0
SCALE
  5
67
102
{ACAD_REACTORS
330
47
102
}
330
47
100
AcDbScale
 70
     0
300
6" = 1'-0"
140
6.0
141
12.0
290
     0
  0
SCALE
  5
68
102
{ACAD_REACTORS
330
47
102
}
330
47
100
AcDbScale
 70
     0
300
1'-0" = 1'-0"
140
12.0
141
12.0
290
     0
  0
TABLESTYLE
  5
6A
102
{ACAD_REACTORS
330
69
102
}
102
{ACAD_XDICTIONARY
360
69F
102
}
330
69
100
AcDbTableStyle
  3
Standard
 70
     0
 71
     0
 40
0.06
 41
0.06
280
     0
281
     0
  7
Standard
140
0.18
170
     2
 62
     0
 63
   257
283
     0
 90
        4
 91
        0
  1

274
    -2
284
     1
 64
     0
275
    -2
285
     1
 65
     0
276
    -2
286
     1
 66
     0
277
    -2
287
     1
 67
     0
278
    -2
288
     1
 68
     0
279
    -2
289
     1
 69
     0
  7
Standard
140
0.25
170
     5
 62
     0
 63
   257
283
     0
 90
        4
 91
        0
  1

274
    -2
284
     1
 64
     0
275
    -2
285
     1
 65
     0
276
    -2
286
     1
 66
     0
277
    -2
287
     1
 67
     0
278
    -2
288
     1
 68
     0
279
    -2
289
     1
 69
     0
  7
Standard
140
0.18
170
     5
 62
     0
 63
   257
283
     0
 90
        4
 91
        0
  1

274
    -2
284
     1
 64
     0
275
    -2
285
     1
 65
     0
276
    -2
286
     1
 66
     0
277
    -2
287
     1
 67
     0
278
    -2
288
     1
 68
     0
279
    -2
289
     1
 69
     0
  0
VISUALSTYLE
  5
2F
102
{ACAD_REACTORS
330
2A
102
}
102
{ACAD_XDICTIONARY
360
677
102
}
330
2A
100
AcDbVisualStyle
  2
2dWireframe
 70
     4
177
     2
291
     0
 71
     0
176
     1
 72
     2
176
     1
 73
     0
176
     1
 90
        0
176
     1
 40
0.6
176
     1
 41
30.0
176
     1
 62
     5
 63
     7
421
 16777215
176
     1
 74
     1
176
     1
 91
        4
176
     1
 64
     7
176
     1
 65
   257
176
     1
 75
     1
176
     1
175
     1
176
     1
 42
1.0
176
     1
 92
        0
176
     1
 66
   257
176
     1
 43
1.0
176
     1
 76
     1
176
     1
 77
     6
176
     1
 78
     2
176
     1
 67
     7
176
     1
 79
     5
176
     1
170
     0
176
     1
171
     0
176
     1
290
     0
176
     1
 93
        1
176
     1
 44
0.0
176
     1
173
     0
176
     1
  0
VISUALSTYLE
  5
32
102
{ACAD_REACTORS
330
2A
102
}
102
{ACAD_XDICTIONARY
360
67D
102
}
330
2A
100
AcDbVisualStyle
  2
Basic
 70
     7
177
     2
291
     1
 71
     1
176
     1
 72
     0
176
     1
 73
     1
176
     1
 90
        0
176
     1
 40
0.6
176
     1
 41
30.0
176
     1
 62
     5
 63
     7
421
 16777215
176
     1
 74
     0
176
     1
 91
        4
176
     1
 64
     7
176
     1
 65
   257
176
     1
 75
     1
176
     1
175
     1
176
     1
 42
1.0
176
     1
 92
        8
176
     1
 66
     7
176
     1
 43
1.0
176
     1
 76
     1
176
     1
 77
     6
176
     1
 78
     2
176
     1
 67
     7
176
     1
 79
     5
176
     1
170
     0
176
     1
171
     0
176
     1
290
     0
176
     1
 93
        1
176
     1
 44
0.0
176
     1
173
     0
176
     1
  0
VISUALSTYLE
  5
36
102
{ACAD_REACTORS
330
2A
102
}
102
{ACAD_XDICTIONARY
360
685
102
}
330
2A
100
AcDbVisualStyle
  2
Brighten
 70
    12
177
     2
291
     1
 71
     2
176
     1
 72
     2
176
     1
 73
     0
176
     1
 90
        0
176
     1
 40
0.6
176
     1
 41
30.0
176
     1
 62
     5
 63
     7
421
 16777215
176
     1
 74
     1
176
     1
 91
        4
176
     1
 64
     7
176
     1
 65
   257
176
     1
 75
     1
176
     1
175
     1
176
     1
 42
1.0
176
     1
 92
        8
176
     1
 66
     7
176
     1
 43
1.0
176
     1
 76
     1
176
     1
 77
     6
176
     1
 78
     2
176
     1
 67
     7
176
     1
 79
     5
176
     1
170
     0
176
     1
171
     0
176
     1
290
     0
176
     1
 93
        1
176
     1
 44
50.0
176
     1
173
     0
176
     1
  0
VISUALSTYLE
  5
3A
102
{ACAD_REACTORS
330
2A
102
}
102
{ACAD_XDICTIONARY
360
68D
102
}
330
2A
100
AcDbVisualStyle
  2
ColorChange
 70
    16
177
     2
291
     1
 71
     2
176
     1
 72
     2
176
     1
 73
     3
176
     1
 90
        0
176
     1
 40
0.6
176
     1
 41
30.0
176
     1
 62
     5
 63
     8
421
  8421504
176
     1
 74
     1
176
     1
 91
        4
176
     1
 64
     7
176
     1
 65
   257
176
     1
 75
     1
176
     1
175
     1
176
     1
 42
1.0
176
     1
 92
        8
176
     1
 66
     8
424
  8421504
176
     1
 43
1.0
176
     1
 76
     1
176
     1
 77
     6
176
     1
 78
     2
176
     1
 67
     7
176
     1
 79
     5
176
     1
170
     0
176
     1
171
     0
176
     1
290
     0
176
     1
 93
        1
176
     1
 44
0.0
176
     1
173
     0
176
     1
  0
VISUALSTYLE
  5
34
102
{ACAD_REACTORS
330
2A
102
}
102
{ACAD_XDICTIONARY
360
681
102
}
330
2A
100
AcDbVisualStyle
  2
Conceptual
 70
     9
177
     2
291
     0
 71
     3
176
     1
 72
     2
176
     1
 73
     0
176
     1
 90
        0
176
     1
 40
0.6
176
     1
 41
30.0
176
     1
 62
     5
 63
     7
421
 16777215
176
     1
 74
     2
176
     1
 91
        2
176
     1
 64
     7
176
     1
 65
   257
176
     1
 75
     1
176
     1
175
     1
176
     1
 42
179.0
176
     1
 92
        8
176
     1
 66
     7
176
     1
 43
1.0
176
     1
 76
     1
176
     1
 77
     6
176
     1
 78
     2
176
     1
 67
     7
176
     1
 79
     3
176
     1
170
     0
176
     1
171
     0
176
     1
290
     0
176
     1
 93
        1
176
     1
 44
0.0
176
     1
173
     0
176
     1
  0
VISUALSTYLE
  5
35
102
{ACAD_REACTORS
330
2A
102
}
102
{ACAD_XDICTIONARY
360
683
102
}
330
2A
100
AcDbVisualStyle
  2
Dim
 70
    11
177
     2
291
     1
 71
     2
176
     1
 72
     2
176
     1
 73
     0
176
     1
 90
        0
176
     1
 40
0.6
176
     1
 41
30.0
176
     1
 62
     5
 63
     7
421
 16777215
176
     1
 74
     1
176
     1
 91
        4
176
     1
 64
     7
176
     1
 65
   257
176
     1
 75
     1
176
     1
175
     1
176
     1
 42
1.0
176
     1
 92
        8
176
     1
 66
     7
176
     1
 43
1.0
176
     1
 76
     1
176
     1
 77
     6
176
     1
 78
     2
176
     1
 67
     7
176
     1
 79
     5
176
     1
170
     0
176
     1
171
     0
176
     1
290
     0
176
     1
 93
        1
176
     1
 44
-50.0
176
     1
173
     0
176
     1
  0
VISUALSTYLE
  5
3D
102
{ACAD_REACTORS
330
2A
102
}
102
{ACAD_XDICTIONARY
360
693
102
}
330
2A
100
AcDbVisualStyle
  2
EdgeColorOff
 70
    22
177
     2
291
     1
 71
     2
176
     0
 72
     2
176
     0
 73
     0
176
     0
 90
        0
176
     0
 40
0.6
176
     0
 41
30.0
176
     0
 62
     5
 63
     7
421
 16777215
176
     0
 74
     1
176
     0
 91
        4
176
     0
 64
     7
176
     0
 65
   257
176
     0
 75
     1
176
     0
175
     1
176
     0
 42
1.0
176
     0
 92
        8
176
     2
 66
     7
176
     0
 43
1.0
176
     0
 76
     1
176
     0
 77
     6
176
     0
 78
     2
176
     0
 67
     7
176
     0
 79
     5
176
     0
170
     0
176
     0
171
     0
176
     0
290
     0
176
     0
 93
        1
176
     0
 44
0.0
176
     0
173
     0
176
     0
  0
VISUALSTYLE
  5
39
102
{ACAD_REACTORS
330
2A
102
}
102
{ACAD_XDICTIONARY
360
68B
102
}
330
2A
100
AcDbVisualStyle
  2
Facepattern
 70
    15
177
     2
291
     1
 71
     2
176
     1
 72
     2
176
     1
 73
     0
176
     1
 90
        0
176
     1
 40
0.6
176
     1
 41
30.0
176
     1
 62
     5
 63
     7
421
 16777215
176
     1
 74
     1
176
     1
 91
        4
176
     1
 64
     7
176
     1
 65
   257
176
     1
 75
     1
176
     1
175
     1
176
     1
 42
1.0
176
     1
 92
        8
176
     1
 66
     7
176
     1
 43
1.0
176
     1
 76
     1
176
     1
 77
     6
176
     1
 78
     2
176
     1
 67
     7
176
     1
 79
     5
176
     1
170
     0
176
     1
171
     0
176
     1
290
     0
176
     1
 93
        1
176
     1
 44
0.0
176
     1
173
     0
176
     1
  0
VISUALSTYLE
  5
2B
102
{ACAD_REACTORS
330
2A
102
}
102
{ACAD_XDICTIONARY
360
66F
102
}
330
2A
100
AcDbVisualStyle
  2
Flat
 70
     0
177
     2
291
     1
 71
     2
176
     1
 72
     1
176
     1
 73
     1
176
     1
 90
        2
176
     1
 40
0.6
176
     1
 41
30.0
176
     1
 62
     5
 63
     7
421
 16777215
176
     1
 74
     0
176
     1
 91
        0
176
     1
 64
     7
176
     1
 65
   257
176
     1
 75
     1
176
     1
175
     1
176
     1
 42
1.0
176
     1
 92
        8
176
     1
 66
     7
176
     1
 43
1.0
176
     1
 76
     1
176
     1
 77
     6
176
     1
 78
     2
176
     1
 67
     7
176
     1
 79
     5
176
     1
170
     0
176
     1
171
     0
176
     1
290
     0
176
     1
 93
       13
176
     1
 44
0.0
176
     1
173
     0
176
     1
  0
VISUALSTYLE
  5
2C
102
{ACAD_REACTORS
330
2A
102
}
102
{ACAD_XDICTIONARY
360
671
102
}
330
2A
100
AcDbVisualStyle
  2
FlatWithEdges
 70
     1
177
     2
291
     1
 71
     2
176
     1
 72
     1
176
     1
 73
     1
176
     1
 90
        2
176
     1
 40
0.6
176
     1
 41
30.0
176
     1
 62
     5
 63
     7
421
 16777215
176
     1
 74
     1
176
     1
 91
        0
176
     1
 64
     7
176
     1
 65
   257
176
     1
 75
     1
176
     1
175
     1
176
     1
 42
1.0
176
     1
 92
        0
176
     1
 66
   257
176
     1
 43
1.0
176
     1
 76
     1
176
     1
 77
     6
176
     1
 78
     2
176
     1
 67
     7
176
     1
 79
     5
176
     1
170
     0
176
     1
171
     0
176
     1
290
     0
176
     1
 93
       13
176
     1
 44
0.0
176
     1
173
     0
176
     1
  0
VISUALSTYLE
  5
2D
102
{ACAD_REACTORS
330
2A
102
}
102
{ACAD_XDICTIONARY
360
673
102
}
330
2A
100
AcDbVisualStyle
  2
Gouraud
 70
     2
177
     2
291
     1
 71
     2
176
     1
 72
     2
176
     1
 73
     1
176
     1
 90
        2
176
     1
 40
0.6
176
     1
 41
30.0
176
     1
 62
     5
 63
     7
421
 16777215
176
     1
 74
     0
176
     1
 91
        0
176
     1
 64
     7
176
     1
 65
   257
176
     1
 75
     1
176
     1
175
     1
176
     1
 42
1.0
176
     1
 92
        0
176
     1
 66
     7
176
     1
 43
1.0
176
     1
 76
     1
176
     1
 77
     6
176
     1
 78
     2
176
     1
 67
     7
176
     1
 79
     5
176
     1
170
     0
176
     1
171
     0
176
     1
290
     0
176
     1
 93
       13
176
     1
 44
0.0
176
     1
173
     0
176
     1
  0
VISUALSTYLE
  5
2E
102
{ACAD_REACTORS
330
2A
102
}
102
{ACAD_XDICTIONARY
360
675
102
}
330
2A
100
AcDbVisualStyle
  2
GouraudWithEdges
 70
     3
177
     2
291
     1
 71
     2
176
     1
 72
     2
176
     1
 73
     1
176
     1
 90
        2
176
     1
 40
0.6
176
     1
 41
30.0
176
     1
 62
     5
 63
     7
421
 16777215
176
     1
 74
     1
176
     1
 91
        0
176
     1
 64
     7
176
     1
 65
   257
176
     1
 75
     1
176
     1
175
     1
176
     1
 42
1.0
176
     1
 92
        0
176
     1
 66
   257
176
     1
 43
1.0
176
     1
 76
     1
176
     1
 77
     6
176
     1
 78
     2
176
     1
 67
     7
176
     1
 79
     5
176
     1
170
     0
176
     1
171
     0
176
     1
290
     0
176
     1
 93
       13
176
     1
 44
0.0
176
     1
173
     0
176
     1
  0
VISUALSTYLE
  5
31
102
{ACAD_REACTORS
330
2A
102
}
102
{ACAD_XDICTIONARY
360
67B
102
}
330
2A
100
AcDbVisualStyle
  2
Hidden
 70
     6
177
     2
291
     0
 71
     1
176
     1
 72
     2
176
     1
 73
     2
176
     1
 90
        0
176
     1
 40
0.6
176
     1
 41
30.0
176
     1
 62
     5
 63
     7
421
 16777215
176
     1
 74
     2
176
     1
 91
        2
176
     1
 64
     7
176
     1
 65
   257
176
     1
 75
     2
176
     1
175
     1
176
     1
 42
40.0
176
     1
 92
        0
176
     1
 66
   257
176
     1
 43
1.0
176
     1
 76
     1
176
     1
 77
     6
176
     1
 78
     2
176
     1
 67
     7
176
     1
 79
     3
176
     1
170
     0
176
     1
171
     0
176
     1
290
     0
176
     1
 93
        1
176
     1
 44
0.0
176
     1
173
     0
176
     1
  0
VISUALSTYLE
  5
3B
102
{ACAD_REACTORS
330
2A
102
}
102
{ACAD_XDICTIONARY
360
68F
102
}
330
2A
100
AcDbVisualStyle
  2
JitterOff
 70
    20
177
     2
291
     1
 71
     2
176
     0
 72
     2
176
     0
 73
     0
176
     0
 90
        0
176
     0
 40
0.6
176
     0
 41
30.0
176
     0
 62
     5
 63
     7
421
 16777215
176
     0
 74
     1
176
     0
 91
        4
176
     0
 64
     7
176
     0
 65
   257
176
     0
 75
     1
176
     0
175
     1
176
     0
 42
1.0
176
     0
 92
       10
176
     2
 66
     7
176
     0
 43
1.0
176
     0
 76
     1
176
     0
 77
     6
176
     0
 78
     2
176
     0
 67
     7
176
     0
 79
     5
176
     0
170
     0
176
     0
171
     0
176
     0
290
     0
176
     0
 93
        1
176
     0
 44
0.0
176
     0
173
     0
176
     0
  0
VISUALSTYLE
  5
38
102
{ACAD_REACTORS
330
2A
102
}
102
{ACAD_XDICTIONARY
360
689
102
}
330
2A
100
AcDbVisualStyle
  2
Linepattern
 70
    14
177
     2
291
     1
 71
     2
176
     1
 72
     2
176
     1
 73
     0
176
     1
 90
        0
176
     1
 40
0.6
176
     1
 41
30.0
176
     1
 62
     5
 63
     7
421
 16777215
176
     1
 74
     1
176
     1
 91
        4
176
     1
 64
     7
176
     1
 65
   257
176
     1
 75
     7
176
     1
175
     7
176
     1
 42
1.0
176
     1
 92
        8
176
     1
 66
     7
176
     1
 43
1.0
176
     1
 76
     1
176
     1
 77
     6
176
     1
 78
     2
176
     1
 67
     7
176
     1
 79
     5
176
     1
170
     0
176
     1
171
     0
176
     1
290
     0
176
     1
 93
        1
176
     1
 44
0.0
176
     1
173
     0
176
     1
  0
VISUALSTYLE
  5
3C
102
{ACAD_REACTORS
330
2A
102
}
102
{ACAD_XDICTIONARY
360
691
102
}
330
2A
100
AcDbVisualStyle
  2
OverhangOff
 70
    21
177
     2
291
     1
 71
     2
176
     0
 72
     2
176
     0
 73
     0
176
     0
 90
        0
176
     0
 40
0.6
176
     0
 41
30.0
176
     0
 62
     5
 63
     7
421
 16777215
176
     0
 74
     1
176
     0
 91
        4
176
     0
 64
     7
176
     0
 65
   257
176
     0
 75
     1
176
     0
175
     1
176
     0
 42
1.0
176
     0
 92
        9
176
     2
 66
     7
176
     0
 43
1.0
176
     0
 76
     1
176
     0
 77
     6
176
     0
 78
     2
176
     0
 67
     7
176
     0
 79
     5
176
     0
170
     0
176
     0
171
     0
176
     0
290
     0
176
     0
 93
        1
176
     0
 44
0.0
176
     0
173
     0
176
     0
  0
VISUALSTYLE
  5
33
102
{ACAD_REACTORS
330
2A
102
}
102
{ACAD_XDICTIONARY
360
67F
102
}
330
2A
100
AcDbVisualStyle
  2
Realistic
 70
     8
177
     2
291
     0
 71
     2
176
     1
 72
     3
176
     1
 73
     0
176
     1
 90
        2
176
     1
 40
0.6
176
     1
 41
30.0
176
     1
 62
     5
 63
     7
421
 16777215
176
     1
 74
     0
176
     1
 91
        0
176
     1
 64
     7
176
     1
 65
   257
176
     1
 75
     1
176
     1
175
     1
176
     1
 42
1.0
176
     1
 92
        8
176
     1
 66
   257
176
     1
 43
1.0
176
     1
 76
     1
176
     1
 77
     6
176
     1
 78
     2
176
     1
 67
     7
176
     1
 79
     3
176
     1
170
     0
176
     1
171
     0
176
     1
290
     0
176
     1
 93
       13
176
     1
 44
0.0
176
     1
173
     0
176
     1
  0
VISUALSTYLE
  5
42
102
{ACAD_REACTORS
330
2A
102
}
102
{ACAD_XDICTIONARY
360
69D
102
}
330
2A
100
AcDbVisualStyle
  2
Shaded
 70
    27
177
     2
291
     0
 71
     2
176
     1
 72
     2
176
     1
 73
     1
176
     1
 90
        2
176
     1
 40
0.6
176
     1
 41
30.0
176
     1
 62
     5
 63
     7
421
 16777215
176
     1
 74
     0
176
     1
 91
        4
176
     1
 64
     7
176
     1
 65
   257
176
     1
 75
     1
176
     1
175
     1
176
     1
 42
1.0
176
     1
 92
        8
176
     1
 66
   257
176
     1
 43
1.0
176
     1
 76
     1
176
     1
 77
     6
176
     1
 78
     2
176
     1
 67
     8
425
  7895160
176
     1
 79
     3
176
     1
170
     0
176
     1
171
     0
176
     1
290
     0
176
     1
 93
        5
176
     1
 44
0.0
176
     1
173
     0
176
     1
  0
VISUALSTYLE
  5
41
102
{ACAD_REACTORS
330
2A
102
}
102
{ACAD_XDICTIONARY
360
69B
102
}
330
2A
100
AcDbVisualStyle
  2
Shaded with edges
 70
    26
177
     2
291
     0
 71
     2
176
     1
 72
     2
176
     1
 73
     1
176
     1
 90
        2
176
     1
 40
0.6
176
     1
 41
30.0
176
     1
 62
     5
 63
     7
421
 16777215
176
     1
 74
     1
176
     1
 91
       10
176
     1
 64
     7
176
     1
 65
   257
176
     1
 75
     2
176
     1
175
     1
176
     1
 42
1.0
176
     1
 92
        8
176
     1
 66
   257
176
     1
 43
1.0
176
     1
 76
     1
176
     1
 77
     6
176
     1
 78
     2
176
     1
 67
     7
176
     1
 79
     3
176
     1
170
     0
176
     1
171
     0
176
     1
290
     0
176
     1
 93
        5
176
     1
 44
0.0
176
     1
173
     0
176
     1
  0
VISUALSTYLE
  5
3E
102
{ACAD_REACTORS
330
2A
102
}
102
{ACAD_XDICTIONARY
360
695
102
}
330
2A
100
AcDbVisualStyle
  2
Shades of Gray
 70
    23
177
     2
291
     0
 71
     2
176
     1
 72
     2
176
     1
 73
     3
176
     1
 90
        0
176
     1
 40
0.6
176
     1
 41
30.0
176
     1
 62
     5
 63
     7
421
 16777215
176
     1
 74
     2
176
     1
 91
        2
176
     1
 64
     7
176
     1
 65
     7
176
     1
 75
     1
176
     1
175
     1
176
     1
 42
40.0
176
     1
 92
        8
176
     1
 66
     7
176
     1
 43
1.0
176
     1
 76
     1
176
     1
 77
     6
176
     1
 78
     2
176
     1
 67
     7
176
     1
 79
     3
176
     1
170
     0
176
     1
171
     0
176
     1
290
     0
176
     1
 93
        1
176
     1
 44
0.0
176
     1
173
     0
176
     1
  0
VISUALSTYLE
  5
3F
102
{ACAD_REACTORS
330
2A
102
}
102
{ACAD_XDICTIONARY
360
697
102
}
330
2A
100
AcDbVisualStyle
  2
Sketchy
 70
    24
177
     2
291
     0
 71
     1
176
     1
 72
     2
176
     1
 73
     2
176
     1
 90
        0
176
     1
 40
0.6
176
     1
 41
30.0
176
     1
 62
     5
 63
     7
421
 16777215
176
     1
 74
     2
176
     1
 91
        2
176
     1
 64
     7
176
     1
 65
     7
176
     1
 75
     1
176
     1
175
     1
176
     1
 42
40.0
176
     1
 92
       11
176
     1
 66
     7
176
     1
 43
1.0
176
     1
 76
     1
176
     1
 77
     6
176
     1
 78
     2
176
     1
 67
     7
176
     1
 79
     6
176
     1
170
     0
176
     1
171
     0
176
     1
290
     0
176
     1
 93
        1
176
     1
 44
0.0
176
     1
173
     0
176
     1
  0
VISUALSTYLE
  5
37
102
{ACAD_REACTORS
330
2A
102
}
102
{ACAD_XDICTIONARY
360
687
102
}
330
2A
100
AcDbVisualStyle
  2
Thicken
 70
    13
177
     2
291
     1
 71
     2
176
     1
 72
     2
176
     1
 73
     0
176
     1
 90
        0
176
     1
 40
0.6
176
     1
 41
30.0
176
     1
 62
     5
 63
     7
421
 16777215
176
     1
 74
     1
176
     1
 91
        4
176
     1
 64
     7
176
     1
 65
   257
176
     1
 75
     1
176
     1
175
     1
176
     1
 42
1.0
176
     1
 92
       12
176
     1
 66
     7
176
     1
 43
1.0
176
     1
 76
     1
176
     1
 77
     6
176
     1
 78
     2
176
     1
 67
     7
176
     1
 79
     5
176
     1
170
     0
176
     1
171
     0
176
     1
290
     0
176
     1
 93
        1
176
     1
 44
0.0
176
     1
173
     0
176
     1
  0
VISUALSTYLE
  5
30
102
{ACAD_REACTORS
330
2A
102
}
102
{ACAD_XDICTIONARY
360
679
102
}
330
2A
100
AcDbVisualStyle
  2
Wireframe
 70
     5
177
     2
291
     0
 71
     0
176
     1
 72
     2
176
     1
 73
     0
176
     1
 90
        0
176
     1
 40
0.6
176
     1
 41
30.0
176
     1
 62
     5
 63
     7
421
 16777215
176
     1
 74
     1
176
     1
 91
        4
176
     1
 64
     7
176
     1
 65
   257
176
     1
 75
     1
176
     1
175
     1
176
     1
 42
1.0
176
     1
 92
        0
176
     1
 66
   257
176
     1
 43
1.0
176
     1
 76
     1
176
     1
 77
     6
176
     1
 78
     2
176
     1
 67
     7
176
     1
 79
     3
176
     1
170
     0
176
     1
171
     0
176
     1
290
     0
176
     1
 93
        1
176
     1
 44
0.0
176
     1
173
     0
176
     1
  0
VISUALSTYLE
  5
40
102
{ACAD_REACTORS
330
2A
102
}
102
{ACAD_XDICTIONARY
360
699
102
}
330
2A
100
AcDbVisualStyle
  2
X-Ray
 70
    25
177
     2
291
     0
 71
     2
176
     1
 72
     2
176
     1
 73
     1
176
     1
 90
        1
176
     1
 40
0.5
176
     1
 41
30.0
176
     1
 62
     5
 63
     7
421
 16777215
176
     1
 74
     1
176
     1
 91
        0
176
     1
 64
     7
176
     1
 65
   257
176
     1
 75
     1
176
     1
175
     1
176
     1
 42
1.0
176
     1
 92
        8
176
     1
 66
     7
176
     1
 43
1.0
176
     1
 76
     1
176
     1
 77
     6
176
     1
 78
     2
176
     1
 67
     7
176
     1
 79
     3
176
     1
170
     0
176
     1
171
     0
176
     1
290
     0
176
     1
 93
       13
176
     1
 44
0.0
176
     1
173
     0
176
     1
  0
DICTIONARYVAR
  5
66E
102
{ACAD_REACTORS
330
66D
102
}
330
66D
100
DictionaryVariables
280
     0
  1
1:1
  0
DICTIONARYVAR
  5
6A3
102
{ACAD_REACTORS
330
66D
102
}
330
66D
100
DictionaryVariables
280
     0
  1
Standard
  0
DICTIONARYVAR
  5
6A2
102
{ACAD_REACTORS
330
66D
102
}
330
66D
100
DictionaryVariables
280
     0
  1
Standard
  0
DICTIONARY
  5
69F
330
6A
100
AcDbDictionary
280
     1
281
     1
  3
ACAD_ROUNDTRIP_2008_TABLESTYLE_CELLSTYLEMAP
360
6A0
  0
DICTIONARY
  5
677
330
2F
100
AcDbDictionary
280
     1
281
     1
  3
ACAD_XREC_ROUNDTRIP
360
678
  0
DICTIONARY
  5
67D
330
32
100
AcDbDictionary
280
     1
281
     1
  3
ACAD_XREC_ROUNDTRIP
360
67E
  0
DICTIONARY
  5
685
330
36
100
AcDbDictionary
280
     1
281
     1
  3
ACAD_XREC_ROUNDTRIP
360
686
  0
DICTIONARY
  5
68D
330
3A
100
AcDbDictionary
280
     1
281
     1
  3
ACAD_XREC_ROUNDTRIP
360
68E
  0
DICTIONARY
  5
681
330
34
100
AcDbDictionary
280
     1
281
     1
  3
ACAD_XREC_ROUNDTRIP
360
682
  0
DICTIONARY
  5
683
330
35
100
AcDbDictionary
280
     1
281
     1
  3
ACAD_XREC_ROUNDTRIP
360
684
  0
DICTIONARY
  5
693
330
3D
100
AcDbDictionary
280
     1
281
     1
  3
ACAD_XREC_ROUNDTRIP
360
694
  0
DICTIONARY
  5
68B
330
39
100
AcDbDictionary
280
     1
281
     1
  3
ACAD_XREC_ROUNDTRIP
360
68C
  0
DICTIONARY
  5
66F
330
2B
100
AcDbDictionary
280
     1
281
     1
  3
ACAD_XREC_ROUNDTRIP
360
670
  0
DICTIONARY
  5
671
330
2C
100
AcDbDictionary
280
     1
281
     1
  3
ACAD_XREC_ROUNDTRIP
360
672
  0
DICTIONARY
  5
673
330
2D
100
AcDbDictionary
280
     1
281
     1
  3
ACAD_XREC_ROUNDTRIP
360
674
  0
DICTIONARY
  5
675
330
2E
100
AcDbDictionary
280
     1
281
     1
  3
ACAD_XREC_ROUNDTRIP
360
676
  0
DICTIONARY
  5
67B
330
31
100
AcDbDictionary
280
     1
281
     1
  3
ACAD_XREC_ROUNDTRIP
360
67C
  0
DICTIONARY
  5
68F
330
3B
100
AcDbDictionary
280
     1
281
     1
  3
ACAD_XREC_ROUNDTRIP
360
690
  0
DICTIONARY
  5
689
330
38
100
AcDbDictionary
280
     1
281
     1
  3
ACAD_XREC_ROUNDTRIP
360
68A
  0
DICTIONARY
  5
691
330
3C
100
AcDbDictionary
280
     1
281
     1
  3
ACAD_XREC_ROUNDTRIP
360
692
  0
DICTIONARY
  5
67F
330
33
100
AcDbDictionary
280
     1
281
     1
  3
ACAD_XREC_ROUNDTRIP
360
680
  0
DICTIONARY
  5
69D
330
42
100
AcDbDictionary
280
     1
281
     1
  3
ACAD_XREC_ROUNDTRIP
360
69E
  0
DICTIONARY
  5
69B
330
41
100
AcDbDictionary
280
     1
281
     1
  3
ACAD_XREC_ROUNDTRIP
360
69C
  0
DICTIONARY
  5
695
330
3E
100
AcDbDictionary
280
     1
281
     1
  3
ACAD_XREC_ROUNDTRIP
360
696
  0
DICTIONARY
  5
697
330
3F
100
AcDbDictionary
280
     1
281
     1
  3
ACAD_XREC_ROUNDTRIP
360
698
  0
DICTIONARY
  5
687
330
37
100
AcDbDictionary
280
     1
281
     1
  3
ACAD_XREC_ROUNDTRIP
360
688
  0
DICTIONARY
  5
679
330
30
100
AcDbDictionary
280
     1
281
     1
  3
ACAD_XREC_ROUNDTRIP
360
67A
  0
DICTIONARY
  5
699
330
40
100
AcDbDictionary
280
     1
281
     1
  3
ACAD_XREC_ROUNDTRIP
360
69A
  0
CELLSTYLEMAP
  5
6A0
102
{ACAD_REACTORS
330
69F
102
}
330
69F
100
AcDbCellStyleMap
 90
        3
300
CELLSTYLE
  1
TABLEFORMAT_BEGIN
 90
        5
170
     1
 91
        0
 92
    32768
 62
   257
 93
        1
300
CONTENTFORMAT
  1
CONTENTFORMAT_BEGIN
 90
        0
 91
        0
 92
        4
 93
        0
300

 40
0.0
140
1.0
 94
        5
 62
     0
340
11
144
0.25
309
CONTENTFORMAT_END
171
     1
301
MARGIN
  1
CELLMARGIN_BEGIN
 40
0.06
 40
0.06
 40
0.06
 40
0.06
 40
0.06
 40
0.06
309
CELLMARGIN_END
 94
        6
 95
        1
302
GRIDFORMAT
  1
GRIDFORMAT_BEGIN
 90
        0
 91
        1
 62
     0
 92
       -2
340
14
 93
        0
 40
0.045
309
GRIDFORMAT_END
 95
        2
302
GRIDFORMAT
  1
GRIDFORMAT_BEGIN
 90
        0
 91
        1
 62
     0
 92
       -2
340
14
 93
        0
 40
0.045
309
GRIDFORMAT_END
 95
        4
302
GRIDFORMAT
  1
GRIDFORMAT_BEGIN
 90
        0
 91
        1
 62
     0
 92
       -2
340
14
 93
        0
 40
0.045
309
GRIDFORMAT_END
 95
        8
302
GRIDFORMAT
  1
GRIDFORMAT_BEGIN
 90
        0
 91
        1
 62
     0
 92
       -2
340
14
 93
        0
 40
0.045
309
GRIDFORMAT_END
 95
       16
302
GRIDFORMAT
  1
GRIDFORMAT_BEGIN
 90
        0
 91
        1
 62
     0
 92
       -2
340
14
 93
        0
 40
0.045
309
GRIDFORMAT_END
 95
       32
302
GRIDFORMAT
  1
GRIDFORMAT_BEGIN
 90
        0
 91
        1
 62
     0
 92
       -2
340
14
 93
        0
 40
0.045
309
GRIDFORMAT_END
309
TABLEFORMAT_END
  1
CELLSTYLE_BEGIN
 90
        1
 91
        1
300
_TITLE
309
CELLSTYLE_END
300
CELLSTYLE
  1
TABLEFORMAT_BEGIN
 90
        5
170
     1
 91
        0
 92
        0
 62
   257
 93
        1
300
CONTENTFORMAT
  1
CONTENTFORMAT_BEGIN
 90
        0
 91
        0
 92
        4
 93
        0
300

 40
0.0
140
1.0
 94
        5
 62
     0
340
11
144
0.18
309
CONTENTFORMAT_END
171
     1
301
MARGIN
  1
CELLMARGIN_BEGIN
 40
0.06
 40
0.06
 40
0.06
 40
0.06
 40
0.06
 40
0.06
309
CELLMARGIN_END
 94
        6
 95
        1
302
GRIDFORMAT
  1
GRIDFORMAT_BEGIN
 90
        0
 91
        1
 62
     0
 92
       -2
340
14
 93
        0
 40
0.045
309
GRIDFORMAT_END
 95
        2
302
GRIDFORMAT
  1
GRIDFORMAT_BEGIN
 90
        0
 91
        1
 62
     0
 92
       -2
340
14
 93
        0
 40
0.045
309
GRIDFORMAT_END
 95
        4
302
GRIDFORMAT
  1
GRIDFORMAT_BEGIN
 90
        0
 91
        1
 62
     0
 92
       -2
340
14
 93
        0
 40
0.045
309
GRIDFORMAT_END
 95
        8
302
GRIDFORMAT
  1
GRIDFORMAT_BEGIN
 90
        0
 91
        1
 62
     0
 92
       -2
340
14
 93
        0
 40
0.045
309
GRIDFORMAT_END
 95
       16
302
GRIDFORMAT
  1
GRIDFORMAT_BEGIN
 90
        0
 91
        1
 62
     0
 92
       -2
340
14
 93
        0
 40
0.045
309
GRIDFORMAT_END
 95
       32
302
GRIDFORMAT
  1
GRIDFORMAT_BEGIN
 90
        0
 91
        1
 62
     0
 92
       -2
340
14
 93
        0
 40
0.045
309
GRIDFORMAT_END
309
TABLEFORMAT_END
  1
CELLSTYLE_BEGIN
 90
        2
 91
        1
300
_HEADER
309
CELLSTYLE_END
300
CELLSTYLE
  1
TABLEFORMAT_BEGIN
 90
        5
170
     1
 91
        0
 92
        0
 62
   257
 93
        1
300
CONTENTFORMAT
  1
CONTENTFORMAT_BEGIN
 90
        0
 91
        0
 92
        4
 93
        0
300

 40
0.0
140
1.0
 94
        2
 62
     0
340
11
144
0.18
309
CONTENTFORMAT_END
171
     1
301
MARGIN
  1
CELLMARGIN_BEGIN
 40
0.06
 40
0.06
 40
0.06
 40
0.06
 40
0.06
 40
0.06
309
CELLMARGIN_END
 94
        6
 95
        1
302
GRIDFORMAT
  1
GRIDFORMAT_BEGIN
 90
        0
 91
        1
 62
     0
 92
       -2
340
14
 93
        0
 40
0.045
309
GRIDFORMAT_END
 95
        2
302
GRIDFORMAT
  1
GRIDFORMAT_BEGIN
 90
        0
 91
        1
 62
     0
 92
       -2
340
14
 93
        0
 40
0.045
309
GRIDFORMAT_END
 95
        4
302
GRIDFORMAT
  1
GRIDFORMAT_BEGIN
 90
        0
 91
        1
 62
     0
 92
       -2
340
14
 93
        0
 40
0.045
309
GRIDFORMAT_END
 95
        8
302
GRIDFORMAT
  1
GRIDFORMAT_BEGIN
 90
        0
 91
        1
 62
     0
 92
       -2
340
14
 93
        0
 40
0.045
309
GRIDFORMAT_END
 95
       16
302
GRIDFORMAT
  1
GRIDFORMAT_BEGIN
 90
        0
 91
        1
 62
     0
 92
       -2
340
14
 93
        0
 40
0.045
309
GRIDFORMAT_END
 95
       32
302
GRIDFORMAT
  1
GRIDFORMAT_BEGIN
 90
        0
 91
        1
 62
     0
 92
       -2
340
14
 93
        0
 40
0.045
309
GRIDFORMAT_END
309
TABLEFORMAT_END
  1
CELLSTYLE_BEGIN
 90
        3
 91
        2
300
_DATA
309
CELLSTYLE_END
  0
XRECORD
  5
678
102
{ACAD_REACTORS
330
677
102
}
330
677
100
AcDbXrecord
280
     1
102
RTVSPost2010Prop28
280
     1
102
RTVSPost2010PropOp28
 70
     1
102
RTVSPost2010Prop29
280
     1
102
RTVSPost2010PropOp29
 70
     1
102
RTVSPost2010Prop30
280
     0
102
RTVSPost2010PropOp30
 70
     1
102
RTVSPost2010Prop31
280
     0
102
RTVSPost2010PropOp31
 70
     1
102
RTVSPost2010Prop32
280
     0
102
RTVSPost2010PropOp32
 70
     1
102
RTVSPost2010Prop33
280
     0
102
RTVSPost2010PropOp33
 70
     1
102
RTVSPost2010Prop34
280
     0
102
RTVSPost2010PropOp34
 70
     1
102
RTVSPost2010Prop35
280
     0
102
RTVSPost2010PropOp35
 70
     1
102
RTVSPost2010Prop36
280
     0
102
RTVSPost2010PropOp36
 70
     1
102
RTVSPost2010Prop37
 90
       50
102
RTVSPost2010PropOp37
 70
     1
102
RTVSPost2010Prop38
140
0.0
102
RTVSPost2010PropOp38
 70
     1
102
RTVSPost2010Prop39
140
1.0
102
RTVSPost2010PropOp39
 70
     1
102
RTVSPost2010Prop40
 90
        0
102
RTVSPost2010PropOp40
 70
     1
102
RTVSPost2010Prop41ColorIndex
 90
       18
102
RTVSPost2010Prop41ColorRGB
 90
        0
102
RTVSPost2010PropOp41
 70
     1
102
RTVSPost2010Prop42
 90
       50
102
RTVSPost2010PropOp42
 70
     1
102
RTVSPost2010Prop43
 90
        3
102
RTVSPost2010PropOp43
 70
     1
102
RTVSPost2010Prop44ColorIndex
 90
        5
102
RTVSPost2010Prop44ColorRGB
 90
      255
102
RTVSPost2010PropOp44
 70
     1
102
RTVSPost2010Prop45
280
     0
102
RTVSPost2010PropOp45
 70
     1
102
RTVSPost2010Prop46
 90
       50
102
RTVSPost2010PropOp46
 70
     1
102
RTVSPost2010Prop47
 90
       50
102
RTVSPost2010PropOp47
 70
     1
102
RTVSPost2010Prop48
 90
       50
102
RTVSPost2010PropOp48
 70
     1
102
RTVSPost2010Prop49
280
     0
102
RTVSPost2010PropOp49
 70
     1
102
RTVSPost2010Prop50
 90
       50
102
RTVSPost2010PropOp50
 70
     1
102
RTVSPost2010Prop51ColorIndex
 90
      256
102
RTVSPost2010Prop51ColorRGB
 90
-16777216
102
RTVSPost2010PropOp51
 70
     0
102
RTVSPost2010Prop52
140
1.0
102
RTVSPost2010PropOp52
 70
     0
102
RTVSPost2010Prop53
 90
        2
102
RTVSPost2010PropOp53
 70
     1
102
RTVSPost2010Prop54
  1
strokes_ogs.tif
102
RTVSPost2010PropOp54
 70
     1
102
RTVSPost2010Prop55
280
     0
102
RTVSPost2010PropOp55
 70
     1
102
RTVSPost2010Prop56
140
1.0
102
RTVSPost2010PropOp56
 70
     1
102
RTVSPost2010Prop57
140
1.0
102
RTVSPost2010PropOp57
 70
     1
  0
XRECORD
  5
67E
102
{ACAD_REACTORS
330
67D
102
}
330
67D
100
AcDbXrecord
280
     1
102
RTVSPost2010Prop28
280
     0
102
RTVSPost2010PropOp28
 70
     1
102
RTVSPost2010Prop29
280
     1
102
RTVSPost2010PropOp29
 70
     1
102
RTVSPost2010Prop30
280
     1
102
RTVSPost2010PropOp30
 70
     1
102
RTVSPost2010Prop31
280
     0
102
RTVSPost2010PropOp31
 70
     1
102
RTVSPost2010Prop32
280
     0
102
RTVSPost2010PropOp32
 70
     1
102
RTVSPost2010Prop33
280
     0
102
RTVSPost2010PropOp33
 70
     1
102
RTVSPost2010Prop34
280
     0
102
RTVSPost2010PropOp34
 70
     1
102
RTVSPost2010Prop35
280
     0
102
RTVSPost2010PropOp35
 70
     1
102
RTVSPost2010Prop36
280
     0
102
RTVSPost2010PropOp36
 70
     1
102
RTVSPost2010Prop37
 90
       50
102
RTVSPost2010PropOp37
 70
     1
102
RTVSPost2010Prop38
140
0.0
102
RTVSPost2010PropOp38
 70
     1
102
RTVSPost2010Prop39
140
1.0
102
RTVSPost2010PropOp39
 70
     1
102
RTVSPost2010Prop40
 90
        0
102
RTVSPost2010PropOp40
 70
     1
102
RTVSPost2010Prop41ColorIndex
 90
       18
102
RTVSPost2010Prop41ColorRGB
 90
        0
102
RTVSPost2010PropOp41
 70
     1
102
RTVSPost2010Prop42
 90
       50
102
RTVSPost2010PropOp42
 70
     1
102
RTVSPost2010Prop43
 90
        3
102
RTVSPost2010PropOp43
 70
     1
102
RTVSPost2010Prop44ColorIndex
 90
        5
102
RTVSPost2010Prop44ColorRGB
 90
      255
102
RTVSPost2010PropOp44
 70
     1
102
RTVSPost2010Prop45
280
     0
102
RTVSPost2010PropOp45
 70
     1
102
RTVSPost2010Prop46
 90
       50
102
RTVSPost2010PropOp46
 70
     1
102
RTVSPost2010Prop47
 90
       50
102
RTVSPost2010PropOp47
 70
     1
102
RTVSPost2010Prop48
 90
       50
102
RTVSPost2010PropOp48
 70
     1
102
RTVSPost2010Prop49
280
     0
102
RTVSPost2010PropOp49
 70
     1
102
RTVSPost2010Prop50
 90
       50
102
RTVSPost2010PropOp50
 70
     1
102
RTVSPost2010Prop51ColorIndex
 90
      256
102
RTVSPost2010Prop51ColorRGB
 90
-16777216
102
RTVSPost2010PropOp51
 70
     0
102
RTVSPost2010Prop52
140
1.0
102
RTVSPost2010PropOp52
 70
     0
102
RTVSPost2010Prop53
 90
        2
102
RTVSPost2010PropOp53
 70
     1
102
RTVSPost2010Prop54
  1
strokes_ogs.tif
102
RTVSPost2010PropOp54
 70
     1
102
RTVSPost2010Prop55
280
     0
102
RTVSPost2010PropOp55
 70
     1
102
RTVSPost2010Prop56
140
1.0
102
RTVSPost2010PropOp56
 70
     1
102
RTVSPost2010Prop57
140
1.0
102
RTVSPost2010PropOp57
 70
     1
  0
XRECORD
  5
686
102
{ACAD_REACTORS
330
685
102
}
330
685
100
AcDbXrecord
280
     1
102
RTVSPost2010Prop28
280
     0
102
RTVSPost2010PropOp28
 70
     1
102
RTVSPost2010Prop29
280
     1
102
RTVSPost2010PropOp29
 70
     1
102
RTVSPost2010Prop30
280
     1
102
RTVSPost2010PropOp30
 70
     1
102
RTVSPost2010Prop31
280
     0
102
RTVSPost2010PropOp31
 70
     1
102
RTVSPost2010Prop32
280
     0
102
RTVSPost2010PropOp32
 70
     1
102
RTVSPost2010Prop33
280
     0
102
RTVSPost2010PropOp33
 70
     1
102
RTVSPost2010Prop34
280
     0
102
RTVSPost2010PropOp34
 70
     1
102
RTVSPost2010Prop35
280
     0
102
RTVSPost2010PropOp35
 70
     1
102
RTVSPost2010Prop36
280
     0
102
RTVSPost2010PropOp36
 70
     1
102
RTVSPost2010Prop37
 90
       50
102
RTVSPost2010PropOp37
 70
     1
102
RTVSPost2010Prop38
140
0.0
102
RTVSPost2010PropOp38
 70
     1
102
RTVSPost2010Prop39
140
1.0
102
RTVSPost2010PropOp39
 70
     1
102
RTVSPost2010Prop40
 90
        0
102
RTVSPost2010PropOp40
 70
     1
102
RTVSPost2010Prop41ColorIndex
 90
       18
102
RTVSPost2010Prop41ColorRGB
 90
        0
102
RTVSPost2010PropOp41
 70
     1
102
RTVSPost2010Prop42
 90
       50
102
RTVSPost2010PropOp42
 70
     1
102
RTVSPost2010Prop43
 90
        3
102
RTVSPost2010PropOp43
 70
     1
102
RTVSPost2010Prop44ColorIndex
 90
        5
102
RTVSPost2010Prop44ColorRGB
 90
      255
102
RTVSPost2010PropOp44
 70
     1
102
RTVSPost2010Prop45
280
     0
102
RTVSPost2010PropOp45
 70
     1
102
RTVSPost2010Prop46
 90
       50
102
RTVSPost2010PropOp46
 70
     1
102
RTVSPost2010Prop47
 90
       50
102
RTVSPost2010PropOp47
 70
     1
102
RTVSPost2010Prop48
 90
       50
102
RTVSPost2010PropOp48
 70
     1
102
RTVSPost2010Prop49
280
     0
102
RTVSPost2010PropOp49
 70
     1
102
RTVSPost2010Prop50
 90
       50
102
RTVSPost2010PropOp50
 70
     1
102
RTVSPost2010Prop51ColorIndex
 90
      256
102
RTVSPost2010Prop51ColorRGB
 90
-16777216
102
RTVSPost2010PropOp51
 70
     0
102
RTVSPost2010Prop52
140
1.0
102
RTVSPost2010PropOp52
 70
     0
102
RTVSPost2010Prop53
 90
        2
102
RTVSPost2010PropOp53
 70
     1
102
RTVSPost2010Prop54
  1
strokes_ogs.tif
102
RTVSPost2010PropOp54
 70
     1
102
RTVSPost2010Prop55
280
     0
102
RTVSPost2010PropOp55
 70
     1
102
RTVSPost2010Prop56
140
1.0
102
RTVSPost2010PropOp56
 70
     1
102
RTVSPost2010Prop57
140
1.0
102
RTVSPost2010PropOp57
 70
     1
  0
XRECORD
  5
68E
102
{ACAD_REACTORS
330
68D
102
}
330
68D
100
AcDbXrecord
280
     1
102
RTVSPost2010Prop28
280
     0
102
RTVSPost2010PropOp28
 70
     1
102
RTVSPost2010Prop29
280
     1
102
RTVSPost2010PropOp29
 70
     1
102
RTVSPost2010Prop30
280
     1
102
RTVSPost2010PropOp30
 70
     1
102
RTVSPost2010Prop31
280
     0
102
RTVSPost2010PropOp31
 70
     1
102
RTVSPost2010Prop32
280
     0
102
RTVSPost2010PropOp32
 70
     1
102
RTVSPost2010Prop33
280
     0
102
RTVSPost2010PropOp33
 70
     1
102
RTVSPost2010Prop34
280
     0
102
RTVSPost2010PropOp34
 70
     1
102
RTVSPost2010Prop35
280
     0
102
RTVSPost2010PropOp35
 70
     1
102
RTVSPost2010Prop36
280
     0
102
RTVSPost2010PropOp36
 70
     1
102
RTVSPost2010Prop37
 90
       50
102
RTVSPost2010PropOp37
 70
     1
102
RTVSPost2010Prop38
140
0.0
102
RTVSPost2010PropOp38
 70
     1
102
RTVSPost2010Prop39
140
1.0
102
RTVSPost2010PropOp39
 70
     1
102
RTVSPost2010Prop40
 90
        0
102
RTVSPost2010PropOp40
 70
     1
102
RTVSPost2010Prop41ColorIndex
 90
       18
102
RTVSPost2010Prop41ColorRGB
 90
        0
102
RTVSPost2010PropOp41
 70
     1
102
RTVSPost2010Prop42
 90
       50
102
RTVSPost2010PropOp42
 70
     1
102
RTVSPost2010Prop43
 90
        3
102
RTVSPost2010PropOp43
 70
     1
102
RTVSPost2010Prop44ColorIndex
 90
        5
102
RTVSPost2010Prop44ColorRGB
 90
      255
102
RTVSPost2010PropOp44
 70
     1
102
RTVSPost2010Prop45
280
     0
102
RTVSPost2010PropOp45
 70
     1
102
RTVSPost2010Prop46
 90
       50
102
RTVSPost2010PropOp46
 70
     1
102
RTVSPost2010Prop47
 90
       50
102
RTVSPost2010PropOp47
 70
     1
102
RTVSPost2010Prop48
 90
       50
102
RTVSPost2010PropOp48
 70
     1
102
RTVSPost2010Prop49
280
     0
102
RTVSPost2010PropOp49
 70
     1
102
RTVSPost2010Prop50
 90
       50
102
RTVSPost2010PropOp50
 70
     1
102
RTVSPost2010Prop51ColorIndex
 90
      256
102
RTVSPost2010Prop51ColorRGB
 90
-16777216
102
RTVSPost2010PropOp51
 70
     0
102
RTVSPost2010Prop52
140
1.0
102
RTVSPost2010PropOp52
 70
     0
102
RTVSPost2010Prop53
 90
        2
102
RTVSPost2010PropOp53
 70
     1
102
RTVSPost2010Prop54
  1
strokes_ogs.tif
102
RTVSPost2010PropOp54
 70
     1
102
RTVSPost2010Prop55
280
     0
102
RTVSPost2010PropOp55
 70
     1
102
RTVSPost2010Prop56
140
1.0
102
RTVSPost2010PropOp56
 70
     1
102
RTVSPost2010Prop57
140
1.0
102
RTVSPost2010PropOp57
 70
     1
  0
XRECORD
  5
682
102
{ACAD_REACTORS
330
681
102
}
330
681
100
AcDbXrecord
280
     1
102
RTVSPost2010Prop28
280
     0
102
RTVSPost2010PropOp28
 70
     1
102
RTVSPost2010Prop29
280
     1
102
RTVSPost2010PropOp29
 70
     1
102
RTVSPost2010Prop30
280
     1
102
RTVSPost2010PropOp30
 70
     1
102
RTVSPost2010Prop31
280
     0
102
RTVSPost2010PropOp31
 70
     1
102
RTVSPost2010Prop32
280
     0
102
RTVSPost2010PropOp32
 70
     1
102
RTVSPost2010Prop33
280
     0
102
RTVSPost2010PropOp33
 70
     1
102
RTVSPost2010Prop34
280
     0
102
RTVSPost2010PropOp34
 70
     1
102
RTVSPost2010Prop35
280
     0
102
RTVSPost2010PropOp35
 70
     1
102
RTVSPost2010Prop36
280
     0
102
RTVSPost2010PropOp36
 70
     1
102
RTVSPost2010Prop37
 90
       50
102
RTVSPost2010PropOp37
 70
     1
102
RTVSPost2010Prop38
140
0.0
102
RTVSPost2010PropOp38
 70
     1
102
RTVSPost2010Prop39
140
1.0
102
RTVSPost2010PropOp39
 70
     1
102
RTVSPost2010Prop40
 90
        0
102
RTVSPost2010PropOp40
 70
     1
102
RTVSPost2010Prop41ColorIndex
 90
       18
102
RTVSPost2010Prop41ColorRGB
 90
        0
102
RTVSPost2010PropOp41
 70
     1
102
RTVSPost2010Prop42
 90
       50
102
RTVSPost2010PropOp42
 70
     1
102
RTVSPost2010Prop43
 90
        3
102
RTVSPost2010PropOp43
 70
     1
102
RTVSPost2010Prop44ColorIndex
 90
        5
102
RTVSPost2010Prop44ColorRGB
 90
      255
102
RTVSPost2010PropOp44
 70
     1
102
RTVSPost2010Prop45
280
     0
102
RTVSPost2010PropOp45
 70
     1
102
RTVSPost2010Prop46
 90
       50
102
RTVSPost2010PropOp46
 70
     1
102
RTVSPost2010Prop47
 90
       50
102
RTVSPost2010PropOp47
 70
     1
102
RTVSPost2010Prop48
 90
       50
102
RTVSPost2010PropOp48
 70
     1
102
RTVSPost2010Prop49
280
     0
102
RTVSPost2010PropOp49
 70
     1
102
RTVSPost2010Prop50
 90
       50
102
RTVSPost2010PropOp50
 70
     1
102
RTVSPost2010Prop51ColorIndex
 90
      256
102
RTVSPost2010Prop51ColorRGB
 90
-16777216
102
RTVSPost2010PropOp51
 70
     0
102
RTVSPost2010Prop52
140
1.0
102
RTVSPost2010PropOp52
 70
     0
102
RTVSPost2010Prop53
 90
        2
102
RTVSPost2010PropOp53
 70
     1
102
RTVSPost2010Prop54
  1
strokes_ogs.tif
102
RTVSPost2010PropOp54
 70
     1
102
RTVSPost2010Prop55
280
     0
102
RTVSPost2010PropOp55
 70
     1
102
RTVSPost2010Prop56
140
1.0
102
RTVSPost2010PropOp56
 70
     1
102
RTVSPost2010Prop57
140
1.0
102
RTVSPost2010PropOp57
 70
     1
  0
XRECORD
  5
684
102
{ACAD_REACTORS
330
683
102
}
330
683
100
AcDbXrecord
280
     1
102
RTVSPost2010Prop28
280
     0
102
RTVSPost2010PropOp28
 70
     1
102
RTVSPost2010Prop29
280
     1
102
RTVSPost2010PropOp29
 70
     1
102
RTVSPost2010Prop30
280
     1
102
RTVSPost2010PropOp30
 70
     1
102
RTVSPost2010Prop31
280
     0
102
RTVSPost2010PropOp31
 70
     1
102
RTVSPost2010Prop32
280
     0
102
RTVSPost2010PropOp32
 70
     1
102
RTVSPost2010Prop33
280
     0
102
RTVSPost2010PropOp33
 70
     1
102
RTVSPost2010Prop34
280
     0
102
RTVSPost2010PropOp34
 70
     1
102
RTVSPost2010Prop35
280
     0
102
RTVSPost2010PropOp35
 70
     1
102
RTVSPost2010Prop36
280
     0
102
RTVSPost2010PropOp36
 70
     1
102
RTVSPost2010Prop37
 90
       50
102
RTVSPost2010PropOp37
 70
     1
102
RTVSPost2010Prop38
140
0.0
102
RTVSPost2010PropOp38
 70
     1
102
RTVSPost2010Prop39
140
1.0
102
RTVSPost2010PropOp39
 70
     1
102
RTVSPost2010Prop40
 90
        0
102
RTVSPost2010PropOp40
 70
     1
102
RTVSPost2010Prop41ColorIndex
 90
       18
102
RTVSPost2010Prop41ColorRGB
 90
        0
102
RTVSPost2010PropOp41
 70
     1
102
RTVSPost2010Prop42
 90
       50
102
RTVSPost2010PropOp42
 70
     1
102
RTVSPost2010Prop43
 90
        3
102
RTVSPost2010PropOp43
 70
     1
102
RTVSPost2010Prop44ColorIndex
 90
        5
102
RTVSPost2010Prop44ColorRGB
 90
      255
102
RTVSPost2010PropOp44
 70
     1
102
RTVSPost2010Prop45
280
     0
102
RTVSPost2010PropOp45
 70
     1
102
RTVSPost2010Prop46
 90
       50
102
RTVSPost2010PropOp46
 70
     1
102
RTVSPost2010Prop47
 90
       50
102
RTVSPost2010PropOp47
 70
     1
102
RTVSPost2010Prop48
 90
       50
102
RTVSPost2010PropOp48
 70
     1
102
RTVSPost2010Prop49
280
     0
102
RTVSPost2010PropOp49
 70
     1
102
RTVSPost2010Prop50
 90
       50
102
RTVSPost2010PropOp50
 70
     1
102
RTVSPost2010Prop51ColorIndex
 90
      256
102
RTVSPost2010Prop51ColorRGB
 90
-16777216
102
RTVSPost2010PropOp51
 70
     0
102
RTVSPost2010Prop52
140
1.0
102
RTVSPost2010PropOp52
 70
     0
102
RTVSPost2010Prop53
 90
        2
102
RTVSPost2010PropOp53
 70
     1
102
RTVSPost2010Prop54
  1
strokes_ogs.tif
102
RTVSPost2010PropOp54
 70
     1
102
RTVSPost2010Prop55
280
     0
102
RTVSPost2010PropOp55
 70
     1
102
RTVSPost2010Prop56
140
1.0
102
RTVSPost2010PropOp56
 70
     1
102
RTVSPost2010Prop57
140
1.0
102
RTVSPost2010PropOp57
 70
     1
  0
XRECORD
  5
694
102
{ACAD_REACTORS
330
693
102
}
330
693
100
AcDbXrecord
280
     1
102
RTVSPost2010Prop28
280
     0
102
RTVSPost2010PropOp28
 70
     0
102
RTVSPost2010Prop29
280
     1
102
RTVSPost2010PropOp29
 70
     0
102
RTVSPost2010Prop30
280
     1
102
RTVSPost2010PropOp30
 70
     0
102
RTVSPost2010Prop31
280
     0
102
RTVSPost2010PropOp31
 70
     0
102
RTVSPost2010Prop32
280
     0
102
RTVSPost2010PropOp32
 70
     0
102
RTVSPost2010Prop33
280
     0
102
RTVSPost2010PropOp33
 70
     0
102
RTVSPost2010Prop34
280
     0
102
RTVSPost2010PropOp34
 70
     0
102
RTVSPost2010Prop35
280
     0
102
RTVSPost2010PropOp35
 70
     0
102
RTVSPost2010Prop36
280
     0
102
RTVSPost2010PropOp36
 70
     0
102
RTVSPost2010Prop37
 90
       50
102
RTVSPost2010PropOp37
 70
     0
102
RTVSPost2010Prop38
140
0.0
102
RTVSPost2010PropOp38
 70
     0
102
RTVSPost2010Prop39
140
1.0
102
RTVSPost2010PropOp39
 70
     0
102
RTVSPost2010Prop40
 90
        0
102
RTVSPost2010PropOp40
 70
     0
102
RTVSPost2010Prop41ColorIndex
 90
       18
102
RTVSPost2010Prop41ColorRGB
 90
        0
102
RTVSPost2010PropOp41
 70
     0
102
RTVSPost2010Prop42
 90
       50
102
RTVSPost2010PropOp42
 70
     0
102
RTVSPost2010Prop43
 90
        3
102
RTVSPost2010PropOp43
 70
     0
102
RTVSPost2010Prop44ColorIndex
 90
        5
102
RTVSPost2010Prop44ColorRGB
 90
      255
102
RTVSPost2010PropOp44
 70
     0
102
RTVSPost2010Prop45
280
     0
102
RTVSPost2010PropOp45
 70
     0
102
RTVSPost2010Prop46
 90
       50
102
RTVSPost2010PropOp46
 70
     0
102
RTVSPost2010Prop47
 90
       50
102
RTVSPost2010PropOp47
 70
     0
102
RTVSPost2010Prop48
 90
       50
102
RTVSPost2010PropOp48
 70
     0
102
RTVSPost2010Prop49
280
     0
102
RTVSPost2010PropOp49
 70
     0
102
RTVSPost2010Prop50
 90
       50
102
RTVSPost2010PropOp50
 70
     0
102
RTVSPost2010Prop51ColorIndex
 90
      256
102
RTVSPost2010Prop51ColorRGB
 90
-16777216
102
RTVSPost2010PropOp51
 70
     0
102
RTVSPost2010Prop52
140
1.0
102
RTVSPost2010PropOp52
 70
     0
102
RTVSPost2010Prop53
 90
        2
102
RTVSPost2010PropOp53
 70
     0
102
RTVSPost2010Prop54
  1
strokes_ogs.tif
102
RTVSPost2010PropOp54
 70
     0
102
RTVSPost2010Prop55
280
     0
102
RTVSPost2010PropOp55
 70
     0
102
RTVSPost2010Prop56
140
1.0
102
RTVSPost2010PropOp56
 70
     0
102
RTVSPost2010Prop57
140
1.0
102
RTVSPost2010PropOp57
 70
     0
  0
XRECORD
  5
68C
102
{ACAD_REACTORS
330
68B
102
}
330
68B
100
AcDbXrecord
280
     1
102
RTVSPost2010Prop28
280
     0
102
RTVSPost2010PropOp28
 70
     1
102
RTVSPost2010Prop29
280
     1
102
RTVSPost2010PropOp29
 70
     1
102
RTVSPost2010Prop30
280
     1
102
RTVSPost2010PropOp30
 70
     1
102
RTVSPost2010Prop31
280
     0
102
RTVSPost2010PropOp31
 70
     1
102
RTVSPost2010Prop32
280
     0
102
RTVSPost2010PropOp32
 70
     1
102
RTVSPost2010Prop33
280
     0
102
RTVSPost2010PropOp33
 70
     1
102
RTVSPost2010Prop34
280
     0
102
RTVSPost2010PropOp34
 70
     1
102
RTVSPost2010Prop35
280
     0
102
RTVSPost2010PropOp35
 70
     1
102
RTVSPost2010Prop36
280
     0
102
RTVSPost2010PropOp36
 70
     1
102
RTVSPost2010Prop37
 90
       50
102
RTVSPost2010PropOp37
 70
     1
102
RTVSPost2010Prop38
140
0.0
102
RTVSPost2010PropOp38
 70
     1
102
RTVSPost2010Prop39
140
1.0
102
RTVSPost2010PropOp39
 70
     1
102
RTVSPost2010Prop40
 90
        0
102
RTVSPost2010PropOp40
 70
     1
102
RTVSPost2010Prop41ColorIndex
 90
       18
102
RTVSPost2010Prop41ColorRGB
 90
        0
102
RTVSPost2010PropOp41
 70
     1
102
RTVSPost2010Prop42
 90
       50
102
RTVSPost2010PropOp42
 70
     1
102
RTVSPost2010Prop43
 90
        3
102
RTVSPost2010PropOp43
 70
     1
102
RTVSPost2010Prop44ColorIndex
 90
        5
102
RTVSPost2010Prop44ColorRGB
 90
      255
102
RTVSPost2010PropOp44
 70
     1
102
RTVSPost2010Prop45
280
     0
102
RTVSPost2010PropOp45
 70
     1
102
RTVSPost2010Prop46
 90
       50
102
RTVSPost2010PropOp46
 70
     1
102
RTVSPost2010Prop47
 90
       50
102
RTVSPost2010PropOp47
 70
     1
102
RTVSPost2010Prop48
 90
       50
102
RTVSPost2010PropOp48
 70
     1
102
RTVSPost2010Prop49
280
     0
102
RTVSPost2010PropOp49
 70
     1
102
RTVSPost2010Prop50
 90
       50
102
RTVSPost2010PropOp50
 70
     1
102
RTVSPost2010Prop51ColorIndex
 90
      256
102
RTVSPost2010Prop51ColorRGB
 90
-16777216
102
RTVSPost2010PropOp51
 70
     0
102
RTVSPost2010Prop52
140
1.0
102
RTVSPost2010PropOp52
 70
     0
102
RTVSPost2010Prop53
 90
        2
102
RTVSPost2010PropOp53
 70
     1
102
RTVSPost2010Prop54
  1
strokes_ogs.tif
102
RTVSPost2010PropOp54
 70
     1
102
RTVSPost2010Prop55
280
     0
102
RTVSPost2010PropOp55
 70
     1
102
RTVSPost2010Prop56
140
1.0
102
RTVSPost2010PropOp56
 70
     1
102
RTVSPost2010Prop57
140
1.0
102
RTVSPost2010PropOp57
 70
     1
  0
XRECORD
  5
670
102
{ACAD_REACTORS
330
66F
102
}
330
66F
100
AcDbXrecord
280
     1
102
RTVSPost2010Prop28
280
     0
102
RTVSPost2010PropOp28
 70
     1
102
RTVSPost2010Prop29
280
     1
102
RTVSPost2010PropOp29
 70
     1
102
RTVSPost2010Prop30
280
     1
102
RTVSPost2010PropOp30
 70
     1
102
RTVSPost2010Prop31
280
     0
102
RTVSPost2010PropOp31
 70
     1
102
RTVSPost2010Prop32
280
     0
102
RTVSPost2010PropOp32
 70
     1
102
RTVSPost2010Prop33
280
     0
102
RTVSPost2010PropOp33
 70
     1
102
RTVSPost2010Prop34
280
     0
102
RTVSPost2010PropOp34
 70
     1
102
RTVSPost2010Prop35
280
     0
102
RTVSPost2010PropOp35
 70
     1
102
RTVSPost2010Prop36
280
     0
102
RTVSPost2010PropOp36
 70
     1
102
RTVSPost2010Prop37
 90
       50
102
RTVSPost2010PropOp37
 70
     1
102
RTVSPost2010Prop38
140
0.0
102
RTVSPost2010PropOp38
 70
     1
102
RTVSPost2010Prop39
140
1.0
102
RTVSPost2010PropOp39
 70
     1
102
RTVSPost2010Prop40
 90
        0
102
RTVSPost2010PropOp40
 70
     1
102
RTVSPost2010Prop41ColorIndex
 90
       18
102
RTVSPost2010Prop41ColorRGB
 90
        0
102
RTVSPost2010PropOp41
 70
     1
102
RTVSPost2010Prop42
 90
       50
102
RTVSPost2010PropOp42
 70
     1
102
RTVSPost2010Prop43
 90
        3
102
RTVSPost2010PropOp43
 70
     1
102
RTVSPost2010Prop44ColorIndex
 90
        5
102
RTVSPost2010Prop44ColorRGB
 90
      255
102
RTVSPost2010PropOp44
 70
     1
102
RTVSPost2010Prop45
280
     0
102
RTVSPost2010PropOp45
 70
     1
102
RTVSPost2010Prop46
 90
       50
102
RTVSPost2010PropOp46
 70
     1
102
RTVSPost2010Prop47
 90
       50
102
RTVSPost2010PropOp47
 70
     1
102
RTVSPost2010Prop48
 90
       50
102
RTVSPost2010PropOp48
 70
     1
102
RTVSPost2010Prop49
280
     0
102
RTVSPost2010PropOp49
 70
     1
102
RTVSPost2010Prop50
 90
       50
102
RTVSPost2010PropOp50
 70
     1
102
RTVSPost2010Prop51ColorIndex
 90
      256
102
RTVSPost2010Prop51ColorRGB
 90
-16777216
102
RTVSPost2010PropOp51
 70
     0
102
RTVSPost2010Prop52
140
1.0
102
RTVSPost2010PropOp52
 70
     0
102
RTVSPost2010Prop53
 90
        2
102
RTVSPost2010PropOp53
 70
     1
102
RTVSPost2010Prop54
  1
strokes_ogs.tif
102
RTVSPost2010PropOp54
 70
     1
102
RTVSPost2010Prop55
280
     0
102
RTVSPost2010PropOp55
 70
     1
102
RTVSPost2010Prop56
140
1.0
102
RTVSPost2010PropOp56
 70
     1
102
RTVSPost2010Prop57
140
1.0
102
RTVSPost2010PropOp57
 70
     1
  0
XRECORD
  5
672
102
{ACAD_REACTORS
330
671
102
}
330
671
100
AcDbXrecord
280
     1
102
RTVSPost2010Prop28
280
     0
102
RTVSPost2010PropOp28
 70
     1
102
RTVSPost2010Prop29
280
     1
102
RTVSPost2010PropOp29
 70
     1
102
RTVSPost2010Prop30
280
     1
102
RTVSPost2010PropOp30
 70
     1
102
RTVSPost2010Prop31
280
     0
102
RTVSPost2010PropOp31
 70
     1
102
RTVSPost2010Prop32
280
     0
102
RTVSPost2010PropOp32
 70
     1
102
RTVSPost2010Prop33
280
     0
102
RTVSPost2010PropOp33
 70
     1
102
RTVSPost2010Prop34
280
     0
102
RTVSPost2010PropOp34
 70
     1
102
RTVSPost2010Prop35
280
     0
102
RTVSPost2010PropOp35
 70
     1
102
RTVSPost2010Prop36
280
     0
102
RTVSPost2010PropOp36
 70
     1
102
RTVSPost2010Prop37
 90
       50
102
RTVSPost2010PropOp37
 70
     1
102
RTVSPost2010Prop38
140
0.0
102
RTVSPost2010PropOp38
 70
     1
102
RTVSPost2010Prop39
140
1.0
102
RTVSPost2010PropOp39
 70
     1
102
RTVSPost2010Prop40
 90
        0
102
RTVSPost2010PropOp40
 70
     1
102
RTVSPost2010Prop41ColorIndex
 90
       18
102
RTVSPost2010Prop41ColorRGB
 90
        0
102
RTVSPost2010PropOp41
 70
     1
102
RTVSPost2010Prop42
 90
       50
102
RTVSPost2010PropOp42
 70
     1
102
RTVSPost2010Prop43
 90
        3
102
RTVSPost2010PropOp43
 70
     1
102
RTVSPost2010Prop44ColorIndex
 90
        5
102
RTVSPost2010Prop44ColorRGB
 90
      255
102
RTVSPost2010PropOp44
 70
     1
102
RTVSPost2010Prop45
280
     0
102
RTVSPost2010PropOp45
 70
     1
102
RTVSPost2010Prop46
 90
       50
102
RTVSPost2010PropOp46
 70
     1
102
RTVSPost2010Prop47
 90
       50
102
RTVSPost2010PropOp47
 70
     1
102
RTVSPost2010Prop48
 90
       50
102
RTVSPost2010PropOp48
 70
     1
102
RTVSPost2010Prop49
280
     0
102
RTVSPost2010PropOp49
 70
     1
102
RTVSPost2010Prop50
 90
       50
102
RTVSPost2010PropOp50
 70
     1
102
RTVSPost2010Prop51ColorIndex
 90
      256
102
RTVSPost2010Prop51ColorRGB
 90
-16777216
102
RTVSPost2010PropOp51
 70
     0
102
RTVSPost2010Prop52
140
1.0
102
RTVSPost2010PropOp52
 70
     0
102
RTVSPost2010Prop53
 90
        2
102
RTVSPost2010PropOp53
 70
     1
102
RTVSPost2010Prop54
  1
strokes_ogs.tif
102
RTVSPost2010PropOp54
 70
     1
102
RTVSPost2010Prop55
280
     0
102
RTVSPost2010PropOp55
 70
     1
102
RTVSPost2010Prop56
140
1.0
102
RTVSPost2010PropOp56
 70
     1
102
RTVSPost2010Prop57
140
1.0
102
RTVSPost2010PropOp57
 70
     1
  0
XRECORD
  5
674
102
{ACAD_REACTORS
330
673
102
}
330
673
100
AcDbXrecord
280
     1
102
RTVSPost2010Prop28
280
     0
102
RTVSPost2010PropOp28
 70
     1
102
RTVSPost2010Prop29
280
     1
102
RTVSPost2010PropOp29
 70
     1
102
RTVSPost2010Prop30
280
     1
102
RTVSPost2010PropOp30
 70
     1
102
RTVSPost2010Prop31
280
     0
102
RTVSPost2010PropOp31
 70
     1
102
RTVSPost2010Prop32
280
     0
102
RTVSPost2010PropOp32
 70
     1
102
RTVSPost2010Prop33
280
     0
102
RTVSPost2010PropOp33
 70
     1
102
RTVSPost2010Prop34
280
     0
102
RTVSPost2010PropOp34
 70
     1
102
RTVSPost2010Prop35
280
     0
102
RTVSPost2010PropOp35
 70
     1
102
RTVSPost2010Prop36
280
     0
102
RTVSPost2010PropOp36
 70
     1
102
RTVSPost2010Prop37
 90
       50
102
RTVSPost2010PropOp37
 70
     1
102
RTVSPost2010Prop38
140
0.0
102
RTVSPost2010PropOp38
 70
     1
102
RTVSPost2010Prop39
140
1.0
102
RTVSPost2010PropOp39
 70
     1
102
RTVSPost2010Prop40
 90
        0
102
RTVSPost2010PropOp40
 70
     1
102
RTVSPost2010Prop41ColorIndex
 90
       18
102
RTVSPost2010Prop41ColorRGB
 90
        0
102
RTVSPost2010PropOp41
 70
     1
102
RTVSPost2010Prop42
 90
       50
102
RTVSPost2010PropOp42
 70
     1
102
RTVSPost2010Prop43
 90
        3
102
RTVSPost2010PropOp43
 70
     1
102
RTVSPost2010Prop44ColorIndex
 90
        5
102
RTVSPost2010Prop44ColorRGB
 90
      255
102
RTVSPost2010PropOp44
 70
     1
102
RTVSPost2010Prop45
280
     0
102
RTVSPost2010PropOp45
 70
     1
102
RTVSPost2010Prop46
 90
       50
102
RTVSPost2010PropOp46
 70
     1
102
RTVSPost2010Prop47
 90
       50
102
RTVSPost2010PropOp47
 70
     1
102
RTVSPost2010Prop48
 90
       50
102
RTVSPost2010PropOp48
 70
     1
102
RTVSPost2010Prop49
280
     0
102
RTVSPost2010PropOp49
 70
     1
102
RTVSPost2010Prop50
 90
       50
102
RTVSPost2010PropOp50
 70
     1
102
RTVSPost2010Prop51ColorIndex
 90
      256
102
RTVSPost2010Prop51ColorRGB
 90
-16777216
102
RTVSPost2010PropOp51
 70
     0
102
RTVSPost2010Prop52
140
1.0
102
RTVSPost2010PropOp52
 70
     0
102
RTVSPost2010Prop53
 90
        2
102
RTVSPost2010PropOp53
 70
     1
102
RTVSPost2010Prop54
  1
strokes_ogs.tif
102
RTVSPost2010PropOp54
 70
     1
102
RTVSPost2010Prop55
280
     0
102
RTVSPost2010PropOp55
 70
     1
102
RTVSPost2010Prop56
140
1.0
102
RTVSPost2010PropOp56
 70
     1
102
RTVSPost2010Prop57
140
1.0
102
RTVSPost2010PropOp57
 70
     1
  0
XRECORD
  5
676
102
{ACAD_REACTORS
330
675
102
}
330
675
100
AcDbXrecord
280
     1
102
RTVSPost2010Prop28
280
     0
102
RTVSPost2010PropOp28
 70
     1
102
RTVSPost2010Prop29
280
     1
102
RTVSPost2010PropOp29
 70
     1
102
RTVSPost2010Prop30
280
     1
102
RTVSPost2010PropOp30
 70
     1
102
RTVSPost2010Prop31
280
     0
102
RTVSPost2010PropOp31
 70
     1
102
RTVSPost2010Prop32
280
     0
102
RTVSPost2010PropOp32
 70
     1
102
RTVSPost2010Prop33
280
     0
102
RTVSPost2010PropOp33
 70
     1
102
RTVSPost2010Prop34
280
     0
102
RTVSPost2010PropOp34
 70
     1
102
RTVSPost2010Prop35
280
     0
102
RTVSPost2010PropOp35
 70
     1
102
RTVSPost2010Prop36
280
     0
102
RTVSPost2010PropOp36
 70
     1
102
RTVSPost2010Prop37
 90
       50
102
RTVSPost2010PropOp37
 70
     1
102
RTVSPost2010Prop38
140
0.0
102
RTVSPost2010PropOp38
 70
     1
102
RTVSPost2010Prop39
140
1.0
102
RTVSPost2010PropOp39
 70
     1
102
RTVSPost2010Prop40
 90
        0
102
RTVSPost2010PropOp40
 70
     1
102
RTVSPost2010Prop41ColorIndex
 90
       18
102
RTVSPost2010Prop41ColorRGB
 90
        0
102
RTVSPost2010PropOp41
 70
     1
102
RTVSPost2010Prop42
 90
       50
102
RTVSPost2010PropOp42
 70
     1
102
RTVSPost2010Prop43
 90
        3
102
RTVSPost2010PropOp43
 70
     1
102
RTVSPost2010Prop44ColorIndex
 90
        5
102
RTVSPost2010Prop44ColorRGB
 90
      255
102
RTVSPost2010PropOp44
 70
     1
102
RTVSPost2010Prop45
280
     0
102
RTVSPost2010PropOp45
 70
     1
102
RTVSPost2010Prop46
 90
       50
102
RTVSPost2010PropOp46
 70
     1
102
RTVSPost2010Prop47
 90
       50
102
RTVSPost2010PropOp47
 70
     1
102
RTVSPost2010Prop48
 90
       50
102
RTVSPost2010PropOp48
 70
     1
102
RTVSPost2010Prop49
280
     0
102
RTVSPost2010PropOp49
 70
     1
102
RTVSPost2010Prop50
 90
       50
102
RTVSPost2010PropOp50
 70
     1
102
RTVSPost2010Prop51ColorIndex
 90
      256
102
RTVSPost2010Prop51ColorRGB
 90
-16777216
102
RTVSPost2010PropOp51
 70
     0
102
RTVSPost2010Prop52
140
1.0
102
RTVSPost2010PropOp52
 70
     0
102
RTVSPost2010Prop53
 90
        2
102
RTVSPost2010PropOp53
 70
     1
102
RTVSPost2010Prop54
  1
strokes_ogs.tif
102
RTVSPost2010PropOp54
 70
     1
102
RTVSPost2010Prop55
280
     0
102
RTVSPost2010PropOp55
 70
     1
102
RTVSPost2010Prop56
140
1.0
102
RTVSPost2010PropOp56
 70
     1
102
RTVSPost2010Prop57
140
1.0
102
RTVSPost2010PropOp57
 70
     1
  0
XRECORD
  5
67C
102
{ACAD_REACTORS
330
67B
102
}
330
67B
100
AcDbXrecord
280
     1
102
RTVSPost2010Prop28
280
     0
102
RTVSPost2010PropOp28
 70
     1
102
RTVSPost2010Prop29
280
     1
102
RTVSPost2010PropOp29
 70
     1
102
RTVSPost2010Prop30
280
     1
102
RTVSPost2010PropOp30
 70
     1
102
RTVSPost2010Prop31
280
     0
102
RTVSPost2010PropOp31
 70
     1
102
RTVSPost2010Prop32
280
     0
102
RTVSPost2010PropOp32
 70
     1
102
RTVSPost2010Prop33
280
     0
102
RTVSPost2010PropOp33
 70
     1
102
RTVSPost2010Prop34
280
     0
102
RTVSPost2010PropOp34
 70
     1
102
RTVSPost2010Prop35
280
     0
102
RTVSPost2010PropOp35
 70
     1
102
RTVSPost2010Prop36
280
     0
102
RTVSPost2010PropOp36
 70
     1
102
RTVSPost2010Prop37
 90
       50
102
RTVSPost2010PropOp37
 70
     1
102
RTVSPost2010Prop38
140
0.0
102
RTVSPost2010PropOp38
 70
     1
102
RTVSPost2010Prop39
140
1.0
102
RTVSPost2010PropOp39
 70
     1
102
RTVSPost2010Prop40
 90
        0
102
RTVSPost2010PropOp40
 70
     1
102
RTVSPost2010Prop41ColorIndex
 90
       18
102
RTVSPost2010Prop41ColorRGB
 90
        0
102
RTVSPost2010PropOp41
 70
     1
102
RTVSPost2010Prop42
 90
       50
102
RTVSPost2010PropOp42
 70
     1
102
RTVSPost2010Prop43
 90
        3
102
RTVSPost2010PropOp43
 70
     1
102
RTVSPost2010Prop44ColorIndex
 90
        5
102
RTVSPost2010Prop44ColorRGB
 90
      255
102
RTVSPost2010PropOp44
 70
     1
102
RTVSPost2010Prop45
280
     0
102
RTVSPost2010PropOp45
 70
     1
102
RTVSPost2010Prop46
 90
       50
102
RTVSPost2010PropOp46
 70
     1
102
RTVSPost2010Prop47
 90
       50
102
RTVSPost2010PropOp47
 70
     1
102
RTVSPost2010Prop48
 90
       50
102
RTVSPost2010PropOp48
 70
     1
102
RTVSPost2010Prop49
280
     0
102
RTVSPost2010PropOp49
 70
     1
102
RTVSPost2010Prop50
 90
       50
102
RTVSPost2010PropOp50
 70
     1
102
RTVSPost2010Prop51ColorIndex
 90
      256
102
RTVSPost2010Prop51ColorRGB
 90
-16777216
102
RTVSPost2010PropOp51
 70
     0
102
RTVSPost2010Prop52
140
1.0
102
RTVSPost2010PropOp52
 70
     0
102
RTVSPost2010Prop53
 90
        2
102
RTVSPost2010PropOp53
 70
     1
102
RTVSPost2010Prop54
  1
strokes_ogs.tif
102
RTVSPost2010PropOp54
 70
     1
102
RTVSPost2010Prop55
280
     0
102
RTVSPost2010PropOp55
 70
     1
102
RTVSPost2010Prop56
140
1.0
102
RTVSPost2010PropOp56
 70
     1
102
RTVSPost2010Prop57
140
1.0
102
RTVSPost2010PropOp57
 70
     1
  0
XRECORD
  5
690
102
{ACAD_REACTORS
330
68F
102
}
330
68F
100
AcDbXrecord
280
     1
102
RTVSPost2010Prop28
280
     0
102
RTVSPost2010PropOp28
 70
     0
102
RTVSPost2010Prop29
280
     1
102
RTVSPost2010PropOp29
 70
     0
102
RTVSPost2010Prop30
280
     1
102
RTVSPost2010PropOp30
 70
     0
102
RTVSPost2010Prop31
280
     0
102
RTVSPost2010PropOp31
 70
     0
102
RTVSPost2010Prop32
280
     0
102
RTVSPost2010PropOp32
 70
     0
102
RTVSPost2010Prop33
280
     0
102
RTVSPost2010PropOp33
 70
     0
102
RTVSPost2010Prop34
280
     0
102
RTVSPost2010PropOp34
 70
     0
102
RTVSPost2010Prop35
280
     0
102
RTVSPost2010PropOp35
 70
     0
102
RTVSPost2010Prop36
280
     0
102
RTVSPost2010PropOp36
 70
     0
102
RTVSPost2010Prop37
 90
       50
102
RTVSPost2010PropOp37
 70
     0
102
RTVSPost2010Prop38
140
0.0
102
RTVSPost2010PropOp38
 70
     0
102
RTVSPost2010Prop39
140
1.0
102
RTVSPost2010PropOp39
 70
     0
102
RTVSPost2010Prop40
 90
        0
102
RTVSPost2010PropOp40
 70
     0
102
RTVSPost2010Prop41ColorIndex
 90
       18
102
RTVSPost2010Prop41ColorRGB
 90
        0
102
RTVSPost2010PropOp41
 70
     0
102
RTVSPost2010Prop42
 90
       50
102
RTVSPost2010PropOp42
 70
     0
102
RTVSPost2010Prop43
 90
        3
102
RTVSPost2010PropOp43
 70
     0
102
RTVSPost2010Prop44ColorIndex
 90
        5
102
RTVSPost2010Prop44ColorRGB
 90
      255
102
RTVSPost2010PropOp44
 70
     0
102
RTVSPost2010Prop45
280
     0
102
RTVSPost2010PropOp45
 70
     0
102
RTVSPost2010Prop46
 90
       50
102
RTVSPost2010PropOp46
 70
     0
102
RTVSPost2010Prop47
 90
       50
102
RTVSPost2010PropOp47
 70
     0
102
RTVSPost2010Prop48
 90
       50
102
RTVSPost2010PropOp48
 70
     0
102
RTVSPost2010Prop49
280
     0
102
RTVSPost2010PropOp49
 70
     0
102
RTVSPost2010Prop50
 90
       50
102
RTVSPost2010PropOp50
 70
     0
102
RTVSPost2010Prop51ColorIndex
 90
      256
102
RTVSPost2010Prop51ColorRGB
 90
-16777216
102
RTVSPost2010PropOp51
 70
     0
102
RTVSPost2010Prop52
140
1.0
102
RTVSPost2010PropOp52
 70
     0
102
RTVSPost2010Prop53
 90
        2
102
RTVSPost2010PropOp53
 70
     0
102
RTVSPost2010Prop54
  1
strokes_ogs.tif
102
RTVSPost2010PropOp54
 70
     0
102
RTVSPost2010Prop55
280
     0
102
RTVSPost2010PropOp55
 70
     0
102
RTVSPost2010Prop56
140
1.0
102
RTVSPost2010PropOp56
 70
     0
102
RTVSPost2010Prop57
140
1.0
102
RTVSPost2010PropOp57
 70
     0
  0
XRECORD
  5
68A
102
{ACAD_REACTORS
330
689
102
}
330
689
100
AcDbXrecord
280
     1
102
RTVSPost2010Prop28
280
     0
102
RTVSPost2010PropOp28
 70
     1
102
RTVSPost2010Prop29
280
     1
102
RTVSPost2010PropOp29
 70
     1
102
RTVSPost2010Prop30
280
     1
102
RTVSPost2010PropOp30
 70
     1
102
RTVSPost2010Prop31
280
     0
102
RTVSPost2010PropOp31
 70
     1
102
RTVSPost2010Prop32
280
     0
102
RTVSPost2010PropOp32
 70
     1
102
RTVSPost2010Prop33
280
     0
102
RTVSPost2010PropOp33
 70
     1
102
RTVSPost2010Prop34
280
     0
102
RTVSPost2010PropOp34
 70
     1
102
RTVSPost2010Prop35
280
     0
102
RTVSPost2010PropOp35
 70
     1
102
RTVSPost2010Prop36
280
     0
102
RTVSPost2010PropOp36
 70
     1
102
RTVSPost2010Prop37
 90
       50
102
RTVSPost2010PropOp37
 70
     1
102
RTVSPost2010Prop38
140
0.0
102
RTVSPost2010PropOp38
 70
     1
102
RTVSPost2010Prop39
140
1.0
102
RTVSPost2010PropOp39
 70
     1
102
RTVSPost2010Prop40
 90
        0
102
RTVSPost2010PropOp40
 70
     1
102
RTVSPost2010Prop41ColorIndex
 90
       18
102
RTVSPost2010Prop41ColorRGB
 90
        0
102
RTVSPost2010PropOp41
 70
     1
102
RTVSPost2010Prop42
 90
       50
102
RTVSPost2010PropOp42
 70
     1
102
RTVSPost2010Prop43
 90
        3
102
RTVSPost2010PropOp43
 70
     1
102
RTVSPost2010Prop44ColorIndex
 90
        5
102
RTVSPost2010Prop44ColorRGB
 90
      255
102
RTVSPost2010PropOp44
 70
     1
102
RTVSPost2010Prop45
280
     0
102
RTVSPost2010PropOp45
 70
     1
102
RTVSPost2010Prop46
 90
       50
102
RTVSPost2010PropOp46
 70
     1
102
RTVSPost2010Prop47
 90
       50
102
RTVSPost2010PropOp47
 70
     1
102
RTVSPost2010Prop48
 90
       50
102
RTVSPost2010PropOp48
 70
     1
102
RTVSPost2010Prop49
280
     0
102
RTVSPost2010PropOp49
 70
     1
102
RTVSPost2010Prop50
 90
       50
102
RTVSPost2010PropOp50
 70
     1
102
RTVSPost2010Prop51ColorIndex
 90
      256
102
RTVSPost2010Prop51ColorRGB
 90
-16777216
102
RTVSPost2010PropOp51
 70
     0
102
RTVSPost2010Prop52
140
1.0
102
RTVSPost2010PropOp52
 70
     0
102
RTVSPost2010Prop53
 90
        2
102
RTVSPost2010PropOp53
 70
     1
102
RTVSPost2010Prop54
  1
strokes_ogs.tif
102
RTVSPost2010PropOp54
 70
     1
102
RTVSPost2010Prop55
280
     0
102
RTVSPost2010PropOp55
 70
     1
102
RTVSPost2010Prop56
140
1.0
102
RTVSPost2010PropOp56
 70
     1
102
RTVSPost2010Prop57
140
1.0
102
RTVSPost2010PropOp57
 70
     1
  0
XRECORD
  5
692
102
{ACAD_REACTORS
330
691
102
}
330
691
100
AcDbXrecord
280
     1
102
RTVSPost2010Prop28
280
     0
102
RTVSPost2010PropOp28
 70
     0
102
RTVSPost2010Prop29
280
     1
102
RTVSPost2010PropOp29
 70
     0
102
RTVSPost2010Prop30
280
     1
102
RTVSPost2010PropOp30
 70
     0
102
RTVSPost2010Prop31
280
     0
102
RTVSPost2010PropOp31
 70
     0
102
RTVSPost2010Prop32
280
     0
102
RTVSPost2010PropOp32
 70
     0
102
RTVSPost2010Prop33
280
     0
102
RTVSPost2010PropOp33
 70
     0
102
RTVSPost2010Prop34
280
     0
102
RTVSPost2010PropOp34
 70
     0
102
RTVSPost2010Prop35
280
     0
102
RTVSPost2010PropOp35
 70
     0
102
RTVSPost2010Prop36
280
     0
102
RTVSPost2010PropOp36
 70
     0
102
RTVSPost2010Prop37
 90
       50
102
RTVSPost2010PropOp37
 70
     0
102
RTVSPost2010Prop38
140
0.0
102
RTVSPost2010PropOp38
 70
     0
102
RTVSPost2010Prop39
140
1.0
102
RTVSPost2010PropOp39
 70
     0
102
RTVSPost2010Prop40
 90
        0
102
RTVSPost2010PropOp40
 70
     0
102
RTVSPost2010Prop41ColorIndex
 90
       18
102
RTVSPost2010Prop41ColorRGB
 90
        0
102
RTVSPost2010PropOp41
 70
     0
102
RTVSPost2010Prop42
 90
       50
102
RTVSPost2010PropOp42
 70
     0
102
RTVSPost2010Prop43
 90
        3
102
RTVSPost2010PropOp43
 70
     0
102
RTVSPost2010Prop44ColorIndex
 90
        5
102
RTVSPost2010Prop44ColorRGB
 90
      255
102
RTVSPost2010PropOp44
 70
     0
102
RTVSPost2010Prop45
280
     0
102
RTVSPost2010PropOp45
 70
     0
102
RTVSPost2010Prop46
 90
       50
102
RTVSPost2010PropOp46
 70
     0
102
RTVSPost2010Prop47
 90
       50
102
RTVSPost2010PropOp47
 70
     0
102
RTVSPost2010Prop48
 90
       50
102
RTVSPost2010PropOp48
 70
     0
102
RTVSPost2010Prop49
280
     0
102
RTVSPost2010PropOp49
 70
     0
102
RTVSPost2010Prop50
 90
       50
102
RTVSPost2010PropOp50
 70
     0
102
RTVSPost2010Prop51ColorIndex
 90
      256
102
RTVSPost2010Prop51ColorRGB
 90
-16777216
102
RTVSPost2010PropOp51
 70
     0
102
RTVSPost2010Prop52
140
1.0
102
RTVSPost2010PropOp52
 70
     0
102
RTVSPost2010Prop53
 90
        2
102
RTVSPost2010PropOp53
 70
     0
102
RTVSPost2010Prop54
  1
strokes_ogs.tif
102
RTVSPost2010PropOp54
 70
     0
102
RTVSPost2010Prop55
280
     0
102
RTVSPost2010PropOp55
 70
     0
102
RTVSPost2010Prop56
140
1.0
102
RTVSPost2010PropOp56
 70
     0
102
RTVSPost2010Prop57
140
1.0
102
RTVSPost2010PropOp57
 70
     0
  0
XRECORD
  5
680
102
{ACAD_REACTORS
330
67F
102
}
330
67F
100
AcDbXrecord
280
     1
102
RTVSPost2010Prop28
280
     0
102
RTVSPost2010PropOp28
 70
     1
102
RTVSPost2010Prop29
280
     1
102
RTVSPost2010PropOp29
 70
     1
102
RTVSPost2010Prop30
280
     1
102
RTVSPost2010PropOp30
 70
     1
102
RTVSPost2010Prop31
280
     0
102
RTVSPost2010PropOp31
 70
     1
102
RTVSPost2010Prop32
280
     0
102
RTVSPost2010PropOp32
 70
     1
102
RTVSPost2010Prop33
280
     0
102
RTVSPost2010PropOp33
 70
     1
102
RTVSPost2010Prop34
280
     0
102
RTVSPost2010PropOp34
 70
     1
102
RTVSPost2010Prop35
280
     0
102
RTVSPost2010PropOp35
 70
     1
102
RTVSPost2010Prop36
280
     0
102
RTVSPost2010PropOp36
 70
     1
102
RTVSPost2010Prop37
 90
       50
102
RTVSPost2010PropOp37
 70
     1
102
RTVSPost2010Prop38
140
0.0
102
RTVSPost2010PropOp38
 70
     1
102
RTVSPost2010Prop39
140
1.0
102
RTVSPost2010PropOp39
 70
     1
102
RTVSPost2010Prop40
 90
        0
102
RTVSPost2010PropOp40
 70
     1
102
RTVSPost2010Prop41ColorIndex
 90
       18
102
RTVSPost2010Prop41ColorRGB
 90
        0
102
RTVSPost2010PropOp41
 70
     1
102
RTVSPost2010Prop42
 90
       50
102
RTVSPost2010PropOp42
 70
     1
102
RTVSPost2010Prop43
 90
        3
102
RTVSPost2010PropOp43
 70
     1
102
RTVSPost2010Prop44ColorIndex
 90
        5
102
RTVSPost2010Prop44ColorRGB
 90
      255
102
RTVSPost2010PropOp44
 70
     1
102
RTVSPost2010Prop45
280
     0
102
RTVSPost2010PropOp45
 70
     1
102
RTVSPost2010Prop46
 90
       50
102
RTVSPost2010PropOp46
 70
     1
102
RTVSPost2010Prop47
 90
       50
102
RTVSPost2010PropOp47
 70
     1
102
RTVSPost2010Prop48
 90
       50
102
RTVSPost2010PropOp48
 70
     1
102
RTVSPost2010Prop49
280
     0
102
RTVSPost2010PropOp49
 70
     1
102
RTVSPost2010Prop50
 90
       50
102
RTVSPost2010PropOp50
 70
     1
102
RTVSPost2010Prop51ColorIndex
 90
      256
102
RTVSPost2010Prop51ColorRGB
 90
-16777216
102
RTVSPost2010PropOp51
 70
     0
102
RTVSPost2010Prop52
140
1.0
102
RTVSPost2010PropOp52
 70
     0
102
RTVSPost2010Prop53
 90
        2
102
RTVSPost2010PropOp53
 70
     1
102
RTVSPost2010Prop54
  1
strokes_ogs.tif
102
RTVSPost2010PropOp54
 70
     1
102
RTVSPost2010Prop55
280
     0
102
RTVSPost2010PropOp55
 70
     1
102
RTVSPost2010Prop56
140
1.0
102
RTVSPost2010PropOp56
 70
     1
102
RTVSPost2010Prop57
140
1.0
102
RTVSPost2010PropOp57
 70
     1
  0
XRECORD
  5
69E
102
{ACAD_REACTORS
330
69D
102
}
330
69D
100
AcDbXrecord
280
     1
102
RTVSPost2010Prop28
280
     0
102
RTVSPost2010PropOp28
 70
     1
102
RTVSPost2010Prop29
280
     1
102
RTVSPost2010PropOp29
 70
     1
102
RTVSPost2010Prop30
280
     1
102
RTVSPost2010PropOp30
 70
     1
102
RTVSPost2010Prop31
280
     0
102
RTVSPost2010PropOp31
 70
     1
102
RTVSPost2010Prop32
280
     0
102
RTVSPost2010PropOp32
 70
     1
102
RTVSPost2010Prop33
280
     0
102
RTVSPost2010PropOp33
 70
     1
102
RTVSPost2010Prop34
280
     0
102
RTVSPost2010PropOp34
 70
     1
102
RTVSPost2010Prop35
280
     0
102
RTVSPost2010PropOp35
 70
     1
102
RTVSPost2010Prop36
280
     0
102
RTVSPost2010PropOp36
 70
     1
102
RTVSPost2010Prop37
 90
       50
102
RTVSPost2010PropOp37
 70
     1
102
RTVSPost2010Prop38
140
0.0
102
RTVSPost2010PropOp38
 70
     1
102
RTVSPost2010Prop39
140
1.0
102
RTVSPost2010PropOp39
 70
     1
102
RTVSPost2010Prop40
 90
        0
102
RTVSPost2010PropOp40
 70
     1
102
RTVSPost2010Prop41ColorIndex
 90
       18
102
RTVSPost2010Prop41ColorRGB
 90
        0
102
RTVSPost2010PropOp41
 70
     1
102
RTVSPost2010Prop42
 90
       50
102
RTVSPost2010PropOp42
 70
     1
102
RTVSPost2010Prop43
 90
        3
102
RTVSPost2010PropOp43
 70
     1
102
RTVSPost2010Prop44ColorIndex
 90
        5
102
RTVSPost2010Prop44ColorRGB
 90
      255
102
RTVSPost2010PropOp44
 70
     1
102
RTVSPost2010Prop45
280
     0
102
RTVSPost2010PropOp45
 70
     1
102
RTVSPost2010Prop46
 90
       50
102
RTVSPost2010PropOp46
 70
     1
102
RTVSPost2010Prop47
 90
       50
102
RTVSPost2010PropOp47
 70
     1
102
RTVSPost2010Prop48
 90
       50
102
RTVSPost2010PropOp48
 70
     1
102
RTVSPost2010Prop49
280
     0
102
RTVSPost2010PropOp49
 70
     1
102
RTVSPost2010Prop50
 90
       50
102
RTVSPost2010PropOp50
 70
     1
102
RTVSPost2010Prop51ColorIndex
 90
      256
102
RTVSPost2010Prop51ColorRGB
 90
-16777216
102
RTVSPost2010PropOp51
 70
     0
102
RTVSPost2010Prop52
140
1.0
102
RTVSPost2010PropOp52
 70
     0
102
RTVSPost2010Prop53
 90
        2
102
RTVSPost2010PropOp53
 70
     1
102
RTVSPost2010Prop54
  1
strokes_ogs.tif
102
RTVSPost2010PropOp54
 70
     1
102
RTVSPost2010Prop55
280
     0
102
RTVSPost2010PropOp55
 70
     1
102
RTVSPost2010Prop56
140
1.0
102
RTVSPost2010PropOp56
 70
     1
102
RTVSPost2010Prop57
140
1.0
102
RTVSPost2010PropOp57
 70
     1
  0
XRECORD
  5
69C
102
{ACAD_REACTORS
330
69B
102
}
330
69B
100
AcDbXrecord
280
     1
102
RTVSPost2010Prop28
280
     0
102
RTVSPost2010PropOp28
 70
     1
102
RTVSPost2010Prop29
280
     1
102
RTVSPost2010PropOp29
 70
     1
102
RTVSPost2010Prop30
280
     1
102
RTVSPost2010PropOp30
 70
     1
102
RTVSPost2010Prop31
280
     0
102
RTVSPost2010PropOp31
 70
     1
102
RTVSPost2010Prop32
280
     0
102
RTVSPost2010PropOp32
 70
     1
102
RTVSPost2010Prop33
280
     0
102
RTVSPost2010PropOp33
 70
     1
102
RTVSPost2010Prop34
280
     0
102
RTVSPost2010PropOp34
 70
     1
102
RTVSPost2010Prop35
280
     0
102
RTVSPost2010PropOp35
 70
     1
102
RTVSPost2010Prop36
280
     0
102
RTVSPost2010PropOp36
 70
     1
102
RTVSPost2010Prop37
 90
       50
102
RTVSPost2010PropOp37
 70
     1
102
RTVSPost2010Prop38
140
0.0
102
RTVSPost2010PropOp38
 70
     1
102
RTVSPost2010Prop39
140
1.0
102
RTVSPost2010PropOp39
 70
     1
102
RTVSPost2010Prop40
 90
        0
102
RTVSPost2010PropOp40
 70
     1
102
RTVSPost2010Prop41ColorIndex
 90
       18
102
RTVSPost2010Prop41ColorRGB
 90
        0
102
RTVSPost2010PropOp41
 70
     1
102
RTVSPost2010Prop42
 90
       50
102
RTVSPost2010PropOp42
 70
     1
102
RTVSPost2010Prop43
 90
        3
102
RTVSPost2010PropOp43
 70
     1
102
RTVSPost2010Prop44ColorIndex
 90
        5
102
RTVSPost2010Prop44ColorRGB
 90
      255
102
RTVSPost2010PropOp44
 70
     1
102
RTVSPost2010Prop45
280
     0
102
RTVSPost2010PropOp45
 70
     1
102
RTVSPost2010Prop46
 90
       50
102
RTVSPost2010PropOp46
 70
     1
102
RTVSPost2010Prop47
 90
       50
102
RTVSPost2010PropOp47
 70
     1
102
RTVSPost2010Prop48
 90
       50
102
RTVSPost2010PropOp48
 70
     1
102
RTVSPost2010Prop49
280
     0
102
RTVSPost2010PropOp49
 70
     1
102
RTVSPost2010Prop50
 90
       50
102
RTVSPost2010PropOp50
 70
     1
102
RTVSPost2010Prop51ColorIndex
 90
      256
102
RTVSPost2010Prop51ColorRGB
 90
-16777216
102
RTVSPost2010PropOp51
 70
     0
102
RTVSPost2010Prop52
140
1.0
102
RTVSPost2010PropOp52
 70
     0
102
RTVSPost2010Prop53
 90
        2
102
RTVSPost2010PropOp53
 70
     1
102
RTVSPost2010Prop54
  1
strokes_ogs.tif
102
RTVSPost2010PropOp54
 70
     1
102
RTVSPost2010Prop55
280
     0
102
RTVSPost2010PropOp55
 70
     1
102
RTVSPost2010Prop56
140
1.0
102
RTVSPost2010PropOp56
 70
     1
102
RTVSPost2010Prop57
140
1.0
102
RTVSPost2010PropOp57
 70
     1
  0
XRECORD
  5
696
102
{ACAD_REACTORS
330
695
102
}
330
695
100
AcDbXrecord
280
     1
102
RTVSPost2010Prop28
280
     0
102
RTVSPost2010PropOp28
 70
     1
102
RTVSPost2010Prop29
280
     1
102
RTVSPost2010PropOp29
 70
     1
102
RTVSPost2010Prop30
280
     1
102
RTVSPost2010PropOp30
 70
     1
102
RTVSPost2010Prop31
280
     0
102
RTVSPost2010PropOp31
 70
     1
102
RTVSPost2010Prop32
280
     0
102
RTVSPost2010PropOp32
 70
     1
102
RTVSPost2010Prop33
280
     0
102
RTVSPost2010PropOp33
 70
     1
102
RTVSPost2010Prop34
280
     0
102
RTVSPost2010PropOp34
 70
     1
102
RTVSPost2010Prop35
280
     0
102
RTVSPost2010PropOp35
 70
     1
102
RTVSPost2010Prop36
280
     0
102
RTVSPost2010PropOp36
 70
     1
102
RTVSPost2010Prop37
 90
       50
102
RTVSPost2010PropOp37
 70
     1
102
RTVSPost2010Prop38
140
0.0
102
RTVSPost2010PropOp38
 70
     1
102
RTVSPost2010Prop39
140
1.0
102
RTVSPost2010PropOp39
 70
     1
102
RTVSPost2010Prop40
 90
        0
102
RTVSPost2010PropOp40
 70
     1
102
RTVSPost2010Prop41ColorIndex
 90
       18
102
RTVSPost2010Prop41ColorRGB
 90
        0
102
RTVSPost2010PropOp41
 70
     1
102
RTVSPost2010Prop42
 90
       50
102
RTVSPost2010PropOp42
 70
     1
102
RTVSPost2010Prop43
 90
        3
102
RTVSPost2010PropOp43
 70
     1
102
RTVSPost2010Prop44ColorIndex
 90
        5
102
RTVSPost2010Prop44ColorRGB
 90
      255
102
RTVSPost2010PropOp44
 70
     1
102
RTVSPost2010Prop45
280
     0
102
RTVSPost2010PropOp45
 70
     1
102
RTVSPost2010Prop46
 90
       50
102
RTVSPost2010PropOp46
 70
     1
102
RTVSPost2010Prop47
 90
       50
102
RTVSPost2010PropOp47
 70
     1
102
RTVSPost2010Prop48
 90
       50
102
RTVSPost2010PropOp48
 70
     1
102
RTVSPost2010Prop49
280
     0
102
RTVSPost2010PropOp49
 70
     1
102
RTVSPost2010Prop50
 90
       50
102
RTVSPost2010PropOp50
 70
     1
102
RTVSPost2010Prop51ColorIndex
 90
      256
102
RTVSPost2010Prop51ColorRGB
 90
-16777216
102
RTVSPost2010PropOp51
 70
     0
102
RTVSPost2010Prop52
140
1.0
102
RTVSPost2010PropOp52
 70
     0
102
RTVSPost2010Prop53
 90
        2
102
RTVSPost2010PropOp53
 70
     1
102
RTVSPost2010Prop54
  1
strokes_ogs.tif
102
RTVSPost2010PropOp54
 70
     1
102
RTVSPost2010Prop55
280
     0
102
RTVSPost2010PropOp55
 70
     1
102
RTVSPost2010Prop56
140
1.0
102
RTVSPost2010PropOp56
 70
     1
102
RTVSPost2010Prop57
140
1.0
102
RTVSPost2010PropOp57
 70
     1
  0
XRECORD
  5
698
102
{ACAD_REACTORS
330
697
102
}
330
697
100
AcDbXrecord
280
     1
102
RTVSPost2010Prop28
280
     0
102
RTVSPost2010PropOp28
 70
     1
102
RTVSPost2010Prop29
280
     1
102
RTVSPost2010PropOp29
 70
     1
102
RTVSPost2010Prop30
280
     1
102
RTVSPost2010PropOp30
 70
     1
102
RTVSPost2010Prop31
280
     0
102
RTVSPost2010PropOp31
 70
     1
102
RTVSPost2010Prop32
280
     0
102
RTVSPost2010PropOp32
 70
     1
102
RTVSPost2010Prop33
280
     0
102
RTVSPost2010PropOp33
 70
     1
102
RTVSPost2010Prop34
280
     0
102
RTVSPost2010PropOp34
 70
     1
102
RTVSPost2010Prop35
280
     0
102
RTVSPost2010PropOp35
 70
     1
102
RTVSPost2010Prop36
280
     0
102
RTVSPost2010PropOp36
 70
     1
102
RTVSPost2010Prop37
 90
       50
102
RTVSPost2010PropOp37
 70
     1
102
RTVSPost2010Prop38
140
0.0
102
RTVSPost2010PropOp38
 70
     1
102
RTVSPost2010Prop39
140
1.0
102
RTVSPost2010PropOp39
 70
     1
102
RTVSPost2010Prop40
 90
        0
102
RTVSPost2010PropOp40
 70
     1
102
RTVSPost2010Prop41ColorIndex
 90
       18
102
RTVSPost2010Prop41ColorRGB
 90
        0
102
RTVSPost2010PropOp41
 70
     1
102
RTVSPost2010Prop42
 90
       50
102
RTVSPost2010PropOp42
 70
     1
102
RTVSPost2010Prop43
 90
        3
102
RTVSPost2010PropOp43
 70
     1
102
RTVSPost2010Prop44ColorIndex
 90
        5
102
RTVSPost2010Prop44ColorRGB
 90
      255
102
RTVSPost2010PropOp44
 70
     1
102
RTVSPost2010Prop45
280
     0
102
RTVSPost2010PropOp45
 70
     1
102
RTVSPost2010Prop46
 90
       50
102
RTVSPost2010PropOp46
 70
     1
102
RTVSPost2010Prop47
 90
       50
102
RTVSPost2010PropOp47
 70
     1
102
RTVSPost2010Prop48
 90
       50
102
RTVSPost2010PropOp48
 70
     1
102
RTVSPost2010Prop49
280
     0
102
RTVSPost2010PropOp49
 70
     1
102
RTVSPost2010Prop50
 90
       50
102
RTVSPost2010PropOp50
 70
     1
102
RTVSPost2010Prop51ColorIndex
 90
      256
102
RTVSPost2010Prop51ColorRGB
 90
-16777216
102
RTVSPost2010PropOp51
 70
     0
102
RTVSPost2010Prop52
140
1.0
102
RTVSPost2010PropOp52
 70
     0
102
RTVSPost2010Prop53
 90
        2
102
RTVSPost2010PropOp53
 70
     1
102
RTVSPost2010Prop54
  1
strokes_ogs.tif
102
RTVSPost2010PropOp54
 70
     1
102
RTVSPost2010Prop55
280
     0
102
RTVSPost2010PropOp55
 70
     1
102
RTVSPost2010Prop56
140
1.0
102
RTVSPost2010PropOp56
 70
     1
102
RTVSPost2010Prop57
140
1.0
102
RTVSPost2010PropOp57
 70
     1
  0
XRECORD
  5
688
102
{ACAD_REACTORS
330
687
102
}
330
687
100
AcDbXrecord
280
     1
102
RTVSPost2010Prop28
280
     0
102
RTVSPost2010PropOp28
 70
     1
102
RTVSPost2010Prop29
280
     1
102
RTVSPost2010PropOp29
 70
     1
102
RTVSPost2010Prop30
280
     1
102
RTVSPost2010PropOp30
 70
     1
102
RTVSPost2010Prop31
280
     0
102
RTVSPost2010PropOp31
 70
     1
102
RTVSPost2010Prop32
280
     0
102
RTVSPost2010PropOp32
 70
     1
102
RTVSPost2010Prop33
280
     0
102
RTVSPost2010PropOp33
 70
     1
102
RTVSPost2010Prop34
280
     0
102
RTVSPost2010PropOp34
 70
     1
102
RTVSPost2010Prop35
280
     0
102
RTVSPost2010PropOp35
 70
     1
102
RTVSPost2010Prop36
280
     0
102
RTVSPost2010PropOp36
 70
     1
102
RTVSPost2010Prop37
 90
       50
102
RTVSPost2010PropOp37
 70
     1
102
RTVSPost2010Prop38
140
0.0
102
RTVSPost2010PropOp38
 70
     1
102
RTVSPost2010Prop39
140
1.0
102
RTVSPost2010PropOp39
 70
     1
102
RTVSPost2010Prop40
 90
        0
102
RTVSPost2010PropOp40
 70
     1
102
RTVSPost2010Prop41ColorIndex
 90
       18
102
RTVSPost2010Prop41ColorRGB
 90
        0
102
RTVSPost2010PropOp41
 70
     1
102
RTVSPost2010Prop42
 90
       50
102
RTVSPost2010PropOp42
 70
     1
102
RTVSPost2010Prop43
 90
        3
102
RTVSPost2010PropOp43
 70
     1
102
RTVSPost2010Prop44ColorIndex
 90
        5
102
RTVSPost2010Prop44ColorRGB
 90
      255
102
RTVSPost2010PropOp44
 70
     1
102
RTVSPost2010Prop45
280
     0
102
RTVSPost2010PropOp45
 70
     1
102
RTVSPost2010Prop46
 90
       50
102
RTVSPost2010PropOp46
 70
     1
102
RTVSPost2010Prop47
 90
       50
102
RTVSPost2010PropOp47
 70
     1
102
RTVSPost2010Prop48
 90
       50
102
RTVSPost2010PropOp48
 70
     1
102
RTVSPost2010Prop49
280
     0
102
RTVSPost2010PropOp49
 70
     1
102
RTVSPost2010Prop50
 90
       50
102
RTVSPost2010PropOp50
 70
     1
102
RTVSPost2010Prop51ColorIndex
 90
      256
102
RTVSPost2010Prop51ColorRGB
 90
-16777216
102
RTVSPost2010PropOp51
 70
     0
102
RTVSPost2010Prop52
140
1.0
102
RTVSPost2010PropOp52
 70
     0
102
RTVSPost2010Prop53
 90
        2
102
RTVSPost2010PropOp53
 70
     1
102
RTVSPost2010Prop54
  1
strokes_ogs.tif
102
RTVSPost2010PropOp54
 70
     1
102
RTVSPost2010Prop55
280
     0
102
RTVSPost2010PropOp55
 70
     1
102
RTVSPost2010Prop56
140
1.0
102
RTVSPost2010PropOp56
 70
     1
102
RTVSPost2010Prop57
140
1.0
102
RTVSPost2010PropOp57
 70
     1
  0
XRECORD
  5
67A
102
{ACAD_REACTORS
330
679
102
}
330
679
100
AcDbXrecord
280
     1
102
RTVSPost2010Prop28
280
     0
102
RTVSPost2010PropOp28
 70
     1
102
RTVSPost2010Prop29
280
     1
102
RTVSPost2010PropOp29
 70
     1
102
RTVSPost2010Prop30
280
     1
102
RTVSPost2010PropOp30
 70
     1
102
RTVSPost2010Prop31
280
     0
102
RTVSPost2010PropOp31
 70
     1
102
RTVSPost2010Prop32
280
     0
102
RTVSPost2010PropOp32
 70
     1
102
RTVSPost2010Prop33
280
     0
102
RTVSPost2010PropOp33
 70
     1
102
RTVSPost2010Prop34
280
     0
102
RTVSPost2010PropOp34
 70
     1
102
RTVSPost2010Prop35
280
     0
102
RTVSPost2010PropOp35
 70
     1
102
RTVSPost2010Prop36
280
     0
102
RTVSPost2010PropOp36
 70
     1
102
RTVSPost2010Prop37
 90
       50
102
RTVSPost2010PropOp37
 70
     1
102
RTVSPost2010Prop38
140
0.0
102
RTVSPost2010PropOp38
 70
     1
102
RTVSPost2010Prop39
140
1.0
102
RTVSPost2010PropOp39
 70
     1
102
RTVSPost2010Prop40
 90
        0
102
RTVSPost2010PropOp40
 70
     1
102
RTVSPost2010Prop41ColorIndex
 90
       18
102
RTVSPost2010Prop41ColorRGB
 90
        0
102
RTVSPost2010PropOp41
 70
     1
102
RTVSPost2010Prop42
 90
       50
102
RTVSPost2010PropOp42
 70
     1
102
RTVSPost2010Prop43
 90
        3
102
RTVSPost2010PropOp43
 70
     1
102
RTVSPost2010Prop44ColorIndex
 90
        5
102
RTVSPost2010Prop44ColorRGB
 90
      255
102
RTVSPost2010PropOp44
 70
     1
102
RTVSPost2010Prop45
280
     0
102
RTVSPost2010PropOp45
 70
     1
102
RTVSPost2010Prop46
 90
       50
102
RTVSPost2010PropOp46
 70
     1
102
RTVSPost2010Prop47
 90
       50
102
RTVSPost2010PropOp47
 70
     1
102
RTVSPost2010Prop48
 90
       50
102
RTVSPost2010PropOp48
 70
     1
102
RTVSPost2010Prop49
280
     0
102
RTVSPost2010PropOp49
 70
     1
102
RTVSPost2010Prop50
 90
       50
102
RTVSPost2010PropOp50
 70
     1
102
RTVSPost2010Prop51ColorIndex
 90
      256
102
RTVSPost2010Prop51ColorRGB
 90
-16777216
102
RTVSPost2010PropOp51
 70
     0
102
RTVSPost2010Prop52
140
1.0
102
RTVSPost2010PropOp52
 70
     0
102
RTVSPost2010Prop53
 90
        2
102
RTVSPost2010PropOp53
 70
     1
102
RTVSPost2010Prop54
  1
strokes_ogs.tif
102
RTVSPost2010PropOp54
 70
     1
102
RTVSPost2010Prop55
280
     0
102
RTVSPost2010PropOp55
 70
     1
102
RTVSPost2010Prop56
140
1.0
102
RTVSPost2010PropOp56
 70
     1
102
RTVSPost2010Prop57
140
1.0
102
RTVSPost2010PropOp57
 70
     1
  0
XRECORD
  5
69A
102
{ACAD_REACTORS
330
699
102
}
330
699
100
AcDbXrecord
280
     1
102
RTVSPost2010Prop28
280
     0
102
RTVSPost2010PropOp28
 70
     1
102
RTVSPost2010Prop29
280
     1
102
RTVSPost2010PropOp29
 70
     1
102
RTVSPost2010Prop30
280
     1
102
RTVSPost2010PropOp30
 70
     1
102
RTVSPost2010Prop31
280
     0
102
RTVSPost2010PropOp31
 70
     1
102
RTVSPost2010Prop32
280
     0
102
RTVSPost2010PropOp32
 70
     1
102
RTVSPost2010Prop33
280
     0
102
RTVSPost2010PropOp33
 70
     1
102
RTVSPost2010Prop34
280
     0
102
RTVSPost2010PropOp34
 70
     1
102
RTVSPost2010Prop35
280
     0
102
RTVSPost2010PropOp35
 70
     1
102
RTVSPost2010Prop36
280
     0
102
RTVSPost2010PropOp36
 70
     1
102
RTVSPost2010Prop37
 90
       50
102
RTVSPost2010PropOp37
 70
     1
102
RTVSPost2010Prop38
140
0.0
102
RTVSPost2010PropOp38
 70
     1
102
RTVSPost2010Prop39
140
1.0
102
RTVSPost2010PropOp39
 70
     1
102
RTVSPost2010Prop40
 90
        0
102
RTVSPost2010PropOp40
 70
     1
102
RTVSPost2010Prop41ColorIndex
 90
       18
102
RTVSPost2010Prop41ColorRGB
 90
        0
102
RTVSPost2010PropOp41
 70
     1
102
RTVSPost2010Prop42
 90
       50
102
RTVSPost2010PropOp42
 70
     1
102
RTVSPost2010Prop43
 90
        3
102
RTVSPost2010PropOp43
 70
     1
102
RTVSPost2010Prop44ColorIndex
 90
        5
102
RTVSPost2010Prop44ColorRGB
 90
      255
102
RTVSPost2010PropOp44
 70
     1
102
RTVSPost2010Prop45
280
     0
102
RTVSPost2010PropOp45
 70
     1
102
RTVSPost2010Prop46
 90
       50
102
RTVSPost2010PropOp46
 70
     1
102
RTVSPost2010Prop47
 90
       50
102
RTVSPost2010PropOp47
 70
     1
102
RTVSPost2010Prop48
 90
       50
102
RTVSPost2010PropOp48
 70
     1
102
RTVSPost2010Prop49
280
     0
102
RTVSPost2010PropOp49
 70
     1
102
RTVSPost2010Prop50
 90
       50
102
RTVSPost2010PropOp50
 70
     1
102
RTVSPost2010Prop51ColorIndex
 90
      256
102
RTVSPost2010Prop51ColorRGB
 90
-16777216
102
RTVSPost2010PropOp51
 70
     0
102
RTVSPost2010Prop52
140
1.0
102
RTVSPost2010PropOp52
 70
     0
102
RTVSPost2010Prop53
 90
        2
102
RTVSPost2010PropOp53
 70
     1
102
RTVSPost2010Prop54
  1
strokes_ogs.tif
102
RTVSPost2010PropOp54
 70
     1
102
RTVSPost2010Prop55
280
     0
102
RTVSPost2010PropOp55
 70
     1
102
RTVSPost2010Prop56
140
1.0
102
RTVSPost2010PropOp56
 70
     1
102
RTVSPost2010Prop57
140
1.0
102
RTVSPost2010PropOp57
 70
     1
  0
ENDSEC
  0
EOF
